1787040629633338880,0.89322,1.01038,0.15306,0.57862,-0.20822,0.37732,-0.69244,0.90735,0.06110,-0.03700,
1787040629700006912,0.94196,1.01285,0.13861,0.57122,-0.20161,0.37451,-0.70200,0.95474,0.03545,-0.11634,
1787040629766674944,1.00202,1.01321,0.12158,0.56535,-0.19394,0.37476,-0.70875,1.00297,0.02180,-0.11309,
1787040629833338880,1.08814,1.01190,0.11319,0.56127,-0.18447,0.37568,-0.71401,1.09184,-0.02678,0.02879,
1787040629900006912,1.17696,1.00566,0.11907,0.56051,-0.17050,0.37905,-0.71630,1.11095,-0.11742,0.25535,
1787040629966672896,1.25126,0.98991,0.13357,0.55602,-0.16146,0.38846,-0.71685,1.03676,-0.20643,0.32929,
1787040630033339904,1.33008,0.96997,0.15206,0.54508,-0.15557,0.39903,-0.72074,0.95648,-0.29932,0.33981,
1787040630100006144,1.40230,0.94964,0.17130,0.53307,-0.14814,0.40731,-0.72663,0.92176,-0.36315,0.19183,
1787040630166671872,1.47855,0.92214,0.17174,0.52631,-0.13521,0.41766,-0.72820,0.95960,-0.42456,-0.01704,
1787040630233339136,1.55948,0.89049,0.15873,0.52457,-0.11961,0.42571,-0.72752,1.03924,-0.45946,-0.15531,
1787040630300007168,1.65670,0.85908,0.14204,0.52309,-0.10860,0.43207,-0.72657,1.15796,-0.46875,-0.20291,
1787040630366672128,1.74556,0.82613,0.12344,0.52159,-0.10528,0.43345,-0.72731,1.23846,-0.48841,-0.11363,
1787040630433339136,1.83009,0.79324,0.12091,0.52009,-0.10992,0.43067,-0.72934,1.27007,-0.52143,0.04499,
1787040630500005120,1.92099,0.75907,0.12201,0.52223,-0.12053,0.43098,-0.72595,1.27737,-0.49421,0.19709,
1787040630566673920,2.00441,0.72817,0.13989,0.52330,-0.12950,0.42685,-0.72608,1.22956,-0.43980,0.37056,
1787040630633338880,2.10024,0.69889,0.15479,0.52003,-0.14143,0.42663,-0.72633,1.29405,-0.39326,0.35776,
1787040630700007936,2.18868,0.67375,0.17117,0.51665,-0.15708,0.42485,-0.72656,1.31444,-0.35858,0.16427,
1787040630766671872,2.28486,0.65003,0.16320,0.51864,-0.16934,0.41605,-0.72749,1.36139,-0.36101,-0.02755,
1787040630833339904,2.37253,0.62678,0.14639,0.52284,-0.18113,0.40904,-0.72562,1.40913,-0.40593,-0.19993,
1787040630900005120,2.48698,0.59593,0.12696,0.52710,-0.18766,0.40889,-0.72094,1.49693,-0.41518,-0.23069,
1787040630966671104,2.56947,0.57547,0.11068,0.53267,-0.19514,0.40682,-0.71602,1.52805,-0.38643,-0.10342,
1787040631033339904,2.67432,0.54679,0.11241,0.53634,-0.20003,0.40632,-0.71221,1.54843,-0.44542,0.16168,
1787040631100006144,2.77199,0.51642,0.12106,0.53599,-0.20650,0.41538,-0.70536,1.46936,-0.50976,0.25737,
1787040631166671872,2.86443,0.47963,0.14048,0.53617,-0.20354,0.42129,-0.70257,1.35837,-0.60147,0.32638,
1787040631233338112,2.95106,0.43826,0.15145,0.53620,-0.19889,0.43305,-0.69670,1.29846,-0.60480,0.19082,
1787040631300007168,3.02974,0.39642,0.15884,0.53842,-0.19026,0.43621,-0.69543,1.24260,-0.61654,-0.02953,
1787040631366672128,3.12068,0.34959,0.14557,0.54161,-0.17664,0.43410,-0.69786,1.30000,-0.62591,-0.21643,
1787040631433339136,3.20082,0.31121,0.13013,0.54537,-0.17339,0.42765,-0.69973,1.34672,-0.64209,-0.27605,
1787040631500006912,3.27550,0.26785,0.11301,0.55343,-0.17209,0.42088,-0.69783,1.35772,-0.66500,-0.14941,
1787040631566672128,3.36606,0.22681,0.10884,0.56220,-0.17815,0.40845,-0.69668,1.38506,-0.64625,0.04220,
1787040631633337856,3.45840,0.18641,0.11666,0.57601,-0.18961,0.39497,-0.69011,1.36386,-0.54442,0.24094,
1787040631700006912,3.53811,0.15489,0.13695,0.58843,-0.19684,0.38109,-0.68540,1.38909,-0.48177,0.37141,
1787040631766673152,3.63169,0.12286,0.15725,0.59666,-0.20994,0.38395,-0.67268,1.42677,-0.42635,0.27936,
1787040631833338880,3.72778,0.09369,0.16489,0.59900,-0.22551,0.38992,-0.66204,1.43270,-0.38481,0.03040,
1787040631900006144,3.83557,0.06190,0.15436,0.60043,-0.23752,0.39410,-0.65403,1.52695,-0.40785,-0.20222,
1787040631966672896,3.94729,0.03078,0.13192,0.59532,-0.25200,0.40844,-0.64441,1.56565,-0.38387,-0.30304,
1787040632033339136,4.06074,0.00106,0.11160,0.59155,-0.25719,0.41237,-0.64334,1.57909,-0.36060,-0.18967,
1787040632100006144,4.18368,-0.02996,0.10513,0.58944,-0.25430,0.40635,-0.65021,1.60907,-0.40083,0.02211,
1787040632166671872,4.28619,-0.05767,0.11254,0.58362,-0.24660,0.41192,-0.65491,1.56364,-0.45000,0.17864,
1787040632233338112,4.38109,-0.08539,0.12911,0.58308,-0.24390,0.41226,-0.65618,1.45457,-0.46517,0.31656,
1787040632300005888,4.48323,-0.12110,0.14879,0.58498,-0.24262,0.42165,-0.64896,1.39380,-0.51343,0.26677,
1787040632366671104,4.57055,-0.15196,0.16084,0.58848,-0.23515,0.42713,-0.64495,1.33284,-0.44416,0.07319,
1787040632433339136,4.65671,-0.17892,0.16065,0.59290,-0.22765,0.41951,-0.64857,1.35404,-0.37567,-0.11077,
1787040632500005120,4.74439,-0.20548,0.14880,0.59853,-0.22535,0.40335,-0.65443,1.41592,-0.38318,-0.22724,
1787040632566673152,4.84430,-0.23637,0.13358,0.60538,-0.22341,0.38812,-0.65800,1.47052,-0.42841,-0.16832,
1787040632633338880,4.94378,-0.26514,0.12497,0.61373,-0.23029,0.37695,-0.65438,1.52805,-0.43633,-0.06829,
1787040632700005888,5.04007,-0.29114,0.12485,0.62457,-0.24091,0.36399,-0.64760,1.53917,-0.36495,0.09830,
1787040632766673152,5.13716,-0.31204,0.13956,0.63449,-0.25546,0.35264,-0.63860,1.53453,-0.27429,0.35595,
1787040632833338112,5.24271,-0.33117,0.16385,0.63873,-0.27194,0.36122,-0.62257,1.57542,-0.24110,0.37623,
1787040632900006144,5.35577,-0.34883,0.17910,0.63688,-0.28870,0.37531,-0.60843,1.50763,-0.18125,0.12820,
1787040632966671872,5.46052,-0.36273,0.17942,0.64061,-0.29858,0.36488,-0.60607,1.49632,-0.15384,-0.11396,
1787040633033339136,5.56964,-0.37453,0.16643,0.65013,-0.30290,0.35085,-0.60207,1.55154,-0.17700,-0.27472,
1787040633100007168,5.67704,-0.38628,0.15094,0.66337,-0.29950,0.33864,-0.59629,1.61042,-0.17453,-0.19802,
1787040633166671872,5.78963,-0.39896,0.14645,0.67092,-0.29798,0.33929,-0.58818,1.64649,-0.18698,0.02781,
1787040633233339136,5.90062,-0.41373,0.15791,0.67496,-0.29139,0.34168,-0.58547,1.62100,-0.23264,0.26107,
1787040633300005888,6.00523,-0.43155,0.17571,0.67297,-0.28988,0.35138,-0.58277,1.53268,-0.28026,0.34328,
1787040633366672128,6.11121,-0.45409,0.19728,0.66926,-0.28982,0.36617,-0.57794,1.52082,-0.37171,0.32703,
1787040633433339136,6.21675,-0.47855,0.20823,0.66209,-0.28966,0.38702,-0.57267,1.52503,-0.35108,0.10997,
1787040633500005888,6.32380,-0.50368,0.20474,0.65185,-0.29029,0.40397,-0.57239,1.56367,-0.35766,-0.13774,
1787040633566673152,6.42573,-0.52886,0.18856,0.63855,-0.29206,0.42217,-0.57334,1.59814,-0.36196,-0.26307,
1787040633633338880,6.53456,-0.55345,0.16970,0.63133,-0.29141,0.42636,-0.57855,1.59428,-0.36512,-0.20677,
1787040633700005888,6.64169,-0.57805,0.16243,0.62619,-0.29688,0.42808,-0.58008,1.58463,-0.35096,-0.07310,
1787040633766673152,6.74794,-0.59841,0.16209,0.62541,-0.30214,0.42112,-0.58330,1.65229,-0.29184,0.08895,
1787040633833338112,6.85716,-0.61328,0.17336,0.62387,-0.31336,0.42228,-0.57816,1.56911,-0.18045,0.33004,
1787040633900006912,6.96513,-0.62499,0.20069,0.62418,-0.31911,0.42472,-0.57287,1.53634,-0.11635,0.39534,
1787040633966672896,7.05101,-0.62931,0.21612,0.62602,-0.32255,0.42083,-0.57180,1.43243,-0.03322,0.20365,
1787040634033339136,7.14475,-0.63176,0.22335,0.63083,-0.32236,0.40099,-0.58081,1.47271,-0.02084,-0.04165,
1787040634100007168,7.24476,-0.63677,0.21625,0.63699,-0.31764,0.38507,-0.58743,1.49754,-0.05832,-0.21479,
1787040634166671872,7.34819,-0.64299,0.19782,0.64291,-0.30742,0.37066,-0.59562,1.59371,-0.05740,-0.18754,
1787040634233338112,7.46779,-0.64964,0.18547,0.64385,-0.30153,0.37114,-0.59732,1.65456,-0.06346,-0.01122,
1787040634300004864,7.57193,-0.65685,0.18677,0.64060,-0.29594,0.37784,-0.59941,1.62085,-0.09127,0.14556,
1787040634366672128,7.67758,-0.66519,0.20080,0.63773,-0.28827,0.38868,-0.59927,1.53163,-0.14016,0.26839,
1787040634433339136,7.79209,-0.67645,0.21805,0.64031,-0.28401,0.39116,-0.59693,1.58946,-0.16756,0.34565,
1787040634500005888,7.89185,-0.68641,0.23425,0.63974,-0.29105,0.40509,-0.58475,1.51413,-0.17193,0.18416,
1787040634566670848,8.00019,-0.69874,0.23304,0.64268,-0.28840,0.41289,-0.57733,1.49296,-0.14640,-0.04983,
1787040634633338880,8.09793,-0.71031,0.21872,0.64392,-0.28741,0.41430,-0.57543,1.57638,-0.14504,-0.23277,
1787040634700005888,8.20397,-0.72134,0.19797,0.64092,-0.29341,0.42128,-0.57067,1.62837,-0.18240,-0.30951,
1787040634766671872,8.31234,-0.73328,0.18147,0.63833,-0.29481,0.42816,-0.56772,1.67719,-0.17866,-0.12892,
1787040634833339904,8.43427,-0.74935,0.17415,0.63729,-0.30416,0.42412,-0.56699,1.67807,-0.16336,0.05260,
1787040634900006144,8.54499,-0.75792,0.18922,0.64332,-0.30313,0.41769,-0.56549,1.57854,-0.10015,0.27171,
1787040634966672896,8.65931,-0.76809,0.21015,0.65046,-0.30083,0.41437,-0.56098,1.61293,-0.02567,0.37119,
1787040635033340928,8.75956,-0.76611,0.23266,0.65527,-0.30253,0.41346,-0.55511,1.54057,0.07622,0.25531,
1787040635100006144,8.87287,-0.76700,0.23511,0.65923,-0.30224,0.39963,-0.56068,1.55908,0.12585,0.00604,
1787040635166672896,8.98097,-0.75964,0.22480,0.65851,-0.30715,0.38552,-0.56867,1.63996,0.10309,-0.20705,
1787040635233339904,9.10832,-0.76335,0.19680,0.65793,-0.30769,0.37455,-0.57634,1.68046,0.07824,-0.27514,
1787040635300007168,9.21822,-0.75891,0.18360,0.65744,-0.30796,0.37081,-0.57916,1.71703,0.05397,-0.12442,
1787040635366672128,9.32834,-0.76922,0.17175,0.65691,-0.29958,0.37220,-0.58326,1.67470,0.00056,0.07442,
1787040635433340160,9.43828,-0.77084,0.18463,0.65345,-0.29210,0.37706,-0.58780,1.63261,-0.05454,0.22372,
1787040635500005120,9.57502,-0.78260,0.18970,0.64810,-0.29572,0.38854,-0.58442,1.71030,-0.12769,0.29992,
1787040635566673152,9.68805,-0.79000,0.20235,0.63618,-0.31032,0.41698,-0.57019,1.71625,-0.16655,0.12140,
1787040635633337856,9.79515,-0.80727,0.19404,0.62389,-0.31590,0.44635,-0.55834,1.64894,-0.15963,-0.13925,
1787040635700005120,9.92102,-0.81969,0.17518,0.61887,-0.31369,0.45878,-0.55509,1.64012,-0.10869,-0.28981,
1787040635766671872,10.05476,-0.82708,0.14922,0.61861,-0.31538,0.45686,-0.55599,1.69975,-0.09881,-0.34035,
1787040635833338880,10.16982,-0.83421,0.13095,0.61753,-0.31717,0.45491,-0.55778,1.74356,-0.12075,-0.22873,
1787040635900006912,10.28606,-0.83991,0.12130,0.61885,-0.32236,0.45256,-0.55524,1.74602,-0.05753,-0.06996,
1787040635966671872,10.40446,-0.84351,0.11818,0.62343,-0.33375,0.44603,-0.54864,1.70282,0.03256,0.12474,
1787040636033339136,10.51977,-0.83905,0.13168,0.62413,-0.34439,0.44581,-0.54140,1.71302,0.09740,0.27288,
1787040636100007168,10.63699,-0.83344,0.14885,0.61900,-0.35816,0.45232,-0.53289,1.63641,0.16697,0.22175,
1787040636166673920,10.77286,-0.82072,0.15690,0.61867,-0.36718,0.44260,-0.53528,1.60974,0.19169,0.01005,
1787040636233339136,10.86567,-0.81291,0.15322,0.62764,-0.36555,0.42431,-0.54074,1.57735,0.14503,-0.18622,
1787040636300007168,10.97701,-0.80245,0.13578,0.64399,-0.35181,0.40314,-0.54679,1.58500,0.12119,-0.26860,
1787040636366673920,11.09348,-0.79618,0.12045,0.65843,-0.33526,0.38715,-0.55153,1.66478,0.11338,-0.18061,
1787040636433339136,11.19785,-0.79111,0.11623,0.66702,-0.32022,0.38220,-0.55359,1.70737,0.09556,0.01762,
1787040636500005888,11.32100,-0.78559,0.12303,0.66861,-0.31408,0.38516,-0.55314,1.73468,0.05342,0.15799,
1787040636566673152,11.44060,-0.78498,0.13823,0.67094,-0.31395,0.38510,-0.55044,1.69940,-0.05560,0.25795,
1787040636633337856,11.55233,-0.79281,0.15442,0.67004,-0.31549,0.40183,-0.53856,1.63226,-0.13834,0.17171,
1787040636700005888,11.65495,-0.80353,0.16108,0.67227,-0.31037,0.41240,-0.53070,1.54772,-0.12708,-0.02846,
1787040636766673152,11.75852,-0.81336,0.15419,0.67424,-0.30198,0.41558,-0.53057,1.58473,-0.11872,-0.21839,
1787040636833338880,11.86467,-0.82215,0.13461,0.67335,-0.29671,0.41858,-0.53231,1.63921,-0.11979,-0.32500,
1787040636900006144,11.97278,-0.83246,0.11304,0.66860,-0.29569,0.42220,-0.53599,1.70918,-0.14810,-0.25074,
1787040636966674176,12.08654,-0.84161,0.10155,0.66082,-0.30048,0.42641,-0.53963,1.71272,-0.11299,-0.09004,
1787040637033339136,12.19739,-0.84785,0.10334,0.65601,-0.30987,0.42094,-0.54447,1.68717,-0.05543,0.09099,
1787040637100006144,12.31316,-0.84851,0.11558,0.65363,-0.31316,0.41469,-0.55021,1.71846,-0.00600,0.27782,
1787040637166672896,12.44383,-0.84433,0.13411,0.64714,-0.32308,0.42861,-0.54141,1.68893,0.06116,0.26531,
1787040637233339136,12.54311,-0.83928,0.14932,0.64409,-0.32700,0.42660,-0.54428,1.54864,0.12451,0.07573,
1787040637300004864,12.64529,-0.83147,0.14616,0.64504,-0.32778,0.40744,-0.55720,1.59939,0.13535,-0.17030,
1787040637366672128,12.75821,-0.82331,0.13058,0.64538,-0.32778,0.39790,-0.56367,1.64763,0.11781,-0.28145,
1787040637433337856,12.87389,-0.81874,0.11402,0.64695,-0.31966,0.39080,-0.57145,1.70320,0.08329,-0.23865,
1787040637500006912,12.98587,-0.81460,0.10532,0.64627,-0.30927,0.39546,-0.57472,1.69076,0.07526,-0.06881,
1787040637566673920,13.10062,-0.81223,0.11016,0.64244,-0.29804,0.39921,-0.58230,1.69046,0.04236,0.15385,
1787040637633338880,13.20489,-0.81140,0.12512,0.63952,-0.29288,0.40149,-0.58655,1.62554,0.00361,0.27743,
1787040637700006912,13.30925,-0.81507,0.14636,0.63755,-0.29927,0.40775,-0.58112,1.60979,-0.08393,0.26564,
1787040637766673152,13.41720,-0.82165,0.15564,0.63864,-0.29810,0.41785,-0.57331,1.55724,-0.10383,0.03512,
1787040637833338880,13.51538,-0.82852,0.15230,0.64343,-0.28976,0.42137,-0.56963,1.57920,-0.09281,-0.17686,
1787040637900006144,13.64277,-0.83442,0.13286,0.64843,-0.28458,0.42449,-0.56424,1.65193,-0.07899,-0.29005,
1787040637966671872,13.75244,-0.83893,0.11466,0.65596,-0.27890,0.41867,-0.56272,1.65486,-0.07691,-0.23513,
1787040638033338112,13.86591,-0.84213,0.10305,0.66247,-0.27936,0.41226,-0.55958,1.67568,-0.04445,-0.10287,
1787040638100007168,13.97624,-0.84491,0.10344,0.66982,-0.27983,0.39673,-0.56182,1.65241,-0.02862,0.07514,
1787040638166671872,14.09349,-0.84696,0.11488,0.67692,-0.28215,0.39195,-0.55547,1.67036,0.02306,0.26506,
1787040638233339136,14.22500,-0.84288,0.13341,0.67617,-0.28886,0.39809,-0.54851,1.69438,0.08916,0.31370,
1787040638300007168,14.33635,-0.83387,0.14848,0.67265,-0.29783,0.39939,-0.54710,1.59769,0.15429,0.16631,
1787040638366672128,14.43648,-0.82417,0.15574,0.67296,-0.30280,0.38363,-0.55521,1.60640,0.15142,-0.07388,
1787040638433339136,14.54392,-0.81720,0.14569,0.67463,-0.30403,0.37497,-0.55842,1.64582,0.11615,-0.26388,
1787040638500005888,14.67899,-0.80907,0.12553,0.67765,-0.29594,0.36727,-0.56421,1.68657,0.10024,-0.26206,
1787040638566672128,14.79041,-0.80556,0.11259,0.67686,-0.28622,0.36907,-0.56898,1.71495,0.07617,-0.09694,
1787040638633338880,14.91569,-0.80291,0.11498,0.67329,-0.27175,0.37450,-0.57670,1.72487,0.06251,0.14725,
1787040638700005888,15.02693,-0.79665,0.12845,0.66723,-0.26724,0.38345,-0.57996,1.66239,0.02675,0.25578,
1787040638766673152,15.17160,-0.79299,0.14472,0.66375,-0.26763,0.38657,-0.58171,1.68097,-0.03077,0.30043,
1787040638833338880,15.25115,-0.79734,0.16067,0.65932,-0.26674,0.39689,-0.58020,1.61503,-0.03550,0.13798,
1787040638900008960,15.36516,-0.79712,0.16180,0.65424,-0.26545,0.40356,-0.58194,1.62212,0.00382,-0.06893,
1787040638966672896,15.48594,-0.79106,0.15048,0.65114,-0.26758,0.40149,-0.58585,1.66198,0.02139,-0.22799,
1787040639033338112,15.58968,-0.78986,0.13437,0.65350,-0.26624,0.39275,-0.58974,1.67404,-0.03762,-0.27789,
1787040639100004864,15.69829,-0.79084,0.12015,0.66229,-0.26046,0.38475,-0.58780,1.74032,-0.06079,-0.13495,
1787040639166672896,15.81271,-0.78812,0.11227,0.67401,-0.26430,0.37451,-0.57931,1.74760,-0.03353,0.01541,
1787040639233339136,15.92494,-0.78613,0.12016,0.69215,-0.27236,0.36164,-0.56210,1.71605,0.03206,0.20727,
1787040639300005888,16.05772,-0.77743,0.13514,0.70448,-0.28188,0.35542,-0.54583,1.78461,0.06601,0.33087,
1787040639366672128,16.19323,-0.77144,0.15320,0.70780,-0.29437,0.36674,-0.52714,1.74781,0.11089,0.24147,
1787040639433340160,16.29693,-0.76752,0.16549,0.71544,-0.29787,0.36113,-0.51866,1.65791,0.15939,0.02597,
1787040639500005120,16.43386,-0.75930,0.16433,0.72460,-0.30116,0.34184,-0.51710,1.76067,0.18386,-0.17624,
1787040639566673152,16.59184,-0.74702,0.15200,0.72897,-0.30759,0.33177,-0.51373,1.88256,0.18263,-0.26023,
1787040639633337856,16.72648,-0.74091,0.14050,0.72918,-0.31268,0.33303,-0.50953,1.94078,0.14411,-0.13439,
1787040639700005888,16.85591,-0.73721,0.13765,0.72474,-0.31035,0.34432,-0.50979,1.87509,0.09021,0.08859,
1787040639766673920,16.97445,-0.74278,0.15049,0.71803,-0.30621,0.35131,-0.51696,1.83746,0.01638,0.23105,
1787040639833338880,17.10744,-0.75137,0.16725,0.70903,-0.30635,0.36080,-0.52274,1.79904,-0.08533,0.33759,
1787040639900006912,17.22952,-0.75598,0.18582,0.69791,-0.30504,0.37707,-0.52697,1.74980,-0.14898,0.22050,
1787040639966672896,17.35546,-0.76279,0.19105,0.68737,-0.29680,0.39047,-0.53569,1.72525,-0.13459,-0.00566,
1787040640033338112,17.45509,-0.76812,0.18707,0.68170,-0.28363,0.39253,-0.54842,1.72833,-0.10487,-0.19343,
1787040640100006144,17.56916,-0.77144,0.17176,0.67635,-0.27521,0.38828,-0.56218,1.76987,-0.09061,-0.26063,
1787040640166672896,17.70660,-0.76617,0.15988,0.67225,-0.27044,0.37974,-0.57510,1.85928,-0.11143,-0.13561,
1787040640233338112,17.82071,-0.76673,0.15665,0.66874,-0.26881,0.37534,-0.58279,1.83851,-0.07402,0.00312,
1787040640300004864,17.94070,-0.76581,0.16490,0.67049,-0.26851,0.36336,-0.58848,1.82892,-0.03331,0.17796,
1787040640366672128,18.05892,-0.76877,0.18435,0.67702,-0.25927,0.34931,-0.59364,1.82254,0.00909,0.38139,
1787040640433340160,18.19200,-0.76855,0.20529,0.67225,-0.25783,0.35916,-0.59381,1.89310,0.05301,0.34040,
1787040640500008192,18.34339,-0.75645,0.21824,0.65806,-0.26265,0.37364,-0.59863,1.88916,0.12440,0.08507,
1787040640566672128,18.46411,-0.74233,0.21659,0.64844,-0.26576,0.36980,-0.61003,1.89149,0.14162,-0.15124,
1787040640633339904,18.58681,-0.72970,0.20151,0.64154,-0.26245,0.36762,-0.61999,1.88312,0.13762,-0.28558,
1787040640700006912,18.72394,-0.71391,0.18557,0.63870,-0.25153,0.36103,-0.63123,1.92564,0.16370,-0.15489,
1787040640766674944,18.85251,-0.70050,0.17996,0.63677,-0.24130,0.35827,-0.63870,1.91253,0.13896,0.05529,
1787040640833338880,18.97975,-0.68861,0.18704,0.62892,-0.23154,0.36141,-0.64825,1.90399,0.10096,0.22884,
1787040640900005120,19.10138,-0.67872,0.20319,0.62105,-0.22890,0.35942,-0.65781,1.85686,0.02609,0.36419,
1787040640966671872,19.23675,-0.67393,0.22400,0.61275,-0.23221,0.36957,-0.65881,1.84045,-0.05858,0.33303,
1787040641033339136,19.35864,-0.68278,0.23956,0.60551,-0.23062,0.37914,-0.66063,1.80238,-0.08196,0.08168,
1787040641100007168,19.49034,-0.68088,0.23423,0.60243,-0.22294,0.38469,-0.66287,1.83194,-0.07123,-0.14490,
1787040641166672896,19.60805,-0.68238,0.21934,0.60151,-0.21509,0.38623,-0.66539,1.86690,-0.06292,-0.25773,
1787040641233339904,19.73693,-0.68831,0.20290,0.60046,-0.20861,0.38080,-0.67151,1.94194,-0.10667,-0.19591,
1787040641300005888,19.87894,-0.69027,0.19161,0.59939,-0.21149,0.38685,-0.66809,2.06926,-0.12494,-0.04749,
1787040641366672128,20.01307,-0.70001,0.18889,0.60035,-0.23154,0.39938,-0.65304,2.16196,-0.13364,0.09079,
1787040641433337856,20.15777,-0.70556,0.19820,0.60317,-0.25114,0.41745,-0.63154,2.12572,-0.06624,0.28973,
1787040641500006912,20.29702,-0.70100,0.20827,0.59791,-0.27744,0.43796,-0.61133,2.10360,-0.00486,0.28373,
1787040641566673152,20.44423,-0.69185,0.21184,0.59348,-0.30096,0.45305,-0.59326,2.03800,0.02317,0.06591,
1787040641633337856,20.57852,-0.68516,0.20455,0.59790,-0.31279,0.45598,-0.58031,2.00131,0.01488,-0.15240,
1787040641700006912,20.70901,-0.68199,0.19183,0.61765,-0.31750,0.44817,-0.56289,1.93361,0.01163,-0.28385,
1787040641766673152,20.81650,-0.68100,0.17881,0.65736,-0.30684,0.42559,-0.54093,1.88572,-0.01597,-0.22318,
1787040641833338112,20.94310,-0.68708,0.17405,0.67539,-0.29010,0.41286,-0.53781,1.87958,-0.07481,-0.06686,
1787040641900006144,21.08310,-0.69959,0.17956,0.67743,-0.26541,0.41544,-0.54594,1.92452,-0.17937,0.13345,
1787040641966674176,21.21731,-0.71647,0.19340,0.68816,-0.24846,0.41379,-0.54174,1.85464,-0.22449,0.27419,
1787040642033339136,21.32923,-0.73059,0.22505,0.69663,-0.24879,0.41876,-0.52674,1.89109,-0.29456,0.33870,
1787040642100006144,21.51358,-0.72313,0.24408,0.69992,-0.25165,0.43009,-0.51167,1.88720,-0.23460,0.15851,
1787040642166671872,21.59460,-0.77775,0.23949,0.70878,-0.24311,0.42670,-0.50642,1.81178,-0.27887,-0.09781,
1787040642233339136,21.70905,-0.80134,0.22734,0.71413,-0.23395,0.42510,-0.50455,1.84125,-0.28725,-0.24809,
1787040642300005888,21.85506,-0.82381,0.20990,0.71560,-0.22985,0.41650,-0.51149,1.87125,-0.34556,-0.19639,
1787040642366672128,21.97445,-0.85128,0.19997,0.71106,-0.21849,0.41546,-0.52349,1.87403,-0.37726,-0.03516,
1787040642433337856,22.10494,-0.87932,0.20443,0.70940,-0.21548,0.39779,-0.54044,1.92332,-0.38204,0.18668,
1787040642500006912,22.21837,-0.91396,0.21452,0.70254,-0.21400,0.40073,-0.54777,1.88283,-0.39352,0.33404,
1787040642566672128,22.37324,-0.94239,0.23297,0.68746,-0.20746,0.41240,-0.56061,1.96309,-0.32820,0.36504,
1787040642633338880,22.54065,-0.96176,0.24972,0.66895,-0.21365,0.42410,-0.57184,1.98405,-0.24610,0.19098,
1787040642700006912,22.61805,-0.98075,0.25515,0.65404,-0.21708,0.41715,-0.59253,1.91949,-0.24260,-0.03532,
1787040642766673920,22.74562,-1.00235,0.24381,0.64017,-0.21915,0.41383,-0.60901,1.95725,-0.28542,-0.21405,
1787040642833338880,22.81913,-1.02652,0.23147,0.63368,-0.21029,0.40435,-0.62509,1.87524,-0.31621,-0.21252,
1787040642900005120,22.98531,-1.04770,0.22268,0.63086,-0.20071,0.39928,-0.63428,1.96106,-0.34260,-0.05412,
1787040642966672896,23.11402,-1.07230,0.22690,0.62857,-0.19051,0.39696,-0.64112,1.95866,-0.37834,0.17396,
1787040643033339136,23.25391,-1.09939,0.24182,0.62209,-0.19063,0.40051,-0.64518,1.93647,-0.43099,0.30192,
1787040643100006144,23.35343,-1.14984,0.25291,0.61584,-0.19631,0.40408,-0.64724,1.83965,-0.58420,0.33116,
1787040643166671872,23.51156,-1.16981,0.28135,0.60818,-0.20039,0.41931,-0.64354,1.84707,-0.59915,0.16425,
1787040643233339136,23.66495,-1.21005,0.28104,0.60209,-0.19752,0.42890,-0.64384,1.85235,-0.59066,-0.07840,
1787040643300007168,23.78092,-1.24888,0.26934,0.59805,-0.18900,0.42850,-0.65039,1.89965,-0.60201,-0.23443,
1787040643366672896,23.91349,-1.29088,0.25175,0.59403,-0.18484,0.42628,-0.65670,1.93203,-0.62676,-0.25837,
1787040643433339136,24.05374,-1.33686,0.23771,0.58960,-0.17911,0.42414,-0.66362,2.01648,-0.67349,-0.11633,
1787040643500011008,24.18702,-1.37959,0.23395,0.58299,-0.18200,0.42119,-0.67052,2.00316,-0.62955,0.05926,
1787040643566672128,24.31015,-1.42372,0.24553,0.57999,-0.18346,0.41452,-0.67686,1.97847,-0.59156,0.27480,
1787040643633337856,24.44215,-1.46213,0.26769,0.57509,-0.18409,0.42059,-0.67712,2.04849,-0.55790,0.39162,
1787040643700006912,24.59234,-1.49750,0.28804,0.56529,-0.19457,0.43722,-0.67188,2.01708,-0.46807,0.27428,
1787040643766671872,24.71970,-1.52464,0.29975,0.55921,-0.19834,0.43225,-0.67905,1.95628,-0.41450,0.03456,
1787040643833338112,24.84140,-1.55349,0.29457,0.55662,-0.20056,0.41952,-0.68844,1.99165,-0.44916,-0.18945,
1787040643900007936,24.97484,-1.58529,0.28015,0.55452,-0.19966,0.40992,-0.69614,2.01237,-0.47875,-0.25311,
1787040643966671872,25.11497,-1.62072,0.26874,0.55434,-0.19529,0.40527,-0.70023,2.06082,-0.52309,-0.08439,
1787040644033339136,25.25073,-1.65791,0.27065,0.55294,-0.18734,0.40725,-0.70236,2.02156,-0.56141,0.15872,
1787040644100006144,25.37110,-1.69809,0.29215,0.55010,-0.18055,0.41018,-0.70466,1.97509,-0.59567,0.30422,
1787040644166671872,25.50020,-1.73634,0.31298,0.54867,-0.18644,0.40567,-0.70685,1.94920,-0.68659,0.38353,
1787040644233339136,25.63725,-1.78792,0.33782,0.54729,-0.19142,0.42254,-0.69663,1.88373,-0.77036,0.22737,
1787040644300005888,25.75449,-1.84096,0.34699,0.55228,-0.18562,0.43300,-0.68778,1.83932,-0.76668,-0.01676,
1787040644366672896,25.88254,-1.89431,0.33813,0.55800,-0.17429,0.43415,-0.68540,1.89385,-0.77440,-0.18837,
1787040644433340160,26.01581,-1.94641,0.31685,0.56130,-0.17096,0.43330,-0.68408,1.97942,-0.79811,-0.25898,
1787040644500005888,26.14189,-1.99951,0.29990,0.56569,-0.17227,0.43016,-0.68211,2.03289,-0.82684,-0.11983,
1787040644566673920,26.27869,-2.05191,0.29763,0.57158,-0.18098,0.42116,-0.68057,2.00625,-0.76553,0.09430,
1787040644633339904,26.41799,-2.10316,0.30956,0.57931,-0.18847,0.40747,-0.68033,2.02032,-0.72238,0.28377,
1787040644700005888,26.56948,-2.14727,0.32894,0.58552,-0.19140,0.40783,-0.67395,2.10916,-0.62816,0.42180,
1787040644766673152,26.73498,-2.18573,0.34787,0.58600,-0.21433,0.41791,-0.66031,2.12055,-0.49699,0.32472,
1787040644833338112,26.87874,-2.21693,0.36044,0.58334,-0.23458,0.41564,-0.65722,2.07462,-0.47378,0.03564,
1787040644900005120,27.01295,-2.24437,0.35359,0.58708,-0.24606,0.40442,-0.65669,2.07069,-0.50855,-0.18467,
1787040644966672896,27.16100,-2.28043,0.33167,0.59806,-0.24681,0.39272,-0.65359,2.06838,-0.57281,-0.28031,
1787040645033339136,27.30693,-2.31938,0.31443,0.60990,-0.23830,0.38947,-0.64772,2.11333,-0.60276,-0.11956,
1787040645100007168,27.44805,-2.35709,0.30934,0.61719,-0.22819,0.38889,-0.64480,2.06857,-0.57900,0.09930,
1787040645166672896,27.58331,-2.39401,0.32146,0.61997,-0.22393,0.38462,-0.64618,2.03480,-0.62123,0.24824,
1787040645233339904,27.70848,-2.42741,0.33582,0.62138,-0.22442,0.37952,-0.64768,1.99656,-0.71843,0.34531,
1787040645300005888,27.84800,-2.48394,0.35695,0.61782,-0.22467,0.39772,-0.64003,1.94839,-0.83952,0.24190,
1787040645366672896,27.97369,-2.54100,0.36608,0.61474,-0.21445,0.41167,-0.63768,1.86260,-0.82387,-0.00039,
1787040645433339136,28.10483,-2.58725,0.35436,0.61357,-0.19899,0.41283,-0.64305,1.91926,-0.81720,-0.19709,
1787040645500008192,28.19773,-2.62518,0.33829,0.61337,-0.18899,0.41513,-0.64477,1.89751,-0.78896,-0.26913,
1787040645566673920,28.33601,-2.67277,0.32201,0.61518,-0.17935,0.40232,-0.65385,1.99605,-0.83132,-0.16218,
1787040645633339904,28.46953,-2.72831,0.31590,0.61760,-0.17766,0.39871,-0.65424,2.03179,-0.82313,0.00815,
1787040645700005888,28.57942,-2.77281,0.32368,0.62117,-0.17882,0.39274,-0.65417,2.04127,-0.78810,0.19752,
1787040645766673152,28.72574,-2.82543,0.34276,0.62328,-0.17802,0.39500,-0.65100,2.07665,-0.72052,0.35655,
1787040645833338112,28.87556,-2.87088,0.36508,0.62160,-0.18483,0.41274,-0.63961,2.09111,-0.62806,0.31424,
1787040645900005120,29.01367,-2.90747,0.38009,0.62075,-0.19358,0.41743,-0.63478,2.03093,-0.55041,0.08118,
1787040645966672896,29.16648,-2.94144,0.37587,0.62411,-0.20008,0.40890,-0.63502,2.08528,-0.56634,-0.13505,
1787040646033339136,29.30423,-2.98150,0.36138,0.62788,-0.20140,0.40480,-0.63352,2.07351,-0.59174,-0.27456,
1787040646100004864,29.42783,-3.01451,0.34453,0.63177,-0.19270,0.39959,-0.63566,2.10218,-0.59993,-0.18812,
1787040646166671872,29.56970,-3.05739,0.33793,0.63077,-0.18439,0.39925,-0.63932,2.04992,-0.60484,0.02672,
1787040646233339904,29.70118,-3.09793,0.34985,0.63017,-0.17611,0.39947,-0.64211,2.01181,-0.64806,0.26531,
1787040646300005888,29.84903,-3.14345,0.37448,0.62887,-0.17138,0.39571,-0.64697,1.93814,-0.65549,0.38135,
1787040646366672896,29.98141,-3.19179,0.39797,0.62775,-0.16710,0.40503,-0.64339,1.89570,-0.74863,0.31114,
1787040646433339136,30.08267,-3.23354,0.41822,0.63004,-0.15497,0.41650,-0.63683,1.88439,-0.67559,0.09190,
1787040646500005888,30.20663,-3.27444,0.41673,0.63545,-0.14968,0.41761,-0.63198,1.94437,-0.64430,-0.11645,
1787040646566672128,30.33315,-3.31428,0.40910,0.63826,-0.14768,0.42079,-0.62750,2.01045,-0.61238,-0.22280,
1787040646633337856,30.47437,-3.35589,0.38917,0.64166,-0.15239,0.41700,-0.62543,2.08015,-0.64031,-0.18781,
1787040646700009216,30.60831,-3.39725,0.37933,0.65211,-0.16081,0.41404,-0.61437,2.09248,-0.66183,-0.07175,
1787040646766673152,30.75469,-3.43957,0.37904,0.66815,-0.16609,0.40184,-0.60375,2.14611,-0.64400,0.13602,
1787040646833338880,30.89410,-3.47660,0.39557,0.68624,-0.17584,0.39595,-0.58428,2.18112,-0.55992,0.34415,
1787040646900006912,31.04572,-3.50905,0.42013,0.70430,-0.19007,0.39979,-0.55498,2.24406,-0.41569,0.40033,
1787040646966672896,31.18695,-3.52929,0.43906,0.72201,-0.22009,0.39518,-0.52354,2.20904,-0.27926,0.19243,
1787040647033339904,31.35322,-3.54568,0.43552,0.74112,-0.24657,0.38009,-0.49545,2.21699,-0.26509,-0.05220,
1787040647100006144,31.54258,-3.56860,0.42360,0.75716,-0.26209,0.36994,-0.47028,2.24869,-0.29964,-0.23003,
1787040647166671872,31.83415,-3.58230,0.37526,0.76644,-0.26426,0.36380,-0.45869,2.41505,-0.29775,-0.24288,
1787040647233338112,31.88440,-3.58636,0.36425,0.77309,-0.26850,0.35939,-0.44841,2.22919,-0.27661,-0.10285,
1787040647300004864,32.02894,-3.60385,0.36855,0.78536,-0.26853,0.34845,-0.43552,2.19778,-0.32370,0.16498,
1787040647366672896,32.16692,-3.62516,0.38376,0.79770,-0.26989,0.34149,-0.41740,2.07306,-0.34460,0.29587,
1787040647433339136,32.29408,-3.64759,0.40674,0.80638,-0.27488,0.33758,-0.40029,2.04051,-0.41362,0.31473,
1787040647500006912,32.40793,-3.67215,0.42235,0.80915,-0.27296,0.34567,-0.38896,1.95832,-0.38972,0.11720,
1787040647566673152,32.52443,-3.69628,0.42423,0.81141,-0.26802,0.34109,-0.39172,1.93469,-0.36830,-0.07393,
1787040647633338880,32.65364,-3.72137,0.41262,0.81190,-0.26311,0.33633,-0.39810,2.02234,-0.37106,-0.22743,
1787040647700005888,32.78705,-3.74664,0.39415,0.81132,-0.26331,0.33617,-0.39926,2.08764,-0.40564,-0.23786,
1787040647766671872,32.89093,-3.77765,0.37686,0.81038,-0.26210,0.33859,-0.39993,2.06889,-0.45162,-0.13693,
1787040647833338880,33.01889,-3.80695,0.37611,0.81182,-0.25875,0.33139,-0.40519,2.05892,-0.44545,0.07481,
1787040647900006144,33.11759,-3.84581,0.38528,0.81626,-0.25186,0.32669,-0.40444,2.02710,-0.40341,0.26750,
1787040647966671104,33.25802,-3.86689,0.40651,0.81380,-0.24637,0.33331,-0.40736,2.08513,-0.26516,0.37125,
1787040648033338112,33.38461,-3.89101,0.42304,0.80561,-0.25192,0.34175,-0.41321,2.04028,-0.13798,0.20738,
1787040648100006144,33.54416,-3.90271,0.42829,0.80149,-0.26105,0.33380,-0.42196,2.05594,-0.06655,-0.01701,
1787040648166671872,33.67393,-3.90775,0.42010,0.80180,-0.26966,0.32038,-0.42633,2.09884,-0.09182,-0.22940,
1787040648233338112,33.81704,-3.91344,0.40056,0.80285,-0.26911,0.31605,-0.42793,2.13290,-0.10425,-0.28577,
1787040648300005888,33.92119,-3.91771,0.38414,0.80113,-0.26892,0.32038,-0.42804,2.13520,-0.11398,-0.15372,
1787040648366672896,34.06675,-3.92552,0.38098,0.79835,-0.26504,0.32759,-0.43022,2.09954,-0.12799,0.11336,
1787040648433337856,34.20545,-3.93728,0.39349,0.79070,-0.26693,0.34462,-0.42986,2.00608,-0.21572,0.21736,
1787040648500005888,34.32726,-3.95429,0.40436,0.77947,-0.26802,0.36647,-0.43161,1.95256,-0.28962,0.27061,
1787040648566672128,34.46914,-3.97568,0.41497,0.76411,-0.26446,0.40043,-0.43111,1.89915,-0.29974,0.12975,
1787040648633337856,34.58027,-3.99064,0.41489,0.74785,-0.25774,0.42146,-0.44347,1.87300,-0.23573,-0.06146,
1787040648700005120,34.67227,-4.00393,0.40407,0.72332,-0.25615,0.44291,-0.46370,1.88969,-0.21686,-0.21914,
1787040648766673152,34.80343,-4.01690,0.38415,0.69400,-0.25827,0.46096,-0.48906,1.91589,-0.19035,-0.28476,
1787040648833338880,34.91717,-4.02765,0.36742,0.67388,-0.26111,0.46589,-0.51054,1.94731,-0.18925,-0.18041,
1787040648900006912,35.03036,-4.03895,0.35879,0.66527,-0.26323,0.46372,-0.52257,1.95806,-0.18766,-0.01345,
1787040648966672896,35.15211,-4.04930,0.36143,0.66099,-0.27262,0.46366,-0.52326,1.98695,-0.13523,0.13855,
1787040649033338112,35.28584,-4.05515,0.37557,0.66667,-0.27486,0.45848,-0.51942,2.04790,-0.06904,0.25327,
1787040649100007168,35.42102,-4.05400,0.39313,0.67387,-0.29057,0.46106,-0.49889,2.03145,0.05788,0.23085,
1787040649166672896,35.54894,-4.04667,0.40641,0.68774,-0.30593,0.44855,-0.48189,1.91782,0.13941,0.07953,
1787040649233339136,35.67007,-4.03569,0.40865,0.71543,-0.31396,0.41661,-0.46479,1.93207,0.18219,-0.10281,
1787040649300007168,35.76926,-4.01261,0.40526,0.74761,-0.32243,0.38628,-0.43347,1.89821,0.25208,-0.20601,
1787040649366672128,35.91719,-4.00659,0.38922,0.78143,-0.33002,0.34890,-0.39840,1.92202,0.26864,-0.14914,
1787040649433339136,36.05419,-3.98887,0.38316,0.80749,-0.33596,0.31977,-0.36447,1.94670,0.27858,0.00379,
1787040649500006912,36.18645,-3.96950,0.38861,0.82611,-0.34503,0.30403,-0.32566,1.93094,0.26469,0.12240,
1787040649566673152,36.46790,-3.90088,0.44838,0.84553,-0.35253,0.28191,-0.28520,2.09308,0.34087,0.32678,
1787040649633338880,36.56682,-3.85839,0.45153,0.85637,-0.36413,0.27512,-0.24154,2.02441,0.34426,0.28294,
1787040649700006912,36.60267,-3.84432,0.48242,0.86258,-0.37229,0.27123,-0.20925,1.87714,0.33721,0.13710,
1787040649766671872,36.65747,-3.84287,0.42729,0.87100,-0.37194,0.25850,-0.19028,1.77852,0.29445,-0.15359,
1787040649833338880,36.74546,-3.83568,0.40899,0.87734,-0.37267,0.24739,-0.17372,1.78200,0.29067,-0.30402,
1787040649900006144,36.87459,-3.81562,0.38652,0.88207,-0.37727,0.23435,-0.15714,1.84018,0.29251,-0.29716,
1787040649966671872,36.98618,-3.80360,0.36838,0.88372,-0.38596,0.22649,-0.13705,1.83609,0.27265,-0.21454,
1787040650033338112,37.09006,-3.79597,0.36153,0.89015,-0.38518,0.21099,-0.12147,1.75447,0.28945,0.00760,
1787040650100006144,37.20136,-3.78052,0.36796,0.89495,-0.38396,0.20222,-0.10369,1.72614,0.39117,0.20271,
1787040650166672896,37.29868,-3.76270,0.38391,0.89408,-0.38859,0.20607,-0.08455,1.57626,0.49757,0.27401,
1787040650233339136,37.37937,-3.74389,0.39683,0.89299,-0.39693,0.19992,-0.07099,1.41761,0.50701,0.09246,
1787040650300007168,37.46965,-3.72021,0.39627,0.89752,-0.39645,0.18073,-0.06798,1.42170,0.52244,-0.10530,
1787040650366674944,37.56160,-3.69623,0.38401,0.89967,-0.39695,0.17061,-0.06263,1.49174,0.52004,-0.27322,
1787040650433337856,37.66022,-3.67019,0.36482,0.90333,-0.39029,0.16777,-0.05937,1.52317,0.55458,-0.29928,
1787040650500005888,37.75837,-3.63251,0.34776,0.90425,-0.38751,0.17118,-0.05355,1.50301,0.61658,-0.20542,
1787040650566672128,37.85964,-3.60189,0.34543,0.90812,-0.38055,0.16645,-0.05293,1.48259,0.60133,0.07064,
1787040650633339904,37.96115,-3.56128,0.35384,0.90351,-0.38875,0.17355,-0.04927,1.47767,0.52261,0.18420,
1787040650700009216,38.06412,-3.52737,0.36842,0.90200,-0.38857,0.18106,-0.05126,1.45934,0.40408,0.24358,
1787040650766671872,38.15671,-3.50419,0.38352,0.90013,-0.38787,0.19171,-0.05063,1.40095,0.33732,0.12425,
1787040650833338112,38.24209,-3.49499,0.39436,0.90237,-0.38048,0.19564,-0.05177,1.36955,0.30699,-0.04126,
1787040650900006144,38.33050,-3.47669,0.38631,0.90517,-0.37380,0.19563,-0.05170,1.42196,0.32638,-0.19285,
1787040650966671872,38.42814,-3.46268,0.37699,0.90580,-0.36992,0.19993,-0.05209,1.45951,0.28304,-0.26956,
1787040651033339136,38.52459,-3.44762,0.35978,0.90707,-0.36376,0.20415,-0.05682,1.48501,0.25438,-0.21888,
1787040651100007168,38.61830,-3.43944,0.35406,0.90836,-0.36102,0.20340,-0.05626,1.44097,0.23189,-0.08867,
1787040651166673920,38.71037,-3.42413,0.35459,0.91223,-0.35727,0.19408,-0.05025,1.39060,0.25568,0.11190,
1787040651233339136,38.81165,-3.40554,0.37035,0.91501,-0.35196,0.19097,-0.04912,1.32039,0.31839,0.24955,
1787040651300005888,38.90178,-3.37519,0.38838,0.91405,-0.35731,0.18886,-0.03439,1.22932,0.44694,0.27503,
1787040651366673920,38.96866,-3.35622,0.40763,0.91337,-0.36574,0.17727,-0.02374,1.13156,0.40466,0.14566,
1787040651433337856,39.05643,-3.32798,0.41354,0.91486,-0.36864,0.16378,-0.01795,1.20609,0.41643,-0.01859,
1787040651500005888,39.13822,-3.30613,0.40919,0.91344,-0.37294,0.16200,-0.01729,1.25832,0.37565,-0.15501,
1787040651566673152,39.23903,-3.27891,0.39487,0.91299,-0.37144,0.16737,-0.02176,1.30545,0.36151,-0.19961,
1787040651633338880,39.32257,-3.25533,0.38356,0.91063,-0.37302,0.17549,-0.02845,1.28237,0.36927,-0.10319,
1787040651700005888,39.40303,-3.23861,0.38330,0.91155,-0.37033,0.17510,-0.03551,1.29120,0.33014,0.14738,
1787040651766673152,39.49084,-3.22193,0.39230,0.90479,-0.38035,0.18933,-0.02895,1.21129,0.20896,0.17285,
1787040651833338880,39.56252,-3.21504,0.40687,0.90666,-0.37508,0.19137,-0.02557,1.08920,0.11330,0.18834,
1787040651900006912,39.63781,-3.21270,0.41939,0.90654,-0.37427,0.19439,-0.01809,1.01661,0.04547,0.13778,
1787040651966671872,39.70148,-3.21240,0.42624,0.90964,-0.36715,0.19374,-0.01509,0.96670,0.00489,0.06261,
1787040652033339136,39.76672,-3.21273,0.42708,0.91279,-0.36114,0.19040,-0.01194,0.98022,0.00575,-0.00556,
1787040652100007168,39.83775,-3.22010,0.42349,0.91371,-0.35938,0.18949,-0.00842,0.99167,-0.03693,-0.07542,
1787040652166672896,39.88992,-3.22538,0.41459,0.91344,-0.36032,0.18920,-0.00189,0.94672,-0.02960,-0.09367,
1787040652233339136,39.95986,-3.22452,0.40065,0.90797,-0.37239,0.19189,-0.01016,0.99903,-0.01659,-0.11312,
1787040652300007936,40.04735,-3.22853,0.38321,0.87371,-0.40997,0.24523,-0.09180,1.18991,-0.04981,-0.18230,
1787040652366672896,40.11981,-3.24190,0.36837,0.81016,-0.44176,0.32495,-0.20713,1.06750,-0.09150,-0.09056,
1787040652433340160,40.19475,-3.25100,0.36169,0.75445,-0.45110,0.36499,-0.30677,1.00664,-0.10665,0.02011,
1787040652500006912,40.25932,-3.26230,0.36376,0.70876,-0.44601,0.39719,-0.37546,0.88207,-0.16339,0.05214,
1787040652566672128,40.31926,-3.27261,0.36636,0.67410,-0.42119,0.41428,-0.44336,0.79513,-0.16093,0.04756,
1787040652633338880,40.40583,-3.26415,0.36405,0.64507,-0.38566,0.42205,-0.50698,0.80736,-0.08710,-0.01282,
1787040652700006912,40.43424,-3.28462,0.36411,0.62839,-0.35734,0.42115,-0.54779,0.85882,-0.05665,-0.08698,
1787040652766673920,40.49653,-3.28586,0.35945,0.61744,-0.33523,0.42425,-0.57132,0.92345,-0.02261,-0.12292,
1787040652833338880,40.55960,-3.28722,0.35267,0.60862,-0.31358,0.42476,-0.59231,0.97858,-0.00498,-0.12778,
1787040652900006144,40.62664,-3.28682,0.34297,0.59794,-0.29248,0.42714,-0.61194,1.01289,-0.00060,-0.14187,
1787040652966672896,40.69577,-3.29823,0.32275,0.58264,-0.26715,0.43089,-0.63521,1.03702,-0.05265,-0.10266,
1787040653033339904,40.76167,-3.29570,0.32977,0.53848,-0.23285,0.44401,-0.67726,1.01138,-0.09428,-0.00955,
1787040653100006144,40.82359,-3.30679,0.32991,-0.46469,0.18787,-0.46166,0.73187,0.97857,-0.10813,0.03906,
1787040653166673920,40.87006,-3.33294,0.34808,-0.38469,0.15222,-0.47438,0.77705,0.99867,-0.17588,0.08001,
1787040653233339136,40.96000,-3.32423,0.33515,-0.31856,0.12496,-0.48374,0.80554,1.03341,-0.15404,-0.02317,
1787040653300005888,41.05251,-3.28160,0.30329,-0.27214,0.10012,-0.48444,0.82537,1.07834,-0.07266,-0.18199,
1787040653366672896,41.10764,-3.33670,0.31616,-0.24252,0.07796,-0.48544,0.83633,1.09207,-0.19337,-0.24097,
1787040653433339136,41.18167,-3.36462,0.32546,-0.22476,0.06058,-0.48415,0.84345,1.14349,-0.23573,-0.27588,
1787040653500006912,41.20713,-3.41160,0.39002,-0.21379,0.04229,-0.47618,0.85192,1.16576,-0.32401,-0.10771,
1787040653566673920,41.31051,-3.43578,0.38307,-0.20333,0.03438,-0.47075,0.85783,1.32044,-0.33918,-0.11904,
1787040653633338880,41.40256,-3.45757,0.37741,-0.21154,0.03889,-0.46843,0.85692,1.41706,-0.37722,0.05042,
1787040653700006912,41.50404,-3.47898,0.38682,-0.25320,0.04555,-0.46774,0.84560,1.58620,-0.41556,0.27541,
1787040653766673920,41.60670,-3.50004,0.40123,-0.31175,0.07144,-0.48350,0.81483,1.71084,-0.36104,0.29553,
1787040653833338112,41.71641,-3.51593,0.41120,-0.36823,0.11042,-0.48581,0.78499,1.71538,-0.25257,0.13515,
1787040653900007936,41.82966,-3.53211,0.40707,-0.41978,0.14519,-0.47744,0.75812,1.73769,-0.26226,-0.08457,
1787040653966672896,41.94542,-3.55158,0.39093,-0.46391,0.17239,-0.46873,0.73169,1.70604,-0.25478,-0.22780,
1787040654033339136,42.06129,-3.57375,0.37280,0.50844,-0.18557,0.45587,-0.70657,1.71465,-0.27362,-0.14297,
1787040654100007168,42.17800,-3.59772,0.36272,0.54632,-0.20075,0.45210,-0.67590,1.69984,-0.30141,-0.01618,
1787040654166672896,42.29260,-3.62390,0.36386,0.57963,-0.20520,0.44157,-0.65341,1.65540,-0.34157,0.12509,
1787040654233339136,42.40362,-3.65477,0.37499,0.60449,-0.21221,0.42705,-0.63812,1.66529,-0.45264,0.28685,
1787040654300007168,42.51139,-3.69884,0.39964,0.61694,-0.22513,0.42893,-0.62026,1.66447,-0.55653,0.29147,
1787040654366672896,42.62581,-3.73746,0.40265,0.62971,-0.23228,0.42909,-0.60447,1.59329,-0.56561,0.04596,
1787040654433339136,42.75622,-3.75649,0.39711,0.64484,-0.22840,0.41512,-0.59974,1.70586,-0.53204,-0.16048,
1787040654500005888,42.84882,-3.82892,0.38109,0.66270,-0.22727,0.40107,-0.59018,1.75276,-0.64703,-0.27987,
1787040654566673152,42.97377,-3.87981,0.36332,0.68000,-0.22880,0.39176,-0.57600,1.84915,-0.69133,-0.18847,
1787040654633338880,43.08639,-3.95967,0.35079,0.69875,-0.23833,0.38132,-0.55637,1.86465,-0.74425,-0.01857,
1787040654700006912,43.10958,-4.03294,0.30757,0.72272,-0.24818,0.35917,-0.53580,1.70525,-0.73695,0.07698,
1787040654766673152,43.27008,-4.09108,0.31447,0.74873,-0.26366,0.34397,-0.50157,1.87963,-0.64161,0.21955,
1787040654833338880,43.39857,-4.12888,0.32952,0.77547,-0.29209,0.34087,-0.44401,1.88139,-0.50981,0.18518,
1787040654900006144,43.52703,-4.16075,0.33479,0.80153,-0.32353,0.32855,-0.38071,1.82624,-0.45866,-0.03213,
1787040654966674176,43.65575,-4.19147,0.32631,0.82773,-0.34799,0.30490,-0.31751,1.82791,-0.44662,-0.21761,
1787040655033338112,43.77808,-4.21957,0.30766,0.84981,-0.36894,0.28207,-0.24929,1.78588,-0.43485,-0.31739,
1787040655100007936,43.89658,-4.24710,0.28790,0.86981,-0.38027,0.25420,-0.18495,1.76899,-0.43328,-0.23139,
1787040655166672896,44.01771,-4.27493,0.28204,0.88481,-0.38582,0.22303,-0.13604,1.77275,-0.42634,0.10840,
1787040655233338112,44.13672,-4.30275,0.29238,0.88933,-0.40172,0.19969,-0.08854,1.81122,-0.46810,0.15775,
1787040655300005888,44.25157,-4.33431,0.30580,0.88716,-0.41666,0.19552,-0.03335,1.67449,-0.53897,0.23703,
1787040655366672896,44.34484,-4.36638,0.32828,0.89135,-0.41756,0.17646,0.00240,1.57015,-0.65030,0.19678,
1787040655433339136,44.44914,-4.40859,0.33450,0.89564,-0.41195,0.16619,0.02239,1.60064,-0.68832,0.00740,
1787040655500005888,44.55686,-4.45326,0.33006,0.90010,-0.40459,0.15769,0.03540,1.62826,-0.69208,-0.14718,
1787040655566673920,44.66673,-4.49793,0.31758,0.90141,-0.40251,0.15196,0.04859,1.68445,-0.73743,-0.23207,
1787040655633339904,44.77850,-4.54787,0.30673,0.90471,-0.39559,0.14932,0.05199,1.70468,-0.83725,-0.17123,
1787040655700006912,44.89411,-4.59816,0.30464,0.90821,-0.38920,0.14497,0.05165,1.74419,-0.80214,0.09786,
1787040655766673152,45.01014,-4.65124,0.31394,0.90755,-0.39027,0.14601,0.05217,1.74391,-0.77115,0.18362,
1787040655833338880,45.12500,-4.68599,0.33388,0.91080,-0.37952,0.15698,0.04207,1.57473,-0.62253,0.26012,
1787040655900006912,45.22160,-4.72512,0.35112,0.90859,-0.38367,0.15949,0.04278,1.46226,-0.50863,0.20735,
1787040655966672896,45.31129,-4.75058,0.36705,0.90810,-0.38868,0.15054,0.04029,1.40333,-0.50774,0.10997,
1787040656033339136,45.40312,-4.78665,0.37022,0.90982,-0.38812,0.14399,0.02944,1.48651,-0.48796,-0.04052,
1787040656100006144,45.51343,-4.82221,0.36188,0.90891,-0.38604,0.15767,0.00054,1.60360,-0.55469,-0.15937,
1787040656166672896,45.60575,-4.83555,0.35957,0.90579,-0.37879,0.18378,-0.04786,1.57734,-0.52697,-0.20130,
1787040656233339136,45.70305,-4.85972,0.35294,0.90432,-0.36656,0.19620,-0.09661,1.56995,-0.45062,-0.13272,
1787040656300005888,45.80963,-4.87477,0.34954,0.89917,-0.35762,0.21145,-0.13745,1.59378,-0.42771,-0.00351,
1787040656366672128,45.91699,-4.88588,0.35861,0.88905,-0.35410,0.23050,-0.17631,1.60605,-0.42184,0.15294,
1787040656433346048,46.01884,-4.90190,0.37618,0.88405,-0.34382,0.23348,-0.21383,1.62058,-0.44772,0.25637,
1787040656500008192,46.12608,-4.92151,0.39487,0.87242,-0.34366,0.25290,-0.23837,1.66305,-0.50749,0.16502,
1787040656566673920,46.22785,-4.94630,0.40293,0.86527,-0.33023,0.27256,-0.26071,1.61701,-0.50714,0.00888,
1787040656633337856,46.32954,-4.97009,0.39965,0.85672,-0.32226,0.28403,-0.28551,1.62893,-0.49203,-0.13932,
1787040656700005888,46.43040,-4.99946,0.38972,0.84735,-0.31500,0.29314,-0.31119,1.63543,-0.51075,-0.20689,
1787040656766673152,46.53842,-5.03217,0.37826,0.83731,-0.30968,0.30040,-0.33581,1.67191,-0.53945,-0.12356,
1787040656833338880,46.64933,-5.06708,0.37420,0.82531,-0.30588,0.30717,-0.36187,1.65198,-0.56925,0.05059,
1787040656900006144,46.75751,-5.10267,0.38389,0.80703,-0.30021,0.31290,-0.40084,1.63708,-0.53530,0.20893,
1787040656966672896,46.86455,-5.13492,0.40203,0.78450,-0.28776,0.32766,-0.44089,1.62214,-0.44801,0.32112,
1787040657033339904,46.97182,-5.16193,0.42396,0.75686,-0.28130,0.34845,-0.47605,1.59444,-0.37446,0.31513,
1787040657100007168,47.07287,-5.18234,0.44014,0.72663,-0.27360,0.36118,-0.51643,1.56397,-0.30925,0.15227,
1787040657166672896,47.17477,-5.19750,0.44508,0.70415,-0.26809,0.35974,-0.55036,1.62323,-0.28687,-0.02211,
1787040657233339136,47.28236,-5.21328,0.43710,0.68943,-0.26238,0.35637,-0.57345,1.68191,-0.29660,-0.17235,
1787040657300007168,47.39670,-5.22500,0.42313,0.68057,-0.25156,0.35349,-0.59041,1.75182,-0.29356,-0.19511,
1787040657366675968,47.51487,-5.23744,0.41288,0.67320,-0.23815,0.35428,-0.60380,1.81279,-0.28242,-0.08440,
1787040657433341952,47.63296,-5.25008,0.41737,0.66190,-0.22115,0.35639,-0.62126,1.82720,-0.30358,0.23255,
1787040657500005888,47.75491,-5.26459,0.43451,0.64571,-0.21877,0.36720,-0.63274,1.81759,-0.34477,0.30536,
1787040657566672128,47.87494,-5.28261,0.45454,0.63145,-0.22329,0.37368,-0.64169,1.73735,-0.43599,0.33157,
1787040657633338880,47.97643,-5.30392,0.47004,0.61852,-0.21648,0.38351,-0.65076,1.64550,-0.48935,0.18046,
1787040657700005120,48.08420,-5.33517,0.47254,0.60489,-0.20800,0.39369,-0.66020,1.65882,-0.54905,-0.01428,
1787040657766673920,48.18116,-5.37727,0.49698,0.59401,-0.19658,0.40405,-0.66727,1.63169,-0.58227,-0.11382,
1787040657833338880,48.28770,-5.41828,0.44733,0.58774,-0.18359,0.40678,-0.67482,1.65392,-0.62595,-0.25681,
1787040657900006144,48.38584,-5.46437,0.42851,0.58324,-0.17257,0.40604,-0.68204,1.66050,-0.67715,-0.16905,
1787040657966672896,48.49006,-5.51265,0.41818,0.57986,-0.16338,0.40360,-0.68861,1.68396,-0.67758,-0.01874,
1787040658033338112,48.59983,-5.55846,0.41898,0.57640,-0.16428,0.39640,-0.69545,1.71992,-0.64635,0.12442,
1787040658100007168,48.70982,-5.60147,0.42868,0.57315,-0.16106,0.39400,-0.70023,1.70451,-0.61036,0.27308,
1787040658166672896,48.82504,-5.64256,0.45069,0.56923,-0.16222,0.40286,-0.69811,1.75306,-0.58506,0.29545,
1787040658233339904,48.92965,-5.68051,0.46567,0.56577,-0.16779,0.40851,-0.69633,1.71050,-0.53382,0.13070,
1787040658300007168,49.04371,-5.71686,0.47005,0.56716,-0.17491,0.39885,-0.69904,1.74000,-0.55921,-0.05527,
1787040658366672896,49.15171,-5.75776,0.45792,0.56867,-0.18004,0.39330,-0.69966,1.75891,-0.62504,-0.22953,
1787040658433339136,49.26858,-5.80165,0.44090,0.57274,-0.17646,0.38993,-0.69913,1.77484,-0.67061,-0.23571,
1787040658500005888,49.38378,-5.84727,0.42535,0.57810,-0.17261,0.39075,-0.69522,1.80786,-0.68563,-0.10934,
1787040658566673920,49.50529,-5.89321,0.42640,0.58746,-0.16501,0.38752,-0.69101,1.82913,-0.71910,0.14125,
1787040658633338880,49.62456,-5.94338,0.43868,0.59261,-0.16742,0.38883,-0.68527,1.81095,-0.76520,0.24452,
1787040658700006912,49.73033,-5.98081,0.41568,0.59330,-0.17620,0.38865,-0.68257,1.74896,-0.88589,0.24265,
1787040658766673152,49.83422,-6.06400,0.47107,0.59580,-0.17761,0.40190,-0.67227,1.64512,-0.96281,0.13840,
1787040658833338880,49.92093,-6.13096,0.46956,0.59987,-0.17118,0.40587,-0.66793,1.59921,-0.99952,-0.08831,
1787040658900006144,50.02085,-6.19774,0.45870,0.60108,-0.16183,0.40861,-0.66750,1.59704,-1.04268,-0.24146,
1787040658966671872,50.09324,-6.26975,0.43851,0.59363,-0.15065,0.41065,-0.67548,1.57870,-1.09620,-0.30984,
1787040659033339136,50.19445,-6.34285,0.42183,0.58347,-0.14011,0.41244,-0.68543,1.58658,-1.13747,-0.15603,
1787040659100006144,50.26315,-6.41932,0.41382,0.57363,-0.13425,0.40982,-0.69640,1.56191,-1.12395,0.04993,
1787040659166672896,50.33147,-6.49004,0.41913,0.56355,-0.13307,0.40722,-0.70631,1.55223,-1.05695,0.21180,
1787040659233339904,50.41240,-6.55624,0.43413,0.55366,-0.12904,0.40498,-0.71610,1.57038,-0.98133,0.32830,
1787040659300004864,50.48816,-6.61690,0.45065,0.54658,-0.13469,0.41268,-0.71611,1.57266,-0.90438,0.27416,
1787040659366672128,50.56276,-6.67128,0.45949,0.53763,-0.14263,0.41468,-0.72018,1.53181,-0.86794,0.06079,
1787040659433337856,50.58132,-6.71365,0.44682,0.53080,-0.14854,0.40919,-0.72716,1.45460,-0.86980,-0.13764,
1787040659500008192,50.72430,-6.78021,0.44008,0.52920,-0.15465,0.40165,-0.73124,1.53476,-0.92333,-0.26961,
1787040659566673152,50.81059,-6.84190,0.42114,0.53379,-0.15432,0.39255,-0.73291,1.53866,-0.96050,-0.23079,
1787040659633339904,50.92457,-6.91109,0.41336,0.53657,-0.15004,0.38701,-0.73471,1.58121,-1.01405,-0.08912,
1787040659700005120,51.02594,-6.98315,0.41325,0.52435,-0.13542,0.38559,-0.74702,1.53422,-1.08436,0.12713,
1787040659766673152,51.12477,-7.05445,0.42441,-0.46538,0.11154,-0.39844,0.78245,1.46808,-1.09212,0.24874,
1787040659833338880,51.21965,-7.13404,0.44245,-0.39140,0.09066,-0.41325,0.81720,1.41942,-1.19009,0.30881,
1787040659900006144,51.31440,-7.21646,0.45696,-0.33000,0.06894,-0.43399,0.83546,1.36899,-1.20493,0.13935,
1787040659966674176,51.44402,-7.32291,0.43598,-0.28903,0.04820,-0.44276,0.84741,1.40531,-1.23518,-0.11837,
1787040660033339136,51.50438,-7.38166,0.44431,-0.25718,0.02681,-0.44475,0.85752,1.38224,-1.21267,-0.25944,
1787040660100007168,51.59958,-7.46271,0.42574,-0.22787,0.00882,-0.43753,0.86981,1.41842,-1.24341,-0.30080,
1787040660166672896,51.63148,-7.64541,0.42118,-0.20620,-0.00401,-0.43162,0.87817,1.38101,-1.42795,-0.13743,
1787040660233339136,51.77454,-7.77790,0.41508,-0.19459,-0.00933,-0.42251,0.88517,1.47229,-1.46650,0.05877,
1787040660300005888,51.92727,-7.91426,0.42306,-0.18990,-0.00579,-0.42098,0.88695,1.54391,-1.47698,0.23842,
1787040660366672896,52.03623,-8.01417,0.44374,-0.18694,-0.00792,-0.42772,0.88434,1.62669,-1.44201,0.36905,
1787040660433339136,52.14646,-8.10788,0.46488,-0.18540,0.00438,-0.43633,0.88047,1.64585,-1.37260,0.23408,
1787040660500005888,52.25462,-8.19734,0.47262,-0.18566,0.01312,-0.43467,0.88115,1.64417,-1.35419,0.00137,
1787040660566673152,52.36901,-8.29221,0.46497,-0.18891,0.01843,-0.42626,0.88446,1.66629,-1.41147,-0.19981,
1787040660633337856,52.47622,-8.38325,0.44853,-0.19101,0.02107,-0.41885,0.88749,1.67849,-1.41556,-0.27351,
1787040660700006912,52.59396,-8.48135,0.43448,-0.19675,0.01966,-0.40841,0.89112,1.70816,-1.44953,-0.14442,
1787040660766671872,52.69502,-8.57173,0.43241,-0.19655,0.01297,-0.40127,0.89453,1.65076,-1.46848,0.04943,
1787040660833338880,52.80893,-8.67234,0.44243,-0.18385,0.00044,-0.40025,0.89777,1.63227,-1.50983,0.19286,
1787040660900006912,52.91175,-8.77146,0.45851,-0.16629,0.00008,-0.39734,0.90248,1.53897,-1.57452,0.30428,
1787040660966672896,52.97052,-8.89556,0.45464,-0.14986,-0.00410,-0.40922,0.90004,1.38946,-1.65311,0.24291,
1787040661033339904,53.09783,-9.00952,0.48160,-0.13716,-0.00899,-0.41679,0.89855,1.38756,-1.63246,0.05658,
1787040661100007168,53.20328,-9.09482,0.48586,-0.12695,-0.02193,-0.41763,0.89944,1.43803,-1.62622,-0.13756,
1787040661166672896,53.30126,-9.20093,0.47168,-0.11952,-0.03098,-0.41360,0.90205,1.49638,-1.66179,-0.27437,
1787040661233339136,53.40489,-9.31343,0.45240,-0.11248,-0.03523,-0.40725,0.90568,1.52411,-1.73750,-0.22075,
1787040661300005888,53.51486,-9.43358,0.44262,-0.11881,-0.03288,-0.40779,0.90471,1.58444,-1.82353,-0.08088,
1787040661366672128,53.67525,-9.51395,0.42085,-0.16082,-0.00856,-0.41152,0.89706,1.70857,-1.79466,0.05928,
1787040661433339136,53.73113,-9.67874,0.45628,-0.23232,0.02184,-0.41552,0.87914,1.63377,-1.77761,0.24373,
1787040661500006912,53.84236,-9.79331,0.47093,-0.28715,0.04123,-0.41886,0.86047,1.70396,-1.76535,0.30469,
1787040661566672128,53.96017,-9.91010,0.48349,-0.32882,0.06337,-0.43448,0.83611,1.74730,-1.72665,0.13719,
1787040661633339904,54.08236,-10.02186,0.48423,-0.36619,0.08470,-0.43772,0.81678,1.74991,-1.68821,-0.07210,
1787040661700006912,54.19764,-10.13259,0.47376,-0.40467,0.10203,-0.43360,0.79864,1.75634,-1.71107,-0.24212,
1787040661766673152,54.31417,-10.24339,0.45349,-0.44240,0.11276,-0.42660,0.78076,1.75983,-1.72653,-0.29034,
1787040661833339904,54.42785,-10.35688,0.43697,-0.47378,0.11809,-0.41912,0.76546,1.78822,-1.75145,-0.13307,
1787040661900006912,54.54340,-10.47562,0.43453,-0.49572,0.11922,-0.41450,0.75382,1.77588,-1.77852,0.08706,
1787040661966671872,54.66288,-10.59553,0.44618,0.51074,-0.12589,0.41842,-0.74042,1.80175,-1.82478,0.25349,
1787040662033339136,54.79140,-10.74189,0.45864,0.52076,-0.14553,0.42894,-0.72363,1.69675,-1.87546,0.28567,
1787040662100008960,54.89239,-10.85949,0.48074,0.53337,-0.15433,0.43754,-0.70729,1.59647,-1.90187,0.14044,
1787040662166671872,54.99790,-10.99374,0.48363,0.54363,-0.15258,0.44263,-0.69661,1.57480,-1.92667,-0.05987,
1787040662233339136,55.10159,-11.12549,0.47744,0.55154,-0.14729,0.44478,-0.69013,1.58282,-1.95934,-0.20053,
1787040662300004864,55.21081,-11.25545,0.46177,0.55802,-0.13996,0.44371,-0.68713,1.59636,-1.96571,-0.26017,
1787040662366672128,55.31663,-11.38881,0.44628,0.56239,-0.13711,0.43635,-0.68885,1.61096,-1.95676,-0.16916,
1787040662433337856,55.42737,-11.51979,0.43933,0.56918,-0.14318,0.41900,-0.69280,1.64306,-1.98381,-0.00697,
1787040662500005888,55.53716,-11.65551,0.44625,0.57858,-0.14847,0.40535,-0.69203,1.70444,-2.00365,0.16837,
1787040662566673152,55.65457,-11.78835,0.46320,0.58836,-0.14777,0.40911,-0.68164,1.75280,-1.88564,0.33366,
1787040662633338880,55.77707,-11.90922,0.48482,0.59737,-0.15663,0.41571,-0.66768,1.79529,-1.73626,0.31274,
1787040662700007936,55.88593,-12.02236,0.50285,0.60548,-0.17199,0.40947,-0.66041,1.78822,-1.66227,0.11312,
1787040662766673152,56.01120,-12.13602,0.50275,0.61184,-0.18976,0.39581,-0.65801,1.83464,-1.69891,-0.09051,
1787040662833338880,56.12399,-12.24333,0.49513,0.61990,-0.20211,0.38628,-0.65242,1.84306,-1.76781,-0.22334,
1787040662900006144,56.25243,-12.36481,0.47989,0.63079,-0.20607,0.38250,-0.64291,1.85908,-1.81529,-0.22534,
1787040662966674176,56.40250,-12.48312,0.44411,0.64348,-0.20526,0.37305,-0.63611,1.91551,-1.80018,-0.12220,
1787040663033339136,56.53426,-12.46213,0.39998,0.65489,-0.20914,0.36138,-0.62991,1.97300,-1.61383,0.05535,
1787040663100006144,56.60425,-12.52634,0.41399,0.65548,-0.21836,0.36792,-0.62233,1.83778,-1.58585,0.18138,
1787040663166671872,56.72532,-12.63555,0.42800,0.65158,-0.22488,0.37678,-0.61880,1.74945,-1.65660,0.21302,
1787040663233339136,56.83901,-12.74626,0.43743,0.64812,-0.22058,0.38936,-0.61618,1.68352,-1.68375,0.04457,
1787040663300004864,56.93853,-12.84804,0.43551,0.64747,-0.20813,0.39393,-0.61829,1.67718,-1.65556,-0.13478,
1787040663366672128,57.05158,-12.95912,0.42182,0.64478,-0.19993,0.39315,-0.62428,1.70365,-1.69315,-0.27086,
1787040663433340160,57.16930,-13.07555,0.40089,0.64160,-0.18851,0.39116,-0.63230,1.70213,-1.72515,-0.33421,
1787040663500008192,57.29122,-13.19563,0.38228,0.64063,-0.18001,0.38826,-0.63753,1.75637,-1.75992,-0.20213,
1787040663566673152,57.42406,-13.32137,0.37335,0.63997,-0.17897,0.38286,-0.64173,1.74523,-1.76204,-0.02167,
1787040663633337856,57.54535,-13.44113,0.37725,0.64161,-0.17229,0.37615,-0.64588,1.77612,-1.71621,0.13084,
1787040663700005120,57.68005,-13.55247,0.39024,0.64379,-0.16894,0.37349,-0.64614,1.89834,-1.56837,0.25803,
1787040663766673152,57.80338,-13.65023,0.40682,0.64463,-0.17880,0.38099,-0.63822,1.92854,-1.43614,0.19601,
1787040663833338880,57.93567,-13.73740,0.41241,0.64368,-0.19229,0.38257,-0.63430,1.90965,-1.32377,-0.01639,
1787040663900005120,58.06722,-13.81872,0.40515,0.64470,-0.20674,0.37154,-0.63528,1.94107,-1.28481,-0.18919,
1787040663966675968,58.19770,-13.89906,0.38918,0.64639,-0.22231,0.35756,-0.63633,1.94331,-1.32882,-0.29532,
1787040664033339904,58.32817,-13.98238,0.37074,0.65715,-0.22782,0.34432,-0.63063,2.00142,-1.38213,-0.24466,
1787040664100006144,58.46789,-14.06983,0.35867,0.67670,-0.23029,0.33226,-0.61535,2.04873,-1.35527,-0.10553,
1787040664166672896,58.59376,-14.14135,0.36008,0.69298,-0.23712,0.31767,-0.60219,2.12226,-1.23300,0.13176,
1787040664233339136,58.73579,-14.21805,0.36977,0.70504,-0.26775,0.31374,-0.57689,2.10643,-1.29043,0.20282,
1787040664300004864,58.85604,-14.29051,0.38686,0.72892,-0.28750,0.30567,-0.54090,2.02018,-1.42720,0.22401,
1787040664366673920,58.97754,-14.37165,0.39834,0.75579,-0.29187,0.30864,-0.49833,2.03620,-1.42558,0.03745,
1787040664433337856,59.10841,-14.45850,0.39422,0.77478,-0.29042,0.31567,-0.46447,2.03335,-1.36848,-0.18470,
1787040664500005120,59.23901,-14.54109,0.37835,0.78896,-0.29016,0.31290,-0.44208,2.02396,-1.32714,-0.30064,
1787040664566672128,59.36819,-14.62147,0.35702,0.79890,-0.28811,0.31451,-0.42406,2.05757,-1.30201,-0.33712,
1787040664633338880,59.49363,-14.69679,0.33880,0.81155,-0.29146,0.31139,-0.39935,2.00587,-1.20978,-0.20252,
1787040664700006912,59.61281,-14.78838,0.34278,0.82303,-0.30216,0.30142,-0.37478,1.91911,-1.15377,-0.00389,
1787040664766671872,59.77420,-14.88157,0.34578,0.83698,-0.30944,0.27914,-0.35467,1.93376,-1.09522,0.19125,
1787040664833338880,59.89734,-14.93870,0.36286,0.84934,-0.31460,0.26512,-0.33069,1.98148,-0.93754,0.26608,
1787040664900006912,60.02388,-14.98897,0.37895,0.85750,-0.32453,0.25913,-0.30369,1.96997,-0.80285,0.17154,
1787040664966672896,60.14536,-15.02964,0.38360,0.86366,-0.33262,0.25138,-0.28330,1.90946,-0.72773,-0.02262,
1787040665033339136,60.25453,-15.05240,0.37942,0.87133,-0.33900,0.23573,-0.26512,1.90328,-0.63379,-0.16734,
1787040665100004864,60.36499,-15.06871,0.36617,0.87853,-0.34530,0.22333,-0.24304,1.89732,-0.56068,-0.24623,
1787040665166671872,60.46038,-15.06894,0.35236,0.88481,-0.34689,0.21393,-0.22588,1.91074,-0.44346,-0.23362,
1787040665233339136,60.55203,-15.06320,0.34282,0.88816,-0.35273,0.20710,-0.20944,1.88254,-0.34647,-0.12140,
1787040665300007168,60.62140,-15.04573,0.34444,0.89273,-0.35741,0.19890,-0.18901,1.78799,-0.21410,0.09319,
1787040665366672128,60.66903,-15.01586,0.35475,0.89809,-0.37029,0.18299,-0.15110,1.59930,-0.11763,0.16926,
1787040665433337856,60.74985,-15.00423,0.36283,0.89947,-0.38565,0.17282,-0.11120,1.63310,-0.14602,0.15753,
1787040665500005888,60.82857,-15.00001,0.37034,0.90247,-0.38888,0.17059,-0.07226,1.54575,-0.14088,0.06333,
1787040665566672128,60.92703,-15.00692,0.37277,0.90601,-0.38878,0.16309,-0.03755,1.53023,-0.12534,-0.05582,
1787040665633338880,61.03498,-15.01605,0.36413,0.90877,-0.38807,0.15309,-0.00996,1.57703,-0.12988,-0.18749,
1787040665700005888,61.14169,-15.02627,0.34977,0.90893,-0.38980,0.14713,0.01587,1.59970,-0.13653,-0.25851,
1787040665766671872,61.25557,-15.03825,0.33330,0.91025,-0.38758,0.13968,0.04149,1.61729,-0.16406,-0.20277,
1787040665833338880,61.36623,-15.05138,0.32338,0.90839,-0.39040,0.13495,0.06484,1.58885,-0.17871,-0.08560,
1787040665900006912,61.47995,-15.06719,0.32475,0.90809,-0.39194,0.12321,0.08103,1.52726,-0.16121,0.08133,
1787040665966671872,61.57501,-15.08176,0.33784,0.90915,-0.39076,0.11333,0.08895,1.44423,-0.10522,0.19103,
1787040666033339136,61.68544,-15.09483,0.34996,0.90937,-0.39162,0.10940,0.08786,1.49429,-0.04635,0.16455,
1787040666100007168,61.78118,-15.09660,0.35615,0.90580,-0.39874,0.11599,0.08413,1.45523,-0.05806,0.04045,
1787040666166671872,61.87926,-15.10435,0.35610,0.90705,-0.39846,0.11447,0.07334,1.50081,-0.08242,-0.07678,
1787040666233339136,61.98786,-15.11550,0.34820,0.90766,-0.39830,0.12143,0.05267,1.61079,-0.13504,-0.18233,
1787040666300007168,62.10824,-15.14546,0.33680,0.91079,-0.38896,0.13462,0.03253,1.64120,-0.13968,-0.21996,
1787040666366672128,62.22848,-15.16749,0.32302,0.91242,-0.38293,0.14403,0.01001,1.67557,-0.10405,-0.13710,
1787040666433337856,62.33225,-15.18521,0.31879,0.91300,-0.37783,0.15240,-0.02125,1.67280,-0.08204,0.11058,
1787040666500005888,62.43676,-15.20082,0.32431,0.90434,-0.38849,0.17012,-0.04796,1.66311,-0.17718,0.13905,
1787040666566673920,62.53228,-15.22716,0.33616,0.90035,-0.38543,0.18777,-0.07455,1.63721,-0.34117,0.16735,
1787040666633338880,62.62616,-15.26360,0.34851,0.89605,-0.37403,0.21192,-0.11085,1.56714,-0.49176,0.07401,
1787040666700009216,62.69761,-15.30382,0.35517,0.89003,-0.35851,0.23844,-0.14991,1.48829,-0.53720,-0.06367,
1787040666766673152,62.78622,-15.34581,0.35023,0.88215,-0.34372,0.25800,-0.19261,1.46143,-0.57024,-0.17746,
1787040666833338880,62.86792,-15.38665,0.33831,0.87084,-0.33337,0.27702,-0.23184,1.41396,-0.60314,-0.21936,
1787040666900006144,62.94103,-15.43039,0.32750,0.86258,-0.32273,0.28526,-0.26540,1.33073,-0.63298,-0.12900,
1787040666966674176,62.99927,-15.47358,0.32462,0.85646,-0.31700,0.28684,-0.28933,1.26585,-0.61617,0.03599,
1787040667033339136,63.05288,-15.51402,0.33554,0.85176,-0.31354,0.29135,-0.30218,1.19697,-0.56530,0.21607,
1787040667100004864,63.10413,-15.54983,0.35293,0.84650,-0.30621,0.30132,-0.31447,1.09213,-0.46102,0.29265,
1787040667166671872,63.14190,-15.57954,0.37228,0.83710,-0.30838,0.31121,-0.32759,0.96462,-0.41236,0.25539,
1787040667233339136,63.19802,-15.61030,0.38465,0.82998,-0.30548,0.31170,-0.34735,0.92665,-0.41783,0.11243,
1787040667300007168,63.27213,-15.64351,0.38429,0.82113,-0.30400,0.31535,-0.36589,0.99948,-0.45386,-0.04237,
1787040667366672128,63.33593,-15.67932,0.37549,0.81094,-0.29933,0.32225,-0.38592,1.04530,-0.49738,-0.14351,
1787040667433340160,63.41399,-15.71867,0.36156,0.79480,-0.29164,0.33840,-0.41077,1.11813,-0.49642,-0.14938,
1787040667500005120,63.49732,-15.75572,0.35259,0.76898,-0.29005,0.36134,-0.44042,1.15901,-0.48051,-0.05830,
1787040667566672128,63.58051,-15.79046,0.35445,0.74440,-0.28537,0.37757,-0.47104,1.13204,-0.46829,0.17954,
1787040667633337856,63.65069,-15.82499,0.36570,0.72474,-0.28027,0.39210,-0.49240,1.02554,-0.51479,0.23226,
1787040667700005120,63.71357,-15.86291,0.38027,0.70713,-0.27246,0.40450,-0.51197,0.97098,-0.59361,0.22289,
1787040667766673152,63.77521,-15.90403,0.39069,0.69009,-0.25854,0.41812,-0.53114,0.91730,-0.62242,0.08728,
1787040667833338112,63.83246,-15.94668,0.38990,0.67389,-0.24022,0.43224,-0.54895,0.96020,-0.63457,-0.07768,
1787040667900006144,63.89563,-15.98909,0.37815,0.65088,-0.23050,0.45595,-0.56154,1.03046,-0.61190,-0.20960,
1787040667966674176,63.96125,-16.02796,0.36232,0.62569,-0.23023,0.47546,-0.57397,0.99611,-0.54776,-0.22507,
1787040668033338112,64.01425,-16.08427,0.34283,0.61086,-0.23069,0.47603,-0.58909,0.95408,-0.55197,-0.11863,
1787040668100006144,64.08470,-16.11063,0.35217,0.60765,-0.23410,0.46830,-0.59721,0.93935,-0.49500,0.05391,
1787040668166673920,64.12705,-16.13549,0.35293,0.61403,-0.24102,0.44901,-0.60271,0.84523,-0.40812,0.20239,
1787040668233339136,64.17977,-16.16182,0.37204,0.62409,-0.23915,0.42544,-0.61018,0.84277,-0.34918,0.29323,
1787040668300005888,64.24618,-16.19697,0.41781,0.63257,-0.24072,0.41428,-0.60851,0.93084,-0.32989,0.31716,
1787040668366673920,64.28863,-16.21628,0.40833,0.63797,-0.24392,0.41033,-0.60425,0.89529,-0.28834,0.13901,
1787040668433339136,64.37444,-16.26029,0.41081,0.64354,-0.24771,0.40162,-0.60266,0.94093,-0.30655,-0.00833,
1787040668500006912,64.41286,-16.26365,0.41221,0.64860,-0.25182,0.39246,-0.60156,0.93276,-0.28241,-0.11111,
1787040668566673152,64.47721,-16.29379,0.40455,0.65339,-0.24994,0.38486,-0.60207,0.97288,-0.30236,-0.15239,
1787040668633338880,64.54312,-16.31354,0.39694,0.65791,-0.24281,0.37789,-0.60448,1.02436,-0.27336,-0.12482,
1787040668700005888,64.63143,-16.35450,0.39763,0.66267,-0.23647,0.36595,-0.60912,1.10787,-0.30004,-0.00688,
1787040668766673920,64.70693,-16.37399,0.40235,0.66596,-0.23045,0.36249,-0.60991,1.18823,-0.30989,0.15689,
1787040668833338112,64.79969,-16.41722,0.41798,0.66724,-0.23086,0.37031,-0.60363,1.19973,-0.31456,0.17224,
1787040668900006912,64.88772,-16.43740,0.42904,0.66087,-0.24642,0.38234,-0.59695,1.36792,-0.31132,0.17382,
1787040668966672896,64.98774,-16.46250,0.43241,0.64146,-0.27726,0.41261,-0.58430,1.40783,-0.34030,0.04707,
1787040669033339136,65.09579,-16.51099,0.43301,0.62464,-0.28999,0.43916,-0.57695,1.32696,-0.33612,-0.06301,
1787040669100007936,65.20632,-16.55847,0.42100,0.61485,-0.29697,0.44568,-0.57891,1.36684,-0.33662,-0.19825,
1787040669166671872,65.32008,-16.59825,0.40129,0.61081,-0.29944,0.45330,-0.57599,1.40193,-0.33975,-0.27195,
1787040669233339904,65.41251,-16.61874,0.38563,0.60942,-0.29878,0.45459,-0.57679,1.31901,-0.26897,-0.18301,
1787040669300005888,65.52860,-16.64815,0.37798,0.61443,-0.29521,0.44038,-0.58428,1.34267,-0.23210,-0.04318,
1787040669366672896,65.61617,-16.65873,0.38134,0.62800,-0.29657,0.42113,-0.58337,1.36699,-0.15435,0.15705,
1787040669433339136,65.72898,-16.65658,0.43536,0.64010,-0.29504,0.40905,-0.57957,1.33136,-0.07681,0.30982,
1787040669500005888,65.80130,-16.65511,0.45779,0.64842,-0.28736,0.40364,-0.57797,1.30553,0.02807,0.33597,
1787040669566672128,65.89983,-16.65333,0.47431,0.65191,-0.28665,0.40250,-0.57518,1.31358,0.07772,0.20308,
1787040669633338880,65.98597,-16.64498,0.48120,0.65986,-0.28280,0.39755,-0.57146,1.30809,0.14929,0.01436,
1787040669700005888,66.08673,-16.63311,0.47177,0.67079,-0.28414,0.38389,-0.56739,1.37691,0.19546,-0.16692,
1787040669766671872,66.17843,-16.61717,0.45532,0.67903,-0.28660,0.37290,-0.56367,1.43543,0.22188,-0.28062,
1787040669833338880,66.25125,-16.59500,0.43760,0.68444,-0.28513,0.36506,-0.56301,1.46523,0.25902,-0.29131,
1787040669900006912,66.33637,-16.57190,0.41928,0.68918,-0.28009,0.35567,-0.56576,1.49976,0.29804,-0.20655,
1787040669966674944,66.44580,-16.55666,0.41373,0.69389,-0.27498,0.34596,-0.56852,1.59859,0.22910,0.10393,
1787040670033338112,66.54967,-16.54716,0.41594,0.69245,-0.27626,0.34538,-0.57001,1.67469,0.05604,0.24518,
1787040670100004864,66.67054,-16.55200,0.43307,0.68677,-0.27937,0.36624,-0.56228,1.66619,-0.08091,0.27918,
1787040670166671872,66.78563,-16.55890,0.44617,0.68499,-0.27765,0.37832,-0.55729,1.58456,-0.08496,0.07441,
1787040670233338112,66.87660,-16.56563,0.43337,0.68639,-0.26990,0.38144,-0.55725,1.57926,-0.10248,-0.16558,
1787040670300005888,66.98421,-16.57212,0.41735,0.69015,-0.26183,0.38220,-0.55593,1.63452,-0.08517,-0.29326,
1787040670366672128,67.09807,-16.57826,0.38905,0.69260,-0.26129,0.37993,-0.55470,1.64378,-0.09983,-0.25454,
1787040670433339136,67.20966,-16.58606,0.37731,0.69670,-0.25927,0.37428,-0.55435,1.67391,-0.07801,-0.09148,
1787040670500006912,67.32200,-16.59064,0.38061,0.70275,-0.26234,0.36309,-0.55271,1.67178,-0.00830,0.13689,
1787040670566674944,67.42254,-16.59251,0.39282,0.70711,-0.26815,0.36365,-0.54393,1.64022,0.04455,0.28869,
1787040670633338880,67.52829,-16.58681,0.41273,0.70893,-0.27441,0.36930,-0.53455,1.55305,0.15476,0.35594,
1787040670700005888,67.61107,-16.57805,0.43098,0.71048,-0.28584,0.36440,-0.52984,1.48123,0.19159,0.16827,
1787040670766671872,67.70404,-16.57009,0.43475,0.71607,-0.29208,0.35465,-0.52551,1.49502,0.16292,-0.05416,
1787040670833339904,67.80468,-16.56279,0.42557,0.72392,-0.29796,0.35115,-0.51367,1.56402,0.12541,-0.22730,
1787040670900008960,67.90966,-16.55945,0.40953,0.73362,-0.29893,0.34571,-0.50291,1.56780,0.10111,-0.26459,
1787040670966672896,68.01728,-16.55569,0.39914,0.74139,-0.28949,0.33953,-0.50126,1.59991,0.11775,-0.10378,
1787040671033339136,68.12830,-16.54973,0.39868,0.74386,-0.28278,0.33325,-0.50562,1.63441,0.16422,0.15200,
1787040671100007168,68.23909,-16.54051,0.41069,0.74117,-0.28763,0.33314,-0.50691,1.67499,0.13053,0.25202,
1787040671166673920,68.35022,-16.53837,0.43009,0.73626,-0.29735,0.33543,-0.50694,1.60641,0.01218,0.33821,
1787040671233339136,68.45353,-16.54388,0.45158,0.73269,-0.29259,0.34523,-0.50831,1.55513,-0.10177,0.21002,
1787040671300005888,68.55796,-16.55755,0.45698,0.72820,-0.28074,0.35484,-0.51478,1.58976,-0.10529,-0.02255,
1787040671366674944,68.66327,-16.57075,0.44904,0.72201,-0.27128,0.36373,-0.52231,1.62094,-0.07978,-0.22369,
1787040671433339136,68.77381,-16.58063,0.42880,0.71582,-0.26576,0.36471,-0.53287,1.66178,-0.06774,-0.31526,
1787040671500008192,68.88739,-16.58801,0.40935,0.71404,-0.26343,0.35818,-0.54079,1.71131,-0.07362,-0.20929,
1787040671566673152,69.00270,-16.59704,0.40026,0.71688,-0.25992,0.35536,-0.54060,1.72995,-0.10677,-0.04561,
1787040671633339904,69.11722,-16.60259,0.40394,0.71912,-0.25448,0.35266,-0.54197,1.72680,-0.05850,0.11902,
1787040671700005120,69.22795,-16.60403,0.41794,0.71981,-0.25449,0.35157,-0.54176,1.63319,0.05780,0.30196,
1787040671766673152,69.34006,-16.59999,0.44042,0.71705,-0.26582,0.34633,-0.54336,1.65605,0.06705,0.31126,
1787040671833338880,69.45061,-16.59708,0.45324,0.71192,-0.27262,0.35077,-0.54388,1.64740,0.05297,0.10317,
1787040671900006144,69.55883,-16.59356,0.45407,0.71012,-0.27611,0.34958,-0.54523,1.65127,0.05594,-0.10526,
1787040671966672896,69.66961,-16.58978,0.44153,0.71060,-0.28072,0.34323,-0.54630,1.70041,0.03821,-0.27817,
1787040672033338112,69.79347,-16.58957,0.41774,0.71501,-0.28004,0.33942,-0.54326,1.78014,0.04271,-0.27018,
1787040672100008960,69.91326,-16.58344,0.40432,0.72474,-0.28280,0.33597,-0.53094,1.84756,0.08587,-0.11056,
1787040672166673920,70.03755,-16.57575,0.40782,0.73725,-0.28520,0.32801,-0.51724,1.87213,0.11981,0.16137,
1787040672233339136,70.16829,-16.56984,0.41797,0.74586,-0.30034,0.32439,-0.49826,1.86354,0.07701,0.25281,
1787040672300004864,70.28827,-16.57012,0.43683,0.75510,-0.31890,0.31809,-0.47639,1.83273,-0.01131,0.27793,
1787040672366672128,70.41884,-16.57791,0.44729,0.76216,-0.32490,0.31785,-0.46101,1.81777,-0.06127,0.08802,
1787040672433337856,70.54070,-16.58778,0.44421,0.76361,-0.32949,0.31768,-0.45543,1.82757,-0.05089,-0.13036,
1787040672500005120,70.66384,-16.59710,0.42852,0.76967,-0.33043,0.31335,-0.44748,1.85223,-0.05016,-0.30145,
1787040672566673152,70.78712,-16.59532,0.40783,0.78343,-0.33405,0.29965,-0.42995,1.89942,-0.02316,-0.28344,
1787040672633338880,70.91469,-16.59643,0.39141,0.80346,-0.34912,0.28385,-0.38987,1.96414,0.00359,-0.17593,
1787040672700006912,71.04396,-16.59420,0.38552,0.82946,-0.36057,0.26418,-0.33496,1.93292,0.10830,0.07681,
1787040672766673152,71.18439,-16.58229,0.39952,0.84837,-0.37422,0.25361,-0.27553,1.85584,0.27335,0.28157,
1787040672833339904,71.30281,-16.56052,0.41736,0.86033,-0.39293,0.23818,-0.22069,1.79034,0.45521,0.30552,
1787040672900006912,71.42704,-16.53142,0.42786,0.86696,-0.41860,0.21807,-0.15998,1.69096,0.47953,0.04858,
1787040672966676992,71.54767,-16.50326,0.42386,0.87630,-0.42649,0.19197,-0.11554,1.67497,0.45783,-0.14621,
1787040673033339136,71.67412,-16.47475,0.40748,0.88285,-0.43078,0.17208,-0.07346,1.73722,0.48142,-0.29377,
1787040673100004864,71.80580,-16.43961,0.38672,0.88970,-0.42919,0.15288,-0.02933,1.77047,0.57876,-0.25322,
1787040673166672896,71.98065,-16.38317,0.38459,0.88651,-0.44076,0.14083,0.00080,1.83988,0.70543,-0.07800,
1787040673233339136,72.11039,-16.33915,0.38737,0.88674,-0.44537,0.12357,0.00849,1.87159,0.72140,0.17399,
1787040673300005888,72.23925,-16.29508,0.40180,0.88250,-0.45385,0.12086,0.02466,1.85997,0.60355,0.26935,
1787040673366672896,72.37933,-16.26232,0.41887,0.88231,-0.45403,0.12111,0.02684,1.88702,0.58371,0.24229,
1787040673433339136,72.51851,-16.22686,0.42974,0.88574,-0.44783,0.12120,0.01536,1.94579,0.58272,0.05686,
1787040673500005888,72.64889,-16.18811,0.42713,0.88704,-0.44356,0.12810,0.00221,2.00465,0.61882,-0.15081,
1787040673566672128,72.78791,-16.15294,0.41390,0.88837,-0.43795,0.13568,-0.02442,1.99651,0.60626,-0.28899,
1787040673633339904,72.93229,-16.11988,0.39436,0.88875,-0.42958,0.14320,-0.07129,2.04950,0.60435,-0.23890,
1787040673700006912,73.07592,-16.08286,0.38178,0.88671,-0.42090,0.15346,-0.11421,2.05477,0.64562,-0.08110,
1787040673766673152,73.20817,-16.04004,0.38231,0.88563,-0.40892,0.15944,-0.15174,1.97736,0.71447,0.08791,
1787040673833338880,73.32498,-15.98686,0.39838,0.88511,-0.39508,0.16672,-0.18084,1.82045,0.87256,0.32976,
1787040673900005120,73.43020,-15.92231,0.42347,0.87764,-0.39820,0.17258,-0.20346,1.81338,0.94302,0.30860,
1787040673966674944,73.52444,-15.85929,0.43878,0.86487,-0.40472,0.18766,-0.23017,1.78156,0.95243,0.05439,
1787040674033338112,73.64276,-15.79302,0.43084,0.85036,-0.40239,0.20086,-0.27319,1.77247,0.96579,-0.18906,
1787040674100006144,73.75639,-15.72898,0.41192,0.82600,-0.39687,0.21314,-0.33882,1.81561,0.97846,-0.31850,
1787040674166672896,73.87278,-15.66257,0.39494,0.80252,-0.37994,0.23305,-0.39662,1.81326,0.99651,-0.19905,
1787040674233339136,73.99076,-15.58874,0.39015,0.78355,-0.36773,0.25388,-0.43171,1.80890,1.03663,0.01984,
1787040674300007168,74.09351,-15.51424,0.40179,0.77116,-0.35549,0.26892,-0.45455,1.76038,1.01458,0.22049,
1787040674366672128,74.09216,-15.42688,0.42732,0.75862,-0.34932,0.27551,-0.47599,1.57464,0.99572,0.35020,
1787040674433340160,74.15887,-15.37611,0.45241,0.74261,-0.35133,0.28341,-0.49474,1.50559,0.86739,0.29996,
1787040674500006912,74.24774,-15.32524,0.46589,0.72982,-0.34058,0.29650,-0.51329,1.48002,0.77944,0.05270,
1787040674566673152,74.34832,-15.27327,0.46280,0.71858,-0.32368,0.31017,-0.53167,1.50524,0.79455,-0.18589,
1787040674633337856,74.45292,-15.21840,0.44600,0.70871,-0.30891,0.31951,-0.54792,1.51570,0.82654,-0.32007,
1787040674700006912,74.56769,-15.14580,0.46920,0.70511,-0.29129,0.32044,-0.56151,1.59000,0.87569,-0.14562,
1787040674766673152,74.68672,-15.07853,0.46582,0.70155,-0.27862,0.32843,-0.56774,1.68742,0.91652,0.02374,
1787040674833339904,74.79707,-15.01795,0.47295,0.69774,-0.28343,0.34530,-0.55999,1.69116,1.00137,0.19705,
1787040674900005120,74.92182,-14.93041,0.49488,0.69731,-0.29569,0.35157,-0.55021,1.65097,1.12159,0.40247,
1787040674966672896,75.00969,-14.88157,0.51480,0.69544,-0.31968,0.36031,-0.53324,1.59067,1.09822,0.34636,
1787040675033339904,75.10893,-14.81583,0.52663,0.69933,-0.33579,0.36424,-0.51529,1.56377,1.07070,0.09419,
1787040675100007168,75.21415,-14.74820,0.51941,0.70985,-0.34623,0.37119,-0.48832,1.63672,1.08964,-0.15460,
1787040675166672896,75.32102,-14.67950,0.49713,0.71463,-0.36374,0.37950,-0.46149,1.65759,1.11482,-0.32014,
1787040675233339904,75.42173,-14.62187,0.47198,0.72094,-0.36992,0.38523,-0.44158,1.66153,1.07097,-0.25691,
1787040675300007168,75.52741,-14.56692,0.45950,0.72558,-0.36739,0.39627,-0.42606,1.59800,0.96352,-0.03310,
1787040675366673920,75.63629,-14.51797,0.46332,0.73168,-0.35700,0.40696,-0.41422,1.62089,0.83674,0.17618,
1787040675433339136,75.73027,-14.47533,0.47803,0.72949,-0.35071,0.42010,-0.41032,1.52812,0.73355,0.31340,
1787040675500005888,75.83138,-14.44607,0.49786,0.72471,-0.34724,0.42685,-0.41475,1.48196,0.62566,0.31887,
1787040675566673152,75.91339,-14.41749,0.51549,0.72237,-0.33761,0.42620,-0.42727,1.38925,0.58758,0.15191,
1787040675633341952,75.97073,-14.42632,0.51575,0.72425,-0.31908,0.41911,-0.44496,1.34397,0.51030,-0.07956,
1787040675700005888,76.03719,-14.42611,0.50512,0.72748,-0.29766,0.40788,-0.46454,1.34975,0.47324,-0.24036,
1787040675766673920,76.12186,-14.41112,0.48947,0.73108,-0.27497,0.39312,-0.48516,1.41712,0.45684,-0.19453,
1787040675833338880,76.20314,-14.39833,0.47994,0.72617,-0.26231,0.38142,-0.50832,1.42853,0.47572,-0.05249,
1787040675900006144,76.28791,-14.38119,0.48243,0.71864,-0.25425,0.36520,-0.53436,1.46809,0.48541,0.11793,
1787040675966678016,76.36448,-14.36591,0.50036,0.71289,-0.25046,0.35574,-0.55001,1.41838,0.48035,0.31604,
1787040676033338112,76.47999,-14.32356,0.52293,0.70704,-0.25371,0.36238,-0.55173,1.44175,0.51609,0.35605,
1787040676100006144,76.57468,-14.28665,0.54063,0.69839,-0.25959,0.36457,-0.55853,1.33749,0.53463,0.17319,
1787040676166671872,76.66079,-14.25310,0.54274,0.69481,-0.25257,0.35781,-0.57046,1.39493,0.51600,-0.05677,
1787040676233339136,76.75654,-14.21720,0.53144,0.69105,-0.24786,0.35688,-0.57763,1.43344,0.52153,-0.23163,
1787040676300005888,76.85140,-14.18306,0.51589,0.69274,-0.23808,0.35408,-0.58142,1.45966,0.51868,-0.23288,
1787040676366673920,76.95717,-14.14438,0.50312,0.69319,-0.23070,0.35581,-0.58281,1.51965,0.50136,-0.08411,
1787040676433340160,77.06031,-14.11240,0.50310,0.69254,-0.22245,0.36212,-0.58290,1.57076,0.44530,0.13409,
1787040676500006912,77.16411,-14.08411,0.50918,0.68718,-0.22809,0.37845,-0.57665,1.62468,0.37878,0.20308,
1787040676566673920,77.27803,-14.06042,0.52257,0.67560,-0.24740,0.40043,-0.56747,1.67483,0.28455,0.25163,
1787040676633339904,77.39613,-14.03478,0.52751,0.66130,-0.26784,0.42710,-0.55545,1.61352,0.26909,0.07501,
1787040676700006912,77.50156,-14.01258,0.52074,0.65409,-0.27448,0.44142,-0.54952,1.55604,0.27181,-0.15108,
1787040676766673920,77.61249,-13.99321,0.49865,0.65342,-0.27270,0.44718,-0.54654,1.55648,0.28081,-0.30300,
1787040676833338880,77.73203,-13.96551,0.47580,0.65991,-0.27331,0.44272,-0.54205,1.62441,0.31087,-0.33055,
1787040676900006144,77.84820,-13.94185,0.45790,0.67310,-0.27838,0.43097,-0.53263,1.73997,0.33301,-0.19603,
1787040676966674176,77.97288,-13.90956,0.45217,0.69885,-0.29902,0.41204,-0.50241,1.76845,0.43235,0.00417,
1787040677033339904,78.10358,-13.86233,0.46556,0.74205,-0.33104,0.37630,-0.44517,1.71976,0.55428,0.20898,
1787040677100006144,78.22342,-13.81570,0.48380,0.78563,-0.36177,0.34414,-0.36534,1.72653,0.65155,0.28348,
1787040677166671872,78.35717,-13.76073,0.49719,0.81783,-0.39536,0.31727,-0.27238,1.67148,0.69553,0.13196,
1787040677233339136,78.50040,-13.70669,0.49285,0.84456,-0.41184,0.28705,-0.18632,1.65289,0.65719,-0.08147,
1787040677300005888,78.63338,-13.65726,0.47325,0.85900,-0.41853,0.26177,-0.13572,1.68012,0.60816,-0.26585,
1787040677366673920,78.75147,-13.63087,0.46617,0.86483,-0.41942,0.24732,-0.12243,1.70602,0.53328,-0.28720,
1787040677433340160,78.88915,-13.60359,0.45027,0.86956,-0.41416,0.23918,-0.12303,1.82344,0.50174,-0.17100,
1787040677500006912,79.05522,-13.55805,0.45659,0.87071,-0.40850,0.24185,-0.12843,1.91057,0.46833,0.06016,
1787040677566673152,79.14655,-13.55704,0.45069,0.86239,-0.40676,0.25898,-0.15414,1.83776,0.28132,0.15805,
1787040677633338880,79.26337,-13.56472,0.46043,0.84240,-0.40155,0.29226,-0.20906,1.84278,0.13843,0.22442,
1787040677700012032,79.38529,-13.56996,0.46872,0.80742,-0.39855,0.34083,-0.27030,1.78892,0.02918,0.10325,
1787040677766670848,79.50584,-13.57551,0.47653,0.77537,-0.38674,0.37817,-0.32591,1.75264,0.04281,-0.08899,
1787040677833338112,79.62353,-13.58454,0.45995,0.74937,-0.37599,0.40133,-0.36880,1.79885,0.06998,-0.28693,
1787040677900006144,79.74588,-13.57981,0.43355,0.72381,-0.37025,0.41938,-0.40390,1.81444,0.08311,-0.37677,
1787040677966671872,79.86738,-13.57442,0.41439,0.70253,-0.36520,0.42758,-0.43618,1.87396,0.09607,-0.26716,
1787040678033340928,80.00314,-13.56379,0.40613,0.68639,-0.36472,0.42981,-0.45946,1.87167,0.11427,-0.04943,
1787040678100008960,80.13703,-13.54979,0.41234,0.67569,-0.36980,0.42674,-0.47390,1.90506,0.18180,0.10603,
1787040678166681088,80.26454,-13.53031,0.42801,0.66736,-0.37583,0.42600,-0.48156,1.91748,0.28407,0.25169,
1787040678233339904,80.39903,-13.50608,0.44737,0.65826,-0.39206,0.42988,-0.47769,1.89993,0.34626,0.21057,
1787040678300007168,80.52740,-13.48184,0.45513,0.65052,-0.40517,0.42972,-0.47750,1.88630,0.34510,-0.00560,
1787040678366672896,80.66673,-13.45503,0.44957,0.64260,-0.41642,0.43044,-0.47789,1.99041,0.33394,-0.25278,
1787040678433339136,80.81464,-13.42815,0.42766,0.63343,-0.42631,0.43849,-0.47408,2.01756,0.31044,-0.36876,
1787040678500008192,80.95012,-13.40733,0.40121,0.63131,-0.42510,0.44365,-0.47319,2.05288,0.30253,-0.32046,
1787040678566673152,81.08824,-13.38865,0.38394,0.62579,-0.42244,0.45498,-0.47214,2.05950,0.26215,-0.13337,
1787040678633338880,81.22663,-13.37601,0.38190,0.61749,-0.41186,0.47045,-0.47723,2.08252,0.17108,0.07331,
1787040678700005888,81.36570,-13.36618,0.38882,0.60739,-0.40396,0.48388,-0.48348,2.00452,0.09457,0.18221,
1787040678766673152,81.49910,-13.36572,0.39993,0.59581,-0.39779,0.50132,-0.48523,1.94665,-0.00802,0.15766,
1787040678833339904,81.62550,-13.36854,0.40651,0.58932,-0.38240,0.51371,-0.49253,1.84591,-0.04744,0.00549,
1787040678900006912,81.74523,-13.37277,0.40357,0.58764,-0.36180,0.51948,-0.50390,1.84870,-0.02715,-0.17192,
1787040678966672896,81.86461,-13.37526,0.39121,0.58931,-0.34296,0.51444,-0.52004,1.88507,0.00742,-0.28344,
1787040679033339136,81.98942,-13.37613,0.37507,0.59623,-0.32806,0.49948,-0.53609,1.93030,0.00760,-0.21713,
1787040679100007168,82.12425,-13.37798,0.36947,0.60387,-0.31935,0.48380,-0.54708,1.96708,0.01263,-0.03946,
1787040679166673920,82.25290,-13.37594,0.37748,0.61579,-0.31457,0.46126,-0.55596,1.96890,0.08320,0.22163,
1787040679233339904,82.38640,-13.36743,0.39786,0.62724,-0.31146,0.44484,-0.55829,1.93275,0.12355,0.36243,
1787040679300005888,82.50689,-13.35587,0.42580,0.63246,-0.31422,0.43724,-0.55686,1.87058,0.20557,0.36746,
1787040679366672896,82.61441,-13.34154,0.44662,0.63919,-0.31463,0.41842,-0.56335,1.78903,0.24707,0.15343,
1787040679433340928,82.72891,-13.32707,0.45008,0.64491,-0.31489,0.39453,-0.57383,1.84820,0.23312,-0.10073,
1787040679500006912,82.84130,-13.31237,0.44055,0.64926,-0.31235,0.37804,-0.58137,1.87920,0.18064,-0.29893,
1787040679566672128,82.95811,-13.29870,0.41985,0.65493,-0.30164,0.36738,-0.58746,1.93682,0.14029,-0.26991,
1787040679633338880,83.07640,-13.29004,0.40792,0.65404,-0.29387,0.37334,-0.58863,1.95352,0.09715,-0.12989,
1787040679700007936,83.19585,-13.28225,0.40860,0.65768,-0.28298,0.37750,-0.58727,1.95928,0.07815,0.09979,
1787040679766675968,83.32466,-13.27718,0.41773,0.67198,-0.28339,0.37951,-0.56930,1.94608,0.00022,0.20895,
1787040679833339904,83.44200,-13.27579,0.43487,0.68741,-0.29063,0.38287,-0.54444,1.89737,-0.06384,0.26414,
1787040679900006144,83.55382,-13.28146,0.44768,0.70139,-0.29405,0.38788,-0.52070,1.82560,-0.12099,0.09140,
1787040679966671872,83.64443,-13.29712,0.44684,0.71358,-0.29177,0.39189,-0.50209,1.79170,-0.14544,-0.13345,
1787040680033339136,83.76606,-13.30875,0.43041,0.72465,-0.28802,0.39265,-0.48759,1.80121,-0.15852,-0.30637,
1787040680100006144,83.87094,-13.32630,0.40602,0.73692,-0.28157,0.38685,-0.47751,1.80523,-0.19828,-0.34539,
1787040680166672896,83.98632,-13.34282,0.38594,0.75110,-0.27714,0.37905,-0.46407,1.84814,-0.20661,-0.21366,
1787040680233339904,84.11089,-13.35720,0.37557,0.76594,-0.27519,0.36557,-0.45163,1.83501,-0.18279,-0.02823,
1787040680300005888,84.23091,-13.37123,0.37899,0.77553,-0.27733,0.35740,-0.44035,1.82999,-0.13921,0.14887,
1787040680366672128,84.34401,-13.38324,0.39375,0.77405,-0.27497,0.36357,-0.43937,1.87388,-0.08557,0.27461,
1787040680433340160,84.45900,-13.39152,0.40827,0.75711,-0.28173,0.38890,-0.44292,1.80604,-0.00344,0.16361,
1787040680500006912,84.57490,-13.38818,0.41212,0.73473,-0.28784,0.39603,-0.46955,1.73776,0.09491,-0.03942,
1787040680566673920,84.68340,-13.38741,0.40107,0.71935,-0.29827,0.38129,-0.49820,1.78201,0.07806,-0.26400,
1787040680633338880,84.80082,-13.38751,0.37882,0.71633,-0.29839,0.37117,-0.50998,1.81767,0.00321,-0.34784,
1787040680700006912,84.92227,-13.38865,0.36151,0.71956,-0.28734,0.36467,-0.51641,1.86436,-0.01093,-0.17410,
1787040680766673920,85.04523,-13.39288,0.35616,0.71953,-0.27490,0.36305,-0.52431,1.87470,-0.06173,0.00983,
1787040680833338880,85.17437,-13.39989,0.36318,0.71396,-0.26584,0.36645,-0.53413,1.84743,-0.11494,0.15044,
1787040680900006144,85.30455,-13.41252,0.37934,0.70675,-0.26616,0.37026,-0.54090,1.82795,-0.23941,0.28810,
1787040680966672896,85.40766,-13.43624,0.39983,0.69442,-0.26389,0.38798,-0.54554,1.69491,-0.33767,0.18982,
1787040681033339904,85.52205,-13.46156,0.40632,0.68559,-0.25412,0.40000,-0.55262,1.65906,-0.33121,-0.05073,
1787040681100009984,85.64020,-13.48436,0.39715,0.68347,-0.24506,0.40056,-0.55889,1.70158,-0.33290,-0.25251,
1787040681166672896,85.75988,-13.50743,0.37838,0.68593,-0.23477,0.39916,-0.56130,1.73164,-0.35090,-0.35180,
1787040681233339136,85.86664,-13.53539,0.36176,0.69317,-0.22530,0.38849,-0.56376,1.80385,-0.40186,-0.21945,
1787040681300007168,85.97637,-13.56558,0.35618,0.70121,-0.22116,0.38266,-0.55944,1.78304,-0.38074,-0.00868,
1787040681366672896,86.10248,-13.59158,0.36205,0.71157,-0.22384,0.37277,-0.55190,1.80766,-0.32745,0.17432,
1787040681433339136,86.22352,-13.61029,0.37892,0.71863,-0.22747,0.36976,-0.54324,1.83859,-0.25989,0.33662,
1787040681500008192,86.35124,-13.62730,0.39914,0.71786,-0.23696,0.37995,-0.53308,1.81770,-0.18461,0.26341,
1787040681566672128,86.46568,-13.63849,0.41094,0.71421,-0.24535,0.37608,-0.53690,1.75533,-0.13344,0.02338,
1787040681633338880,86.58389,-13.65033,0.40528,0.71177,-0.25069,0.36313,-0.54652,1.80633,-0.15238,-0.19835,
1787040681700007936,86.70099,-13.66288,0.38859,0.71062,-0.24905,0.35820,-0.55199,1.83223,-0.18691,-0.31314,
1787040681766671872,86.82677,-13.68000,0.37285,0.71114,-0.24448,0.35234,-0.55711,1.89270,-0.22097,-0.17936,
1787040681833338880,86.95069,-13.69689,0.36683,0.70841,-0.23719,0.35345,-0.56300,1.85935,-0.26696,0.05373,
1787040681900006144,87.09113,-13.71825,0.37358,0.70246,-0.23319,0.36215,-0.56658,1.83882,-0.32587,0.19297,
1787040681966674176,87.21153,-13.74241,0.38985,0.69904,-0.23452,0.36675,-0.56731,1.75674,-0.40612,0.31165,
1787040682033339904,87.32162,-13.77436,0.40704,0.69584,-0.23330,0.37852,-0.56401,1.67949,-0.49569,0.19671,
1787040682100004864,87.42901,-13.81024,0.41112,0.69290,-0.22384,0.39183,-0.56236,1.64147,-0.49571,-0.05631,
1787040682166672896,87.53657,-13.84508,0.39846,0.69290,-0.21080,0.39305,-0.56653,1.67353,-0.48724,-0.23319,
1787040682233338112,87.65131,-13.87956,0.37496,0.69499,-0.20621,0.38900,-0.56846,1.73573,-0.49436,-0.33943,
1787040682300004864,87.77044,-13.91758,0.35163,0.69911,-0.20117,0.38067,-0.57084,1.79960,-0.54239,-0.24107,
1787040682366672896,87.89730,-13.95185,0.34491,0.70613,-0.20163,0.37553,-0.56542,1.81731,-0.50601,-0.01756,
1787040682433339136,88.03715,-13.98446,0.35069,0.71760,-0.20764,0.36381,-0.55640,1.86583,-0.43675,0.18170,
1787040682500008192,88.16424,-14.00764,0.36944,0.72947,-0.21839,0.35922,-0.53958,1.91543,-0.31336,0.35655,
1787040682566672128,88.28976,-14.02421,0.38837,0.74270,-0.24264,0.36081,-0.50925,1.88078,-0.21513,0.26853,
1787040682633342976,88.41886,-14.03789,0.39548,0.75704,-0.26210,0.35287,-0.48339,1.81017,-0.16228,0.02093,
1787040682700005888,88.54439,-14.04630,0.38476,0.77418,-0.28199,0.33424,-0.45761,1.83541,-0.16192,-0.21371,
1787040682766673920,88.66421,-14.05582,0.36378,0.79563,-0.29353,0.31694,-0.42468,1.82657,-0.19173,-0.35336,
1787040682833338880,88.79366,-14.06813,0.34233,0.81749,-0.29539,0.30039,-0.39270,1.84814,-0.18771,-0.24231,
1787040682900006912,88.92014,-14.08206,0.33267,0.83167,-0.29360,0.28933,-0.37204,1.81242,-0.20570,0.01090,
1787040682966672896,89.06069,-14.09526,0.34412,0.83755,-0.29698,0.28244,-0.36132,1.84797,-0.24377,0.18427,
1787040683033339904,89.18721,-14.11381,0.36040,0.84048,-0.30751,0.28208,-0.34564,1.80763,-0.33725,0.30267,
1787040683100007936,89.30397,-14.13988,0.37892,0.84337,-0.31142,0.28990,-0.32817,1.75856,-0.42291,0.20052,
1787040683166672896,89.42309,-14.16787,0.38518,0.84312,-0.30996,0.30437,-0.31692,1.72445,-0.43220,-0.03621,
1787040683233339136,89.52218,-14.19829,0.37583,0.84430,-0.30448,0.30700,-0.31655,1.69055,-0.42792,-0.21897,
1787040683300004864,89.63373,-14.22740,0.35646,0.84569,-0.30000,0.30574,-0.31833,1.74636,-0.45179,-0.33570,
1787040683366672896,89.75275,-14.25842,0.33562,0.84695,-0.29633,0.30456,-0.31955,1.77500,-0.47728,-0.23676,
1787040683433340160,89.86094,-14.29100,0.32376,0.84653,-0.29855,0.30199,-0.32103,1.74828,-0.48563,-0.03852,
1787040683500005888,89.95736,-14.33324,0.32882,0.83675,-0.30573,0.30088,-0.34038,1.68963,-0.49171,0.14111,
1787040683566673920,90.07336,-14.37174,0.34550,0.81509,-0.30313,0.30676,-0.38683,1.67478,-0.42817,0.31402,
1787040683633341184,90.21572,-14.39942,0.36555,0.79098,-0.30670,0.32682,-0.41650,1.72710,-0.37474,0.31846,
1787040683700007936,90.34294,-14.42117,0.38107,0.77087,-0.30712,0.34441,-0.43911,1.68011,-0.33310,0.10078,
1787040683766673920,90.46445,-14.43651,0.38333,0.75714,-0.30556,0.34240,-0.46489,1.72334,-0.27236,-0.10833,
1787040683833338880,90.57111,-14.44803,0.37359,0.74699,-0.30468,0.33857,-0.48429,1.73117,-0.28030,-0.27646,
1787040683900005120,90.68732,-14.45846,0.35910,0.74183,-0.29393,0.33590,-0.50046,1.77038,-0.26398,-0.21190,
1787040683966672896,90.78548,-14.47074,0.35643,0.73860,-0.28310,0.33793,-0.51003,1.73177,-0.26149,-0.03233,
1787040684033339904,90.88538,-14.48118,0.36486,0.73465,-0.27353,0.33818,-0.52068,1.72907,-0.26457,0.21139,
1787040684100007168,90.98545,-14.49515,0.38241,0.72923,-0.27214,0.34362,-0.52544,1.59024,-0.31992,0.29076,
1787040684166675200,91.09046,-14.51556,0.40461,0.72374,-0.27165,0.34825,-0.53022,1.59324,-0.42925,0.27831,
1787040684233338112,91.19798,-14.54684,0.41604,0.71519,-0.26336,0.36793,-0.53271,1.56404,-0.48497,0.06958,
1787040684300007168,91.29041,-14.57585,0.41501,0.70877,-0.24914,0.38097,-0.53893,1.54911,-0.46454,-0.12362,
1787040684366672896,91.40084,-14.60300,0.39813,0.70444,-0.24035,0.38538,-0.54542,1.59233,-0.44380,-0.26408,
1787040684433340928,91.47377,-14.64374,0.38374,0.70279,-0.23173,0.38302,-0.55289,1.56494,-0.48830,-0.23238,
1787040684500005888,91.57691,-14.68292,0.37314,0.70183,-0.22976,0.38207,-0.55557,1.60525,-0.51272,-0.08620,
1787040684566672128,91.70136,-14.71723,0.37215,0.70554,-0.23176,0.36978,-0.55836,1.62759,-0.46911,0.12636,
1787040684633337856,91.79700,-14.75092,0.38942,0.70877,-0.23752,0.36752,-0.55332,1.58692,-0.42344,0.28787,
1787040684700005888,91.94030,-14.79650,0.43148,0.70739,-0.24412,0.37528,-0.54697,1.68781,-0.33755,0.40807,
1787040684766671872,92.01206,-14.79707,0.43303,0.70179,-0.25855,0.37984,-0.54439,1.57392,-0.24287,0.20496,
1787040684833338112,92.12534,-14.82735,0.44598,0.69698,-0.27255,0.37018,-0.55037,1.57553,-0.23709,-0.00444,
1787040684900005120,92.26424,-14.84872,0.44123,0.69511,-0.28557,0.35694,-0.55486,1.64648,-0.28227,-0.18603,
1787040684966672896,92.37358,-14.86644,0.42585,0.69575,-0.28734,0.34658,-0.55969,1.67436,-0.32678,-0.24756,
1787040685033339136,92.47549,-14.88707,0.41440,0.69468,-0.28707,0.34357,-0.56300,1.68740,-0.35553,-0.08698,
1787040685100006144,92.58925,-14.91322,0.41521,0.69238,-0.28189,0.34388,-0.56823,1.67372,-0.39798,0.14102,
1787040685166672896,92.70219,-14.94182,0.43082,0.68615,-0.28198,0.35368,-0.56973,1.61212,-0.47235,0.27441,
1787040685233339136,92.80884,-14.97349,0.45018,0.68266,-0.28114,0.36088,-0.56983,1.55133,-0.53255,0.32958,
1787040685300004864,92.91365,-15.00906,0.46632,0.67841,-0.28118,0.37651,-0.56475,1.51894,-0.59113,0.17722,
1787040685366672896,93.01537,-15.04934,0.47143,0.67531,-0.27331,0.39194,-0.56183,1.49720,-0.56696,-0.02582,
1787040685433337856,93.12625,-15.08390,0.46316,0.67333,-0.26670,0.39671,-0.56402,1.53467,-0.53950,-0.17347,
1787040685500005888,93.23443,-15.11778,0.44795,0.67250,-0.26209,0.39698,-0.56697,1.55529,-0.54863,-0.24940,
1787040685566673152,93.33788,-15.15596,0.43507,0.67402,-0.25582,0.39236,-0.57122,1.59788,-0.56961,-0.12498,
1787040685633338880,93.45168,-15.19806,0.43995,0.67747,-0.25615,0.38223,-0.57386,1.59778,-0.53810,0.08932,
1787040685700007936,93.56121,-15.22321,0.44259,0.68142,-0.26300,0.37304,-0.57214,1.61906,-0.49592,0.23294,
1787040685766671872,93.68553,-15.25631,0.46242,0.68458,-0.26696,0.36951,-0.56881,1.68530,-0.41142,0.36905,
1787040685833339904,93.79965,-15.27057,0.48241,0.68292,-0.28251,0.37866,-0.55716,1.66354,-0.32374,0.27786,
1787040685900006144,93.92060,-15.28210,0.48557,0.67872,-0.29388,0.37993,-0.55554,1.63645,-0.27777,0.04319,
1787040685966674944,94.02581,-15.29006,0.47297,0.67289,-0.30170,0.37644,-0.56080,1.69113,-0.28747,-0.16488,
1787040686033338112,94.14575,-15.30992,0.45623,0.66455,-0.30777,0.38218,-0.56355,1.72207,-0.29478,-0.28332,
1787040686100004864,94.28363,-15.32135,0.43247,0.65872,-0.30733,0.38730,-0.56713,1.77707,-0.28057,-0.19904,
1787040686166672896,94.41776,-15.33102,0.42027,0.65511,-0.30497,0.39083,-0.57015,1.77864,-0.28879,0.02248,
1787040686233338112,94.53570,-15.35397,0.42992,0.64721,-0.30462,0.39872,-0.57388,1.75950,-0.37488,0.19182,
1787040686300007168,94.64838,-15.36974,0.43990,0.63903,-0.30122,0.41240,-0.57518,1.68612,-0.40067,0.25398,
1787040686366672128,94.76594,-15.38956,0.45321,0.63189,-0.30597,0.42880,-0.56853,1.64833,-0.39991,0.20504,
1787040686433339136,94.87878,-15.40558,0.45996,0.63077,-0.30175,0.44115,-0.56254,1.57603,-0.32169,0.03370,
1787040686500008192,94.97730,-15.41463,0.45511,0.63436,-0.29571,0.43940,-0.56309,1.59303,-0.25151,-0.15322,
1787040686566673152,95.08718,-15.43142,0.44058,0.63952,-0.29276,0.43421,-0.56282,1.60885,-0.23877,-0.27503,
1787040686633338880,95.18698,-15.44338,0.43208,0.64983,-0.28752,0.41989,-0.56457,1.63555,-0.22175,-0.19062,
1787040686700006912,95.29199,-15.45505,0.41562,0.65923,-0.28853,0.40926,-0.56095,1.62872,-0.21355,-0.07270,
1787040686766673152,95.40146,-15.46304,0.42043,0.66847,-0.28988,0.39124,-0.56218,1.68044,-0.12446,0.13685,
1787040686833338880,95.50982,-15.46560,0.43574,0.67648,-0.29771,0.38068,-0.55572,1.63988,-0.02350,0.30146,
1787040686900006144,95.61968,-15.46087,0.45712,0.68102,-0.31397,0.37844,-0.54259,1.63917,0.07572,0.30158,
1787040686966675968,95.72523,-15.45043,0.47192,0.68365,-0.32875,0.37289,-0.53432,1.54476,0.14001,0.09917,
1787040687033339136,95.83193,-15.43674,0.47248,0.68915,-0.33893,0.35354,-0.53405,1.57643,0.18137,-0.11601,
1787040687100006144,95.92856,-15.42272,0.46009,0.69464,-0.35017,0.33999,-0.52846,1.59821,0.15672,-0.26703,
1787040687166672896,96.03181,-15.40997,0.44356,0.70233,-0.35081,0.33111,-0.52348,1.61755,0.15841,-0.23125,
1787040687233339904,96.14069,-15.39716,0.43506,0.70736,-0.35245,0.32804,-0.51751,1.64446,0.15843,-0.06196,
1787040687300005888,96.24361,-15.38317,0.43973,0.71221,-0.34775,0.32815,-0.51395,1.65240,0.18690,0.17772,
1787040687366672896,96.35174,-15.37205,0.45337,0.71179,-0.35422,0.33249,-0.50728,1.60251,0.16915,0.25304,
1787040687433339136,96.45856,-15.36360,0.47067,0.71088,-0.36353,0.33671,-0.49912,1.58817,0.11095,0.27872,
1787040687500009984,96.56708,-15.35430,0.48163,0.70860,-0.36823,0.34639,-0.49224,1.57008,0.09309,0.10086,
1787040687566673152,96.65944,-15.34859,0.48173,0.70821,-0.36561,0.35515,-0.48850,1.54084,0.12807,-0.09819,
1787040687633341184,96.76165,-15.33851,0.47117,0.71269,-0.36266,0.35328,-0.48554,1.54530,0.17093,-0.26520,
1787040687700005120,96.87002,-15.32639,0.45052,0.71989,-0.35807,0.34585,-0.48367,1.57156,0.18193,-0.30136,
1787040687766671872,96.97456,-15.31437,0.43412,0.72694,-0.35702,0.33634,-0.48060,1.61362,0.21054,-0.13863,
1787040687833338880,97.07850,-15.30132,0.43177,0.73361,-0.36063,0.32459,-0.47583,1.60087,0.24998,0.05213,
1787040687900006144,97.19253,-15.28091,0.44200,0.74552,-0.36245,0.30947,-0.46589,1.54053,0.32521,0.25250,
1787040687966671872,97.29692,-15.25727,0.46175,0.75227,-0.37375,0.30988,-0.44540,1.59377,0.40878,0.31866,
1787040688033341952,97.40116,-15.22736,0.48048,0.75614,-0.38977,0.31418,-0.42146,1.44574,0.44900,0.21381,
1787040688100006144,97.50299,-15.19533,0.48637,0.76518,-0.39506,0.30340,-0.40789,1.44987,0.46462,-0.01054,
1787040688166672896,97.60625,-15.16215,0.47895,0.77183,-0.40004,0.29733,-0.39476,1.48502,0.45599,-0.21134,
1787040688233338112,97.70819,-15.13007,0.46348,0.77927,-0.39784,0.29364,-0.38502,1.48339,0.45832,-0.27877,
1787040688300007168,97.81270,-15.09733,0.45046,0.78330,-0.39466,0.29385,-0.37991,1.51407,0.50557,-0.13133,
1787040688366672896,97.90928,-15.06631,0.44577,0.78631,-0.39122,0.29508,-0.37630,1.44481,0.50309,0.06460,
1787040688433340160,98.01827,-15.03343,0.45222,0.78618,-0.39567,0.29532,-0.37169,1.44155,0.47768,0.18400,
1787040688500008192,98.11164,-15.00369,0.46657,0.78519,-0.40552,0.29357,-0.36447,1.45310,0.43880,0.30193,
1787040688566673152,98.20826,-14.97734,0.48089,0.78411,-0.41569,0.30064,-0.34928,1.42616,0.37489,0.15075,
1787040688633337856,98.31178,-14.95604,0.48174,0.79037,-0.41310,0.30359,-0.33541,1.41456,0.37634,-0.07900,
1787040688700009216,98.41336,-14.93405,0.46921,0.80118,-0.40593,0.29781,-0.32348,1.47022,0.42121,-0.26671,
1787040688766673152,98.52178,-14.89348,0.43852,0.81442,-0.40602,0.28696,-0.29921,1.50983,0.48432,-0.30723,
1787040688833338880,98.67237,-14.81389,0.41856,0.82997,-0.40983,0.26876,-0.26636,1.59905,0.59160,-0.17666,
1787040688900005120,98.73714,-14.78389,0.42475,0.84483,-0.41512,0.24773,-0.22926,1.45939,0.62692,0.05824,
1787040688966672896,98.80637,-14.75198,0.43424,0.86052,-0.42146,0.21636,-0.18727,1.34735,0.68759,0.21685,
1787040689033339904,98.89555,-14.70277,0.45409,0.86901,-0.43319,0.19671,-0.13592,1.30993,0.80053,0.31113,
1787040689100007936,98.98736,-14.65181,0.47493,0.87042,-0.44864,0.18359,-0.08599,1.20386,0.79607,0.20036,
1787040689166678016,99.06845,-14.59504,0.48471,0.87426,-0.45419,0.16378,-0.05053,1.15784,0.81964,0.00107,
1787040689233339136,99.17058,-14.53846,0.46916,0.87480,-0.46228,0.14431,-0.01415,1.22405,0.84252,-0.21138,
1787040689300004864,99.23092,-14.47849,0.46894,0.87615,-0.46418,0.12884,0.01739,1.18310,0.83366,-0.24584,
1787040689366672128,99.36741,-14.41278,0.43893,0.87952,-0.45727,0.12547,0.04007,1.30232,0.87932,-0.14615,
1787040689433339136,99.47000,-14.37057,0.43503,0.88316,-0.45175,0.12061,0.03756,1.29511,0.83107,0.09686,
1787040689500006912,99.57017,-14.32618,0.44701,0.88359,-0.45131,0.12217,0.02573,1.35534,0.76254,0.20074,
1787040689566673920,99.66438,-14.27723,0.46240,0.88415,-0.44886,0.12760,0.02287,1.34144,0.67565,0.29360,
1787040689633338880,99.76403,-14.24224,0.48255,0.88516,-0.44356,0.13853,0.02377,1.33758,0.58072,0.19599,
1787040689700005888,99.83604,-14.22016,0.49470,0.88829,-0.43374,0.14966,0.02046,1.29028,0.54673,-0.00776,
1787040689766671872,99.92954,-14.19476,0.49461,0.89217,-0.42470,0.15258,0.01950,1.29160,0.56243,-0.14477,
1787040689833338880,100.01582,-14.17252,0.48840,0.89617,-0.41713,0.14893,0.02635,1.30342,0.54906,-0.19874,
1787040689900006144,100.09830,-14.12935,0.47623,0.90112,-0.40935,0.13271,0.05292,1.23092,0.60683,-0.12777,
1787040689966674944,100.17844,-14.09264,0.47465,0.89923,-0.41079,0.09555,0.11625,1.15734,0.65857,0.05312,
1787040690033341952,100.25452,-14.05292,0.48530,0.88997,-0.41499,0.06062,0.17907,1.07312,0.66167,0.24151,
1787040690100006144,100.33067,-14.00695,0.50509,0.87973,-0.41951,0.04003,0.22017,0.90089,0.67249,0.34379,
1787040690166673920,100.40965,-13.95034,0.52482,0.86834,-0.42891,0.02069,0.24819,0.82338,0.68942,0.27890,
1787040690233339136,100.49505,-13.88901,0.53842,0.85909,-0.43433,0.00009,0.27080,0.78852,0.66077,0.14107,
1787040690300005888,100.56965,-13.83386,0.54337,0.84905,-0.43767,-0.01908,0.29527,0.83125,0.70365,-0.00923,
1787040690366672128,100.64269,-13.78443,0.53962,0.84170,-0.43937,-0.02451,0.31290,0.84854,0.68613,-0.08055,
1787040690433339136,100.71824,-13.73238,0.53608,0.83576,-0.44187,-0.02639,0.32490,0.79718,0.71075,-0.05821,
1787040690500006912,100.78306,-13.68226,0.54055,0.83653,-0.43717,-0.03590,0.32836,0.75351,0.74544,0.14775,
1787040690566672128,100.83774,-13.62933,0.54612,0.82952,-0.45274,-0.03499,0.32513,0.82412,0.74008,0.10172,
1787040690633337856,100.90167,-13.58131,0.55615,0.83104,-0.45946,-0.02697,0.31231,0.85292,0.72064,0.16035,
1787040690700005120,100.95913,-13.54534,0.56725,0.83513,-0.46371,-0.00815,0.29574,0.79542,0.62128,0.13402,
1787040690766674944,101.01372,-13.50967,0.57454,0.84063,-0.45805,-0.00160,0.28902,0.74284,0.60969,0.06400,
1787040690833338112,101.06367,-13.47494,0.57839,0.84247,-0.45339,0.00056,0.29100,0.68953,0.61145,0.01438,
1787040690900006912,101.10819,-13.44227,0.57794,0.84288,-0.45095,-0.00163,0.29359,0.66511,0.62683,-0.04521,
1787040690966679040,101.14723,-13.40322,0.57223,0.83864,-0.45376,-0.00184,0.30131,0.57539,0.60416,-0.07428,
1787040691033338112,101.17676,-13.36460,0.57233,0.83308,-0.45062,-0.01779,0.32030,0.41735,0.62893,0.08536,
1787040691100007168,101.20677,-13.32284,0.58131,0.82568,-0.44853,-0.02633,0.34115,0.29608,0.58304,0.14232,
1787040691166672896,101.21789,-13.29734,0.58908,0.81673,-0.44684,-0.04114,0.36276,0.08676,0.61096,0.12286,
1787040691233339904,101.22297,-13.25759,0.59513,0.80104,-0.45456,-0.06012,0.38483,-0.12794,0.60525,0.04336,
1787040691300005888,101.21524,-13.21400,0.59478,0.78106,-0.46738,-0.08964,0.40431,-0.30831,0.62604,-0.03933,
1787040691366672128,101.20023,-13.16413,0.59056,0.76137,-0.48015,-0.11380,0.42049,-0.37899,0.63149,-0.09297,
1787040691433339136,101.17025,-13.12044,0.58132,0.74738,-0.48663,-0.13072,0.43305,-0.47405,0.67033,-0.13035,
1787040691500005888,101.13880,-13.07183,0.57453,0.73610,-0.48734,-0.14061,0.44821,-0.52720,0.66454,-0.12595,
1787040691566673152,101.09924,-13.02679,0.56810,0.73484,-0.47098,-0.14394,0.46634,-0.62796,0.67560,-0.10285,
1787040691633338880,101.04750,-12.98184,0.56513,0.73487,-0.45322,-0.14825,0.48226,-0.81032,0.72883,-0.00380,
1787040691700005888,100.98686,-12.93255,0.57310,0.73230,-0.44422,-0.15028,0.49379,-0.94586,0.78395,0.19613,
1787040691766673152,100.91998,-12.87951,0.58947,0.72747,-0.44778,-0.15204,0.49716,-0.96809,0.78853,0.29077,
1787040691833338880,100.85977,-12.82568,0.61690,0.72219,-0.44674,-0.15715,0.50416,-0.87044,0.68798,0.35793,
1787040691900006912,100.79872,-12.78503,0.63351,0.71863,-0.44116,-0.16098,0.51287,-0.90038,0.70339,0.30487,
1787040691966674176,100.73478,-12.73726,0.64946,0.71186,-0.44689,-0.15807,0.51824,-0.92792,0.69697,0.17654,
1787040692033339136,100.67625,-12.69030,0.65877,0.70782,-0.44879,-0.15367,0.52341,-0.99083,0.65403,0.02542,
1787040692100007168,100.61070,-12.64485,0.65728,0.70727,-0.44331,-0.15135,0.52948,-1.04672,0.65048,-0.11929,
1787040692166672896,100.53956,-12.60096,0.64766,0.70956,-0.43326,-0.14814,0.53559,-1.11919,0.67499,-0.15814,
1787040692233339904,100.46440,-12.55215,0.64087,0.71208,-0.42453,-0.14727,0.53947,-1.17860,0.72000,-0.06960,
1787040692300004864,100.38683,-12.50289,0.64446,0.71400,-0.41349,-0.14846,0.54515,-1.25429,0.73483,0.15086,
1787040692366672896,100.30045,-12.45566,0.66061,0.71314,-0.40160,-0.15709,0.55269,-1.34658,0.71683,0.34503,
1787040692433339136,100.21294,-12.41277,0.68567,0.70154,-0.40870,-0.16341,0.56046,-1.36424,0.51560,0.38954,
1787040692500005120,100.12012,-12.38220,0.71091,0.69248,-0.40725,-0.17683,0.56864,-1.44511,0.39720,0.34506,
1787040692566673152,100.02459,-12.36023,0.72745,0.67693,-0.41373,-0.19684,0.57606,-1.49884,0.29060,0.12187,
1787040692633338880,99.92559,-12.34292,0.72780,0.66475,-0.41758,-0.21955,0.57925,-1.49259,0.23641,-0.13810,
1787040692700005120,99.82668,-12.32540,0.71411,0.66488,-0.40947,-0.22884,0.58129,-1.49767,0.25190,-0.28149,
1787040692766673152,99.72375,-12.30465,0.69613,0.66961,-0.40225,-0.22249,0.58336,-1.50673,0.27509,-0.26795,
1787040692833338112,99.62115,-12.28733,0.68337,0.67058,-0.39848,-0.20992,0.58946,-1.61214,0.30398,-0.09722,
1787040692900007936,99.51012,-12.26382,0.68815,0.66785,-0.40123,-0.19361,0.59624,-1.67929,0.33007,0.16704,
1787040692966672896,99.39555,-12.24206,0.70205,0.65766,-0.41767,-0.20180,0.59356,-1.73516,0.37024,0.26506,
1787040693033339904,99.27887,-12.21240,0.71527,0.64330,-0.44630,-0.21168,0.58496,-1.75929,0.46116,0.20541,
1787040693100006144,99.16047,-12.17972,0.71707,0.62625,-0.48575,-0.22961,0.56492,-1.75455,0.47768,-0.03663,
1787040693166672896,99.05085,-12.15195,0.70037,0.62000,-0.50940,-0.23445,0.54876,-1.63156,0.44747,-0.21955,
1787040693233339904,98.93883,-12.12149,0.68148,0.62375,-0.51519,-0.22886,0.54142,-1.67448,0.47302,-0.32786,
1787040693300005888,98.85682,-12.09978,0.62978,0.62646,-0.51566,-0.21926,0.54182,-1.65037,0.47781,-0.32985,
1787040693366672896,98.73467,-12.06616,0.61409,0.62747,-0.51334,-0.21586,0.54421,-1.70586,0.47940,-0.14446,
1787040693433339136,98.60824,-12.03033,0.63287,0.63019,-0.50051,-0.22033,0.55118,-1.76230,0.44525,0.11585,
1787040693500005888,98.48974,-11.99982,0.64897,0.62509,-0.49852,-0.22564,0.55663,-1.71965,0.38700,0.25033,
1787040693566672128,98.37237,-11.97696,0.67226,0.61721,-0.50563,-0.22915,0.55756,-1.70059,0.21365,0.34408,
1787040693633337856,98.26256,-11.96795,0.69114,0.61931,-0.49487,-0.23953,0.56052,-1.63282,0.10879,0.18941,
1787040693700005888,98.15716,-11.95898,0.70221,0.62589,-0.48082,-0.24686,0.56225,-1.67220,0.08825,-0.03253,
1787040693766673920,98.05757,-11.94975,0.70164,0.63269,-0.46466,-0.25095,0.56641,-1.65073,0.08850,-0.17282,
1787040693833338880,97.95524,-11.93973,0.69386,0.64397,-0.44236,-0.24522,0.57401,-1.66681,0.10612,-0.22983,
1787040693900006912,97.85018,-11.92874,0.68519,0.65207,-0.42413,-0.23581,0.58251,-1.74437,0.14177,-0.11915,
1787040693966672896,97.73338,-11.91424,0.68657,0.65610,-0.41720,-0.22552,0.58704,-1.79034,0.22129,0.17418,
1787040694033338112,97.61719,-11.89575,0.70350,0.65417,-0.42606,-0.22784,0.58191,-1.76974,0.31431,0.28894,
1787040694100007168,97.51149,-11.87120,0.72573,0.65221,-0.43406,-0.23303,0.57611,-1.53749,0.41612,0.34177,
1787040694166672896,97.41929,-11.84017,0.74287,0.65828,-0.43349,-0.22186,0.57406,-1.43838,0.48938,0.14573,
1787040694233338112,97.32659,-11.80524,0.74611,0.66041,-0.43617,-0.21229,0.57319,-1.47309,0.54218,-0.07119,
1787040694300005888,97.23276,-11.76539,0.73471,0.66249,-0.43683,-0.20419,0.57324,-1.47534,0.59601,-0.20154,
1787040694366672128,97.13444,-11.72470,0.71962,0.66286,-0.43563,-0.19887,0.57558,-1.49335,0.64506,-0.24506,
1787040694433339136,97.03953,-11.67711,0.70066,0.66406,-0.42941,-0.19341,0.58071,-1.52131,0.70296,-0.16178,
1787040694500006912,96.93860,-11.62991,0.69415,0.66265,-0.42186,-0.19480,0.58735,-1.56059,0.72637,0.00007,
1787040694566673920,96.84992,-11.57651,0.69497,0.65469,-0.42169,-0.20425,0.59316,-1.58257,0.70773,0.15965,
1787040694633338880,96.74945,-11.53103,0.70669,0.64741,-0.43188,-0.20793,0.59254,-1.53505,0.62042,0.22190,
1787040694700006912,96.66205,-11.48831,0.71347,0.64224,-0.43914,-0.22225,0.58761,-1.47729,0.52645,0.14401,
1787040694766673920,96.56340,-11.45420,0.71908,0.64371,-0.43370,-0.23475,0.58518,-1.46673,0.53331,-0.02046,
1787040694833339904,96.48427,-11.41316,0.70919,0.64230,-0.43014,-0.24262,0.58615,-1.45499,0.54969,-0.15921,
1787040694900006912,96.38820,-11.37624,0.69671,0.64399,-0.42316,-0.24811,0.58708,-1.45915,0.56505,-0.23244,
1787040694966671872,96.30810,-11.33329,0.68279,0.64642,-0.41626,-0.24708,0.58976,-1.47172,0.58871,-0.16892,
1787040695033339904,96.21366,-11.29168,0.67598,0.64831,-0.41509,-0.24340,0.59004,-1.47830,0.60229,0.03369,
1787040695100006144,96.13051,-11.24433,0.68180,0.65059,-0.41918,-0.24152,0.58540,-1.44092,0.61566,0.12896,
1787040695166672896,96.03834,-11.20536,0.69545,0.65529,-0.41717,-0.24323,0.58086,-1.42003,0.62732,0.17905,
1787040695233339904,95.97634,-11.15812,0.70909,0.65420,-0.42103,-0.24505,0.57853,-1.34620,0.67675,0.10139,
1787040695300004864,95.88732,-11.11257,0.71039,0.65257,-0.42423,-0.24300,0.57891,-1.35704,0.69778,-0.06176,
1787040695366672896,95.79233,-11.06071,0.70305,0.64981,-0.42750,-0.24021,0.58076,-1.36915,0.69691,-0.19176,
1787040695433337856,95.68621,-11.01582,0.69137,0.65017,-0.42167,-0.23751,0.58572,-1.39746,0.70566,-0.25401,
1787040695500006912,95.58697,-10.96887,0.67625,0.65168,-0.41336,-0.23461,0.59110,-1.42760,0.72830,-0.20205,
1787040695566672128,95.48842,-10.92011,0.66385,0.65004,-0.41018,-0.23425,0.59526,-1.46436,0.71984,-0.13915,
1787040695633338880,95.38755,-10.87747,0.66656,0.64851,-0.40062,-0.24193,0.60034,-1.51005,0.61144,0.02321,
1787040695700006912,95.26908,-10.84934,0.65564,0.63204,-0.39305,-0.26923,0.61119,-1.63572,0.49906,0.13675,
1787040695766671872,95.17162,-10.81688,0.68121,0.59535,-0.39899,-0.30746,0.62597,-1.63683,0.42762,0.19045,
1787040695833338880,95.06811,-10.79028,0.69197,0.56668,-0.40288,-0.33447,0.63615,-1.48700,0.38820,0.06710,
1787040695900006912,94.96563,-10.76340,0.68777,0.55269,-0.39341,-0.35019,0.64585,-1.46256,0.38796,-0.09555,
1787040695966672896,94.86170,-10.73324,0.67532,0.55002,-0.38611,-0.35348,0.65073,-1.43299,0.45142,-0.18840,
1787040696033339904,94.75599,-10.69838,0.65942,0.56035,-0.38475,-0.33989,0.64996,-1.42934,0.49142,-0.21027,
1787040696100007168,94.66117,-10.66586,0.64856,0.57688,-0.38835,-0.31866,0.64409,-1.46111,0.46209,-0.11385,
1787040696166678016,94.51914,-10.64221,0.64944,0.60056,-0.39148,-0.29066,0.63371,-1.50395,0.43284,0.04057,
1787040696233339136,94.46217,-10.62406,0.65702,0.62310,-0.39776,-0.26670,0.61838,-1.48850,0.40281,0.12385,
1787040696300005888,94.35002,-10.59603,0.66322,0.63931,-0.39721,-0.25869,0.60546,-1.52870,0.41719,0.13986,
1787040696366672128,94.24581,-10.56583,0.67001,0.64447,-0.40498,-0.25877,0.59471,-1.51854,0.48646,0.06805,
1787040696433339136,94.14689,-10.53221,0.66906,0.64776,-0.41698,-0.24947,0.58677,-1.48703,0.52098,-0.06981,
1787040696500006912,94.04129,-10.49848,0.65877,0.65488,-0.42686,-0.23625,0.57715,-1.53924,0.49530,-0.18352,
1787040696566673152,93.92510,-10.46497,0.63992,0.66208,-0.43181,-0.22705,0.56889,-1.58522,0.49584,-0.28209,
1787040696633338880,93.82032,-10.43329,0.61917,0.66838,-0.43500,-0.22050,0.56162,-1.61588,0.49755,-0.27578,
1787040696700005888,93.70064,-10.39836,0.60559,0.67697,-0.43206,-0.21128,0.55714,-1.64320,0.49718,-0.13744,
1787040696766673152,93.59717,-10.36645,0.60401,0.70463,-0.42202,-0.19541,0.53592,-1.65562,0.45219,0.07316,
1787040696833338112,93.47617,-10.33546,0.61169,0.72951,-0.42668,-0.18867,0.50016,-1.66515,0.38761,0.18545,
1787040696900006144,93.36440,-10.31207,0.62299,0.74197,-0.42935,-0.18387,0.48096,-1.67998,0.33885,0.19598,
1787040696966674176,93.25730,-10.29398,0.63528,0.74467,-0.43260,-0.18603,0.47299,-1.66270,0.28800,0.05193,
1787040697033339136,93.14447,-10.27632,0.63309,0.74683,-0.43058,-0.18604,0.47142,-1.69833,0.27222,-0.12763,
1787040697100007168,93.02850,-10.26030,0.62051,0.74558,-0.42879,-0.18992,0.47348,-1.76139,0.25475,-0.25178,
1787040697166671872,92.90657,-10.24883,0.60358,0.74263,-0.42346,-0.19577,0.48048,-1.80180,0.23603,-0.27906,
1787040697233339136,92.78812,-10.23534,0.58487,0.74019,-0.41980,-0.19594,0.48733,-1.83424,0.23981,-0.20493,
1787040697300007168,92.67536,-10.22619,0.57423,0.73756,-0.42061,-0.19548,0.49079,-1.84558,0.26695,-0.00658,
1787040697366672896,92.53272,-10.20247,0.59815,0.72773,-0.43208,-0.19883,0.49414,-1.87456,0.32753,0.18163,
1787040697433339136,92.37025,-10.17965,0.60153,0.71897,-0.43277,-0.21174,0.50096,-1.83183,0.39778,0.19936,
1787040697500006912,92.23103,-10.15078,0.60262,0.71013,-0.44413,-0.21716,0.50131,-1.77640,0.51045,0.07563,
1787040697566673152,92.13381,-10.11873,0.59467,0.70386,-0.45329,-0.21365,0.50345,-1.72061,0.53543,-0.10733,
1787040697633338880,91.98657,-10.07547,0.53930,0.69980,-0.45567,-0.20626,0.51000,-1.73754,0.56916,-0.29333,
1787040697700006912,91.88047,-10.04789,0.56389,0.69613,-0.45322,-0.19859,0.52016,-1.74786,0.57388,-0.31006,
1787040697766680064,91.79688,-10.00891,0.54600,0.69369,-0.44857,-0.19221,0.52974,-1.76222,0.61366,-0.26217,
1787040697833338880,91.66011,-9.97542,0.52570,0.68952,-0.44490,-0.19686,0.53653,-1.79332,0.58332,-0.14794,
1787040697900006144,91.55690,-9.94450,0.53313,0.68764,-0.43261,-0.20247,0.54682,-1.77120,0.55142,0.06155,
1787040697966674944,91.44624,-9.90705,0.54150,0.68666,-0.42842,-0.20734,0.54952,-1.72219,0.51808,0.16738,
1787040698033339136,91.43232,-9.84833,0.57834,0.68079,-0.43335,-0.21328,0.55068,-1.59248,0.50354,0.19817,
1787040698100006144,91.21695,-9.84908,0.56541,0.67956,-0.43271,-0.22009,0.55002,-1.65667,0.42696,0.01263,
1787040698166673920,91.11793,-9.83702,0.57041,0.68040,-0.42799,-0.22369,0.55122,-1.66440,0.42543,-0.13129,
1787040698233339136,91.00323,-9.80723,0.55707,0.68079,-0.42761,-0.22675,0.54978,-1.68128,0.45252,-0.23571,
1787040698300007936,90.88869,-9.77779,0.54085,0.68237,-0.42873,-0.22274,0.54859,-1.69349,0.45675,-0.24878,
1787040698366672896,90.76835,-9.75848,0.54021,0.68288,-0.42941,-0.21887,0.54898,-1.72137,0.43484,-0.12747,
1787040698433340160,90.65110,-9.72998,0.53455,0.68510,-0.42913,-0.21005,0.54988,-1.72641,0.43193,0.02648,
1787040698500006912,90.53639,-9.70140,0.53895,0.68714,-0.43475,-0.20908,0.54325,-1.65948,0.46023,0.10233,
1787040698566673152,90.44517,-9.68154,0.56215,0.69456,-0.43739,-0.20657,0.53255,-1.61080,0.54415,0.16147,
1787040698633338880,90.33909,-9.64095,0.56882,0.70264,-0.44796,-0.20261,0.51437,-1.52612,0.61611,0.08882,
1787040698700007936,90.24157,-9.60596,0.57664,0.71888,-0.45997,-0.18439,0.48748,-1.43561,0.65244,-0.03203,
1787040698766673920,90.14864,-9.56777,0.57813,0.75026,-0.47304,-0.15215,0.43611,-1.34331,0.66666,-0.12113,
1787040698833338880,90.09053,-9.53091,0.56822,0.79184,-0.47478,-0.11353,0.36699,-1.24533,0.65924,-0.20959,
1787040698900006144,90.03473,-9.49212,0.55183,0.82606,-0.47679,-0.07424,0.29119,-1.06672,0.63100,-0.22780,
1787040698966674944,89.97851,-9.45585,0.54830,0.86076,-0.46551,-0.01215,0.20551,-1.05178,0.64601,0.03172,
1787040699033339136,89.92092,-9.41929,0.55450,0.87650,-0.46519,0.02720,0.12085,-0.97289,0.60899,0.09935,
1787040699100011008,89.99989,-9.37423,0.55583,0.87995,-0.46679,0.06102,0.06376,-0.78210,0.68828,0.12342,
1787040699166675200,89.92241,-9.31345,0.55627,0.88041,-0.46592,0.08470,0.02495,-0.76802,0.75406,0.07888,
1787040699233339904,89.89381,-9.27052,0.56365,0.87985,-0.46518,0.09671,-0.01097,-0.67369,0.77393,-0.02133,
1787040699300007168,89.87926,-9.22523,0.55903,0.87931,-0.46204,0.10902,-0.03816,-0.53172,0.76437,-0.10573,
1787040699366672128,89.88130,-9.18160,0.55279,0.87886,-0.45682,0.12234,-0.06287,-0.36210,0.78100,-0.11254,
1787040699433339136,89.85618,-9.11757,0.54566,0.87272,-0.45946,0.13957,-0.08818,-0.27189,0.89855,-0.10799,
1787040699500005120,89.82296,-9.03554,0.53746,0.86165,-0.47054,0.15497,-0.11016,-0.14841,1.09547,-0.09988,
1787040699566673152,89.81076,-8.95916,0.52683,0.84074,-0.49721,0.17169,-0.12831,-0.05127,1.11222,-0.13800,
1787040699633338880,89.82776,-8.89371,0.50618,0.82995,-0.50713,0.18714,-0.13778,0.07504,1.08775,-0.24685,
1787040699700006912,89.82071,-8.80148,0.48869,0.82607,-0.50566,0.20251,-0.14459,0.12363,1.15489,-0.27215,
1787040699766673920,89.82400,-8.71376,0.47099,0.82967,-0.49521,0.20905,-0.15073,0.19348,1.19206,-0.23619,
1787040699833339904,89.83990,-8.63556,0.46044,0.84230,-0.47111,0.21021,-0.15621,0.24627,1.21298,-0.13613,
1787040699900012032,89.85829,-8.55210,0.45493,0.85617,-0.44563,0.20456,-0.16293,0.30333,1.32336,0.01435,
1787040699966671872,89.88006,-8.46159,0.46408,0.86431,-0.43262,0.19586,-0.16567,0.31938,1.38043,0.21849,
1787040700033339136,89.90158,-8.36921,0.48222,0.86319,-0.43508,0.19368,-0.16762,0.27168,1.37771,0.25057,
1787040700100006144,89.92031,-8.28034,0.49852,0.86516,-0.43581,0.18466,-0.16574,0.22983,1.35534,0.16335,
1787040700166672896,89.90407,-8.16820,0.51216,0.86645,-0.43800,0.17413,-0.16462,0.17100,1.39991,0.02177,
1787040700233338112,89.95570,-8.10166,0.50196,0.87131,-0.43406,0.16440,-0.15929,0.29562,1.40006,-0.12234,
1787040700300005888,89.99075,-8.01755,0.49746,0.87483,-0.43077,0.15775,-0.15565,0.38836,1.45042,-0.21489,
1787040700366674944,90.03441,-7.93106,0.48528,0.87781,-0.42659,0.15761,-0.15045,0.47428,1.51513,-0.25202,
1787040700433339136,90.06822,-7.82808,0.47023,0.88126,-0.42082,0.15927,-0.14464,0.51280,1.59076,-0.15217,
1787040700500005888,90.12090,-7.73048,0.47393,0.88511,-0.41145,0.16468,-0.14202,0.61134,1.65840,0.15019,
1787040700566674944,90.20514,-7.66439,0.49624,0.88333,-0.41157,0.17450,-0.14103,0.70579,1.63731,0.30680,
1787040700633338880,90.28570,-7.59874,0.51304,0.87414,-0.42733,0.17979,-0.14474,0.81739,1.41851,0.30929,
1787040700700006912,90.32303,-7.46892,0.53540,0.87152,-0.42625,0.18814,-0.15287,0.86740,1.39843,0.19189,
1787040700766673920,90.39335,-7.38592,0.54116,0.86706,-0.42842,0.19967,-0.15749,0.92803,1.33250,-0.05437,
1787040700833338112,90.45569,-7.29787,0.53265,0.86719,-0.42088,0.21282,-0.15981,0.95740,1.34265,-0.23631,
1787040700900006144,90.52999,-7.20790,0.51730,0.86984,-0.41240,0.21865,-0.15967,0.99974,1.36683,-0.27515,
1787040700966674944,90.60097,-7.11449,0.50787,0.87572,-0.39862,0.22154,-0.15858,1.06015,1.44267,-0.10198,
1787040701033339136,90.67152,-7.01660,0.50988,0.87715,-0.39831,0.21925,-0.15453,1.03708,1.51085,0.16742,
1787040701100007168,90.74005,-6.91433,0.53004,0.87632,-0.40383,0.21502,-0.15080,0.98692,1.51482,0.32899,
1787040701166671872,90.80133,-6.81455,0.55380,0.87070,-0.41180,0.22353,-0.14942,0.82954,1.52109,0.40802,
1787040701233338112,90.85169,-6.71005,0.57890,0.86799,-0.42017,0.21662,-0.15210,0.73298,1.54324,0.25212,
1787040701300005888,90.89845,-6.60583,0.58682,0.86701,-0.42547,0.20878,-0.15389,0.70774,1.56860,-0.00125,
1787040701366672128,90.94396,-6.50035,0.58168,0.86967,-0.42622,0.19511,-0.15475,0.71763,1.60933,-0.18545,
1787040701433339136,90.99236,-6.39040,0.56473,0.87433,-0.42229,0.18423,-0.15258,0.73399,1.63805,-0.24543,
1787040701500005888,91.03805,-6.28650,0.55171,0.87977,-0.41621,0.17596,-0.14764,0.73068,1.68216,-0.12429,
1787040701566673152,91.08712,-6.17191,0.54977,0.88251,-0.41346,0.17184,-0.14389,0.73121,1.69679,0.12318,
1787040701633339904,91.13567,-6.05735,0.56565,0.88430,-0.41106,0.16791,-0.14436,0.79084,1.73756,0.33106,
1787040701700005120,91.19120,-5.94598,0.58682,0.87370,-0.43379,0.16666,-0.14386,0.85654,1.55843,0.38368,
1787040701766671872,91.25150,-5.84407,0.61108,0.86830,-0.44056,0.17421,-0.14700,0.92219,1.45854,0.27953,
1787040701833338112,91.30908,-5.74828,0.62214,0.86503,-0.43999,0.18519,-0.15439,0.96052,1.42003,0.03900,
1787040701900006144,91.37304,-5.65449,0.61958,0.86483,-0.43238,0.19933,-0.15930,0.98419,1.42174,-0.16697,
1787040701966671872,91.42677,-5.56593,0.60693,0.86736,-0.42176,0.20846,-0.16232,0.97740,1.46189,-0.26815,
1787040702033339904,91.48138,-5.47463,0.59146,0.87238,-0.41089,0.20741,-0.16462,0.99132,1.49337,-0.20077,
1787040702100004864,91.53742,-5.38250,0.58840,0.87753,-0.40376,0.20188,-0.16175,1.02026,1.54182,0.00879,
1787040702166672896,91.60885,-5.27471,0.59702,0.88018,-0.40506,0.19192,-0.15615,0.99962,1.58565,0.24454,
1787040702233339136,91.66693,-5.17367,0.61703,0.87626,-0.41366,0.19633,-0.15003,0.90156,1.52180,0.34820,
1787040702300005888,91.71660,-5.07525,0.63991,0.87103,-0.42593,0.19773,-0.14419,0.75224,1.49499,0.31491,
1787040702366672896,91.76460,-4.97430,0.65607,0.87192,-0.42934,0.18736,-0.14255,0.72176,1.48517,0.10904,
1787040702433339136,91.80607,-4.87648,0.65644,0.87444,-0.42771,0.17927,-0.14242,0.73685,1.53358,-0.08338,
1787040702500005120,91.85703,-4.77141,0.64657,0.87549,-0.42727,0.17349,-0.14444,0.78051,1.57069,-0.22332,
1787040702566673152,91.90389,-4.66712,0.63162,0.87728,-0.42327,0.17380,-0.14493,0.80426,1.60647,-0.22155,
1787040702633338880,91.95759,-4.55888,0.62325,0.87831,-0.41986,0.17822,-0.14327,0.79981,1.62025,-0.04061,
1787040702700007936,92.01095,-4.45011,0.63149,0.88304,-0.40869,0.18005,-0.14421,0.84258,1.65637,0.25083,
1787040702766671872,92.06734,-4.33996,0.64950,0.87528,-0.42381,0.18276,-0.14446,0.88623,1.62713,0.32488,
1787040702833338880,92.12395,-4.23735,0.67588,0.86579,-0.44152,0.18452,-0.14636,0.94961,1.41255,0.31659,
1787040702900006912,92.18635,-4.13761,0.69564,0.86257,-0.44309,0.19658,-0.14492,0.98380,1.34100,0.14758,
1787040702966671872,92.24501,-4.04404,0.70202,0.86132,-0.44048,0.20876,-0.14326,1.01162,1.35163,-0.06274,
1787040703033338112,92.31270,-3.95125,0.69270,0.86082,-0.43692,0.21966,-0.14086,1.02193,1.38690,-0.18669,
1787040703100006144,92.37110,-3.85444,0.68239,0.86276,-0.43138,0.22162,-0.14297,1.04380,1.41571,-0.22687,
1787040703166672896,92.44304,-3.75896,0.66977,0.86579,-0.42434,0.22114,-0.14642,1.07560,1.43355,-0.10167,
1787040703233338112,92.50474,-3.66138,0.67139,0.86780,-0.42351,0.21185,-0.15062,1.05962,1.48469,0.14184,
1787040703300007168,92.57436,-3.55940,0.68471,0.86859,-0.42835,0.19811,-0.15109,1.06518,1.50140,0.27246,
1787040703366672128,92.62957,-3.46243,0.70962,0.86564,-0.43383,0.20193,-0.14727,0.96893,1.46565,0.35495,
1787040703433339136,92.68963,-3.36625,0.73425,0.86417,-0.43830,0.19935,-0.14620,0.86655,1.46963,0.29928,
1787040703500006912,92.73284,-3.26360,0.74617,0.86548,-0.43899,0.18988,-0.14894,0.82371,1.48668,0.08211,
1787040703566673920,92.78777,-3.16068,0.74485,0.86840,-0.43851,0.17561,-0.15083,0.85355,1.52987,-0.07590,
1787040703633338880,92.84631,-3.05599,0.73514,0.87165,-0.43680,0.16444,-0.14964,0.92682,1.52815,-0.19354,
1787040703700005888,92.89271,-2.95211,0.71889,0.87586,-0.42951,0.16339,-0.14727,0.96356,1.52441,-0.20043,
1787040703766673920,92.95892,-2.84756,0.71003,0.87976,-0.42140,0.16684,-0.14352,0.97745,1.55896,-0.04361,
1787040703833338880,93.01501,-2.73815,0.71310,0.88392,-0.41103,0.16945,-0.14503,1.01941,1.57414,0.15249,
1787040703900006144,93.08546,-2.63427,0.72611,0.87943,-0.41394,0.18012,-0.15103,1.06496,1.49932,0.25072,
1787040703966674944,93.15144,-2.53146,0.74845,0.87561,-0.41491,0.18494,-0.16419,1.14369,1.39221,0.29771,
1787040704033339904,93.22083,-2.44559,0.76304,0.86692,-0.41680,0.20498,-0.18086,1.20452,1.28524,0.15916,
1787040704100006144,93.29258,-2.36597,0.76728,0.85727,-0.41225,0.22972,-0.20583,1.20380,1.22763,-0.02560,
1787040704166675968,93.36653,-2.27640,0.76128,0.84953,-0.40243,0.25016,-0.23190,1.20592,1.25160,-0.16024,
1787040704233339136,93.43526,-2.19701,0.74777,0.84465,-0.39241,0.26181,-0.25305,1.19383,1.26114,-0.24786,
1787040704300005888,93.51243,-2.10565,0.73326,0.84320,-0.38188,0.26463,-0.27046,1.22855,1.30982,-0.13715,
1787040704366672128,93.59081,-2.00986,0.72616,0.84220,-0.37804,0.26036,-0.28285,1.23459,1.32874,0.01846,
1787040704433337856,93.67009,-1.91228,0.73183,0.84116,-0.37903,0.25393,-0.29036,1.21082,1.37897,0.17446,
1787040704500005120,93.74785,-1.81802,0.74718,0.84129,-0.37866,0.24890,-0.29479,1.15097,1.40363,0.29226,
1787040704566673152,93.81192,-1.75585,0.72304,0.83977,-0.38892,0.24509,-0.28889,1.08503,1.40417,0.19518,
1787040704633337856,93.87683,-1.67691,0.72989,0.84019,-0.39770,0.23805,-0.28150,1.04512,1.36173,-0.00795,
1787040704700006912,94.02519,-1.47566,0.71464,0.84282,-0.39683,0.23070,-0.28099,1.17427,1.51781,-0.19242,
1787040704766670848,94.06811,-1.43253,0.70055,0.84129,-0.39161,0.23036,-0.29293,1.18065,1.42869,-0.31243,
1787040704833339904,94.14279,-1.33549,0.68085,0.83206,-0.38056,0.24368,-0.32168,1.21164,1.42746,-0.28678,
1787040704900016896,94.24217,-1.22977,0.67771,0.80527,-0.35592,0.27442,-0.38672,1.19171,1.37526,-0.08410,
1787040704966671872,94.32686,-1.12588,0.67307,0.76479,-0.32353,0.29977,-0.46964,1.24413,1.40266,0.15325,
1787040705033338112,94.43545,-0.99295,0.69607,0.72339,-0.31077,0.32727,-0.52251,1.29231,1.40134,0.22783,
1787040705100007936,94.50356,-0.93210,0.69573,0.69315,-0.29634,0.34304,-0.56040,1.27771,1.25617,0.19606,
1787040705166673920,94.58754,-0.85594,0.70946,0.66742,-0.27921,0.36113,-0.58838,1.23927,1.21041,0.04538,
1787040705233339136,94.69717,-0.73407,0.68366,0.64504,-0.25438,0.37115,-0.61762,1.26894,1.28537,-0.17775,
1787040705300008960,94.76288,-0.67572,0.69623,0.61877,-0.23132,0.37990,-0.64752,1.31303,1.30218,-0.26310,
1787040705366676992,94.85887,-0.57571,0.67806,0.59747,-0.21835,0.38256,-0.67007,1.37803,1.32074,-0.31961,
1787040705433340160,94.95996,-0.45752,0.66356,0.58898,-0.20338,0.38188,-0.68258,1.45439,1.40950,-0.18636,
1787040705500011008,95.04610,-0.36945,0.65747,0.58296,-0.19435,0.37971,-0.69152,1.47593,1.40207,-0.05105,
1787040705566672128,95.14893,-0.25862,0.65958,0.57680,-0.19279,0.38558,-0.69387,1.49571,1.48531,0.11490,
1787040705633338880,95.24842,-0.15949,0.66921,0.56782,-0.19605,0.39179,-0.69688,1.46328,1.54009,0.21496,
1787040705700005888,95.33365,-0.06257,0.68214,0.55154,-0.21138,0.40014,-0.70072,1.39086,1.55979,0.15505,
1787040705766673152,95.42337,0.03832,0.68672,0.52942,-0.21741,0.40426,-0.71345,1.30328,1.53994,-0.01663,
1787040705833338880,95.50069,0.13055,0.68014,0.51499,-0.21462,0.40429,-0.72475,1.30757,1.51303,-0.17656,
1787040705900006912,95.58808,0.23599,0.66488,0.50943,-0.21363,0.40445,-0.72888,1.33229,1.54995,-0.28658,
1787040705966674944,95.66975,0.33902,0.64607,0.50922,-0.21420,0.40578,-0.72812,1.30193,1.56570,-0.22716,
1787040706033339136,95.75466,0.44114,0.63499,0.50685,-0.20872,0.41084,-0.72853,1.25274,1.55209,-0.06626,
1787040706100006144,95.83781,0.54208,0.63642,0.50442,-0.20266,0.41882,-0.72738,1.28046,1.52169,0.11859,
1787040706166672896,95.91252,0.64134,0.64349,0.50819,-0.19896,0.41805,-0.72622,1.26589,1.46478,0.17677,
1787040706233340928,96.00351,0.73952,0.65502,0.51118,-0.20495,0.42165,-0.72035,1.34336,1.41048,0.16003,
1787040706300007936,96.09335,0.83504,0.65866,0.51456,-0.21405,0.42621,-0.71256,1.34705,1.41275,-0.01340,
1787040706366672128,96.16730,0.92254,0.64820,0.52020,-0.21840,0.42933,-0.70524,1.34248,1.40078,-0.18646,
1787040706433337856,96.24635,1.01389,0.62989,0.52858,-0.22008,0.43322,-0.69605,1.36931,1.43781,-0.30345,
1787040706500006912,96.34186,1.11461,0.60843,0.54275,-0.22560,0.43243,-0.68376,1.44689,1.45959,-0.31406,
1787040706566673152,96.43238,1.22343,0.59222,0.57728,-0.24205,0.42762,-0.65215,1.53957,1.51695,-0.18560,
1787040706633338880,96.52393,1.32639,0.58680,0.62318,-0.26759,0.41336,-0.60759,1.51764,1.56143,0.00631,
1787040706700011008,96.61992,1.43074,0.59577,0.65851,-0.29569,0.39680,-0.56699,1.39221,1.53652,0.16472,
1787040706766673152,96.71684,1.53335,0.60633,0.68294,-0.31381,0.38928,-0.53252,1.35868,1.53035,0.20420,
1787040706833338880,96.80899,1.63820,0.61469,0.70686,-0.33187,0.38161,-0.49456,1.29556,1.53488,0.07325,
1787040706900006144,96.89365,1.74729,0.61418,0.73933,-0.34063,0.36320,-0.45326,1.29112,1.57688,-0.09404,
1787040706966674176,96.97857,1.85282,0.60609,0.77323,-0.35067,0.33977,-0.40461,1.32804,1.62650,-0.22551,
1787040707033339136,97.06469,1.96462,0.58999,0.80490,-0.36028,0.31096,-0.35444,1.33992,1.64039,-0.27704,
1787040707100006144,97.15189,2.07412,0.57519,0.83260,-0.36391,0.28856,-0.30181,1.35364,1.64700,-0.15070,
1787040707166675200,97.24003,2.18086,0.57183,0.85272,-0.36669,0.26776,-0.25831,1.37215,1.59190,0.08843,
1787040707233339136,97.33288,2.28240,0.58176,0.86175,-0.36927,0.26391,-0.22668,1.40698,1.52381,0.17199,
1787040707300005888,97.42962,2.37754,0.59539,0.86392,-0.37972,0.25597,-0.20959,1.38540,1.38321,0.21724,
1787040707366673920,97.52506,2.46573,0.60654,0.86487,-0.38384,0.25517,-0.19889,1.40317,1.22834,0.11895,
1787040707433339136,97.62125,2.54454,0.60897,0.86769,-0.37793,0.25819,-0.19394,1.43371,1.18067,-0.05982,
1787040707500005888,97.71673,2.62390,0.59860,0.87061,-0.36785,0.26324,-0.19348,1.47779,1.17542,-0.23297,
1787040707566673920,97.81578,2.70375,0.57926,0.87259,-0.35833,0.26771,-0.19628,1.53291,1.20300,-0.32311,
1787040707633341952,97.91878,2.78301,0.55916,0.87343,-0.34976,0.27205,-0.20193,1.57578,1.20431,-0.25164,
1787040707700005888,98.02516,2.85999,0.54963,0.87567,-0.34168,0.27077,-0.20770,1.58525,1.23620,-0.01313,
1787040707766673152,98.12826,2.94403,0.56096,0.87815,-0.33672,0.26450,-0.21334,1.55571,1.29213,0.23561,
1787040707833338880,98.22658,3.03597,0.57906,0.87442,-0.33901,0.27409,-0.21293,1.38385,1.36814,0.28670,
1787040707900006912,98.29588,3.20582,0.63739,0.87319,-0.35133,0.26459,-0.20999,1.21823,1.54110,0.29055,
1787040707966674176,98.39242,3.24148,0.60513,0.87740,-0.35816,0.24271,-0.20733,1.19292,1.47822,0.03322,
1787040708033339136,98.47359,3.34195,0.60037,0.88048,-0.36764,0.22298,-0.19966,1.23505,1.50992,-0.13704,
1787040708100007168,98.55726,3.44048,0.58722,0.88238,-0.37505,0.20855,-0.19301,1.29961,1.50825,-0.25812,
1787040708166672896,98.64706,3.54060,0.56907,0.87878,-0.37775,0.21105,-0.20128,1.39432,1.51275,-0.27129,
1787040708233340928,98.74782,3.63992,0.55197,0.86551,-0.37727,0.23440,-0.23156,1.42133,1.49067,-0.15155,
1787040708300007168,98.84323,3.73843,0.55155,0.84919,-0.36727,0.25573,-0.28034,1.46002,1.47109,0.15090,
1787040708366673920,98.94389,3.83597,0.56135,0.82514,-0.36895,0.28098,-0.32259,1.51183,1.40321,0.21035,
1787040708433339136,99.03363,3.97224,0.57668,0.79894,-0.37788,0.29914,-0.35976,1.47885,1.21224,0.20815,
1787040708500006912,99.14468,3.99006,0.59000,0.77608,-0.36127,0.33177,-0.39637,1.45274,0.98517,0.07043,
1787040708566672128,99.24940,4.03587,0.59877,0.74954,-0.33834,0.36077,-0.43996,1.47306,0.94685,-0.09947,
1787040708633337856,99.37638,4.00381,0.59207,0.72074,-0.31495,0.38732,-0.48097,1.49785,0.83848,-0.23306,
1787040708700005120,99.48076,4.03796,0.57139,0.69616,-0.28944,0.40212,-0.51950,1.53625,0.82344,-0.28829,
1787040708766671872,99.58523,4.07495,0.55517,0.67231,-0.26542,0.40878,-0.55719,1.60646,0.78745,-0.18642,
1787040708833338880,99.70368,4.12657,0.55146,0.64934,-0.24241,0.41332,-0.59057,1.67829,0.75023,0.04764,
1787040708900006912,99.85340,4.21675,0.56073,0.62744,-0.23189,0.42315,-0.61114,1.74963,0.81822,0.16436,
1787040708966672896,99.97513,4.28521,0.57479,0.60767,-0.22235,0.43599,-0.62547,1.72245,0.85869,0.21577,
1787040709033339136,100.07570,4.33487,0.59279,0.59076,-0.21994,0.44080,-0.63900,1.64118,0.88049,0.14511,
1787040709100007168,100.17905,4.38701,0.60140,0.57399,-0.21252,0.43548,-0.66009,1.65630,0.87685,-0.00272,
1787040709166673920,100.30241,4.45079,0.59813,0.55780,-0.20457,0.43048,-0.67948,1.74571,0.84603,-0.14061,
1787040709233339136,100.42174,4.50803,0.58788,0.54053,-0.19295,0.42851,-0.69783,1.78184,0.80958,-0.21240,
1787040709300007168,100.53741,4.55727,0.57623,0.52303,-0.17774,0.42753,-0.71559,1.78573,0.77237,-0.16078,
1787040709366675968,100.65046,4.60327,0.56962,0.50115,-0.15778,0.43138,-0.73340,1.78536,0.72959,-0.03963,
1787040709433340160,100.62543,4.55497,0.61619,-0.47450,0.13541,-0.43781,0.75155,1.58337,0.50648,0.24365,
1787040709500005120,100.72604,4.58740,0.65127,-0.44625,0.12638,-0.44161,0.76803,1.55738,0.38209,0.37470,
1787040709566673920,100.76398,4.56534,0.67775,-0.41615,0.11964,-0.45172,0.78004,1.37827,0.18348,0.33386,
1787040709633338880,100.88866,4.59384,0.69460,-0.39456,0.10966,-0.45730,0.78941,1.38391,0.14706,0.11485,
1787040709700005888,100.97144,4.59504,0.69261,-0.38112,0.09260,-0.46289,0.79493,1.37697,0.07469,-0.05930,
1787040709766673152,101.06942,4.60208,0.68460,-0.37160,0.07595,-0.46383,0.80063,1.41667,0.07361,-0.15824,
1787040709833338880,101.12769,4.57043,0.67280,-0.36734,0.06432,-0.45437,0.80900,1.38530,-0.04254,-0.14440,
1787040709900006912,101.25607,4.59610,0.66827,-0.36751,0.05441,-0.44464,0.81503,1.49501,-0.07297,-0.01880,
1787040709966672896,101.32905,4.56747,0.67659,-0.37079,0.05036,-0.43246,0.82034,1.47070,-0.16606,0.16188,
1787040710033339136,101.50141,4.58722,0.66806,-0.36836,0.05038,-0.43360,0.82083,1.53909,-0.11418,0.23516,
1787040710100006144,101.61201,4.58350,0.68614,-0.36434,0.04276,-0.43352,0.82309,1.58933,-0.11725,0.29143,
1787040710166672896,101.70986,4.57515,0.70613,-0.35672,0.04497,-0.43831,0.82378,1.58019,-0.10918,0.19243,
1787040710233339136,101.81252,4.56541,0.71337,-0.35094,0.04334,-0.43533,0.82792,1.57544,-0.15835,0.01517,
1787040710300004864,101.90080,4.54281,0.70954,-0.34745,0.03753,-0.43096,0.83195,1.60623,-0.22692,-0.12456,
1787040710366672128,102.00617,4.52390,0.69872,-0.34022,0.03409,-0.42842,0.83639,1.63725,-0.26955,-0.17453,
1787040710433339136,102.10156,4.49376,0.68914,-0.32912,0.02978,-0.42955,0.84040,1.65340,-0.31386,-0.08733,
1787040710500008192,102.20551,4.46785,0.69001,-0.31638,0.02579,-0.43244,0.84394,1.60605,-0.38030,0.15084,
1787040710566674944,102.27498,4.41952,0.70852,-0.29727,0.01512,-0.44133,0.84654,1.50847,-0.46533,0.32600,
1787040710633337856,102.35823,4.37487,0.73353,-0.27888,0.01744,-0.44265,0.85205,1.35442,-0.54994,0.34829,
1787040710700005888,102.43415,4.32709,0.75339,-0.25983,0.00872,-0.45196,0.85331,1.25035,-0.62598,0.25001,
1787040710766673152,102.50708,4.27471,0.76197,-0.24602,0.00174,-0.45552,0.85555,1.22389,-0.68787,0.06365,
1787040710833338880,102.57941,4.21863,0.75865,-0.23230,-0.00591,-0.46046,0.85672,1.20999,-0.74217,-0.09205,
1787040710900006912,102.65271,4.15776,0.74410,-0.22463,-0.01421,-0.45814,0.85991,1.20071,-0.79170,-0.20192,
1787040710966674176,102.81771,4.11169,0.74408,-0.21997,-0.01776,-0.45144,0.86458,1.31917,-0.84871,-0.13390,
1787040711033339136,102.79044,4.03276,0.72066,-0.22136,-0.02099,-0.44375,0.86813,1.15992,-0.92682,-0.00492,
1787040711100006144,102.89044,3.94674,0.70945,-0.22536,-0.02189,-0.43647,0.87076,1.20928,-1.03692,0.19782,
1787040711166672896,102.96302,3.89976,0.73342,-0.22688,-0.01903,-0.43888,0.86922,1.17147,-0.91681,0.29560,
1787040711233339136,103.03393,3.83587,0.74723,-0.22836,-0.01607,-0.44359,0.86650,1.19519,-0.86979,0.30206,
1787040711300007936,103.12284,3.77497,0.76205,-0.23294,-0.00530,-0.44517,0.86460,1.20882,-0.83796,0.15153,
1787040711366672896,103.20220,3.70798,0.75502,-0.23760,0.00131,-0.44274,0.86460,1.21189,-0.87599,-0.03730,
1787040711433339136,103.28071,3.64226,0.73753,-0.24238,0.00504,-0.43969,0.86481,1.25548,-0.94246,-0.19611,
1787040711500006912,103.36188,3.57805,0.71792,-0.24654,0.01024,-0.44530,0.86071,1.27569,-1.00563,-0.27591,
1787040711566673152,103.44022,3.51062,0.69473,-0.25454,0.00681,-0.44689,0.85759,1.24128,-0.95044,-0.16719,
1787040711633339904,103.52819,3.44681,0.69428,-0.26096,-0.00085,-0.43962,0.85944,1.23441,-0.98265,0.03259,
1787040711700005888,103.60874,3.38027,0.70078,-0.26377,-0.00706,-0.44372,0.85644,1.21302,-1.03785,0.20021,
1787040711766671872,103.68230,3.31085,0.71139,-0.26170,-0.00176,-0.44926,0.85421,1.10810,-1.05771,0.24902,
1787040711833338880,103.75197,3.23826,0.72258,-0.25177,-0.00028,-0.46313,0.84978,0.99722,-1.12847,0.16065,
1787040711900006144,103.81761,3.16080,0.72526,-0.24446,-0.00656,-0.47676,0.84433,0.89823,-1.12953,-0.03980,
1787040711966672896,103.86668,3.08961,0.71020,-0.23971,-0.02328,-0.48121,0.84287,0.83667,-1.14331,-0.21508,
1787040712033339136,103.92422,3.01067,0.68526,-0.23483,-0.04159,-0.48002,0.84422,0.85424,-1.15603,-0.32821,
1787040712100006144,103.97296,2.93913,0.65819,-0.22604,-0.05210,-0.47041,0.85141,0.87380,-1.20484,-0.31785,
1787040712166672896,104.03790,2.85522,0.64272,-0.21739,-0.05773,-0.46637,0.85552,0.91396,-1.25941,-0.16322,
1787040712233340928,104.10415,2.77017,0.64104,-0.21192,-0.05736,-0.45585,0.86255,0.91456,-1.28260,0.02817,
1787040712300005888,104.16124,2.68438,0.64478,-0.21101,-0.05766,-0.45722,0.86203,0.95540,-1.35051,0.11692,
1787040712366672128,104.22908,2.59332,0.65404,-0.21744,-0.05692,-0.47711,0.84962,1.07143,-1.39250,0.17181,
1787040712433340160,104.26671,2.51126,0.65982,-0.22380,-0.03604,-0.51298,0.82793,1.10380,-1.37917,0.06511,
1787040712500005888,104.38974,2.38452,0.64917,-0.23160,-0.01684,-0.54305,0.80695,1.13407,-1.33467,-0.13230,
1787040712566673152,104.46929,2.29822,0.63575,-0.23697,-0.00214,-0.55606,0.79664,1.15102,-1.35681,-0.28153,
1787040712633338880,104.55884,2.20316,0.61321,-0.24418,0.00921,-0.56656,0.78696,1.15506,-1.34902,-0.36128,
1787040712700005888,104.64232,2.11353,0.59050,-0.25105,0.01336,-0.57477,0.77874,1.16453,-1.33254,-0.28653,
1787040712766671872,104.72653,2.02467,0.57893,-0.25561,0.01563,-0.57872,0.77427,1.15052,-1.33637,-0.07586,
1787040712833338880,104.80377,1.93791,0.58069,-0.25809,0.01434,-0.58524,0.76855,1.10217,-1.38019,0.11564,
1787040712900006144,104.87151,1.84968,0.58853,-0.26052,0.01826,-0.59315,0.76155,0.96926,-1.33933,0.13376,
1787040712966672896,104.93646,1.76094,0.59423,-0.26379,0.01914,-0.60320,0.75246,0.84133,-1.39532,0.08590,
1787040713033339136,104.99249,1.66670,0.59370,-0.26545,0.01570,-0.61358,0.74352,0.81549,-1.38637,-0.05229,
1787040713100007168,105.05436,1.57666,0.58079,-0.26387,0.01703,-0.62112,0.73776,0.82494,-1.36391,-0.20302,
1787040713166672896,105.10797,1.48457,0.56540,-0.26313,0.01965,-0.62303,0.73635,0.82397,-1.36130,-0.31404,
1787040713233339136,105.17342,1.39218,0.54814,-0.26315,0.02107,-0.61746,0.74098,0.86177,-1.39428,-0.31771,
1787040713300004864,105.23339,1.29464,0.53270,-0.26444,0.02515,-0.60863,0.74767,0.87597,-1.45512,-0.17007,
1787040713366672128,105.29243,1.19568,0.52590,-0.26792,0.03609,-0.59587,0.75621,0.89370,-1.45962,-0.02243,
1787040713433339136,105.36834,1.08936,0.53631,-0.27843,0.05099,-0.58390,0.76088,0.91057,-1.44109,0.11907,
1787040713500005120,105.44271,0.99397,0.54864,-0.29083,0.05742,-0.57275,0.76425,0.96957,-1.45973,0.20300,
1787040713566672128,105.51516,0.90426,0.56485,-0.30149,0.06533,-0.57778,0.75565,0.97817,-1.37958,0.21082,
1787040713633338880,105.58442,0.82364,0.57893,-0.32049,0.07162,-0.56637,0.75590,0.87194,-1.23275,0.14051,
1787040713700006912,105.64669,0.74612,0.58379,-0.36061,0.07407,-0.53607,0.75967,0.86660,-1.23242,-0.05339,
1787040713766673152,105.70637,0.66834,0.57391,-0.40095,0.07984,-0.50603,0.75947,0.86610,-1.19646,-0.30819,
1787040713833338880,105.76693,0.58875,0.54943,-0.42910,0.07751,-0.46989,0.76751,0.86888,-1.18927,-0.42648,
1787040713900006144,105.83049,0.50434,0.52403,-0.44793,0.08051,-0.44499,0.77127,0.97172,-1.29790,-0.35630,
1787040713966672896,105.89682,0.41332,0.50503,-0.46244,0.08218,-0.42766,0.77233,1.01845,-1.41935,-0.22233,
1787040714033339136,105.96076,0.31309,0.49829,-0.46778,0.08059,-0.41729,0.77495,0.99856,-1.52208,-0.06883,
1787040714100006144,106.01917,0.20806,0.49803,-0.46423,0.07443,-0.40931,0.78193,0.87234,-1.56183,0.09703,
1787040714166673920,106.07493,0.09877,0.50783,-0.45101,0.06490,-0.42294,0.78326,0.77136,-1.72399,0.15790,
1787040714233339136,106.12120,-0.01633,0.51200,-0.43091,0.04493,-0.45279,0.77928,0.68234,-1.64333,-0.05451,
1787040714300005888,106.16458,-0.12590,0.50238,-0.41105,0.02497,-0.45311,0.79064,0.67438,-1.60255,-0.27002,
1787040714366672128,106.20512,-0.22976,0.47859,-0.38363,0.00754,-0.45158,0.80551,0.73302,-1.63573,-0.35272,
1787040714433339136,106.25223,-0.34237,0.45151,-0.35096,-0.00094,-0.45412,0.81890,0.75799,-1.68299,-0.36353,
1787040714500005888,106.30382,-0.45810,0.42953,-0.31780,-0.01068,-0.45557,0.83147,0.80110,-1.72280,-0.26393,
1787040714566672128,106.35727,-0.57479,0.41812,-0.29490,-0.00857,-0.45211,0.84176,0.83686,-1.75785,-0.07642,
1787040714633339904,106.42519,-0.69778,0.42325,-0.28075,-0.01157,-0.46350,0.84037,0.90671,-1.70421,0.20484,
1787040714700005888,106.50160,-0.81271,0.44172,-0.26932,-0.00753,-0.47964,0.83508,0.97547,-1.58677,0.29354,
1787040714766671872,106.59148,-0.92355,0.45244,-0.25139,0.00524,-0.48576,0.83715,1.01885,-1.48789,0.06566,
1787040714833338880,106.61898,-1.00399,0.45408,-0.23448,0.01138,-0.48042,0.84503,0.92477,-1.47002,-0.16669,
1787040714900006144,106.71166,-1.11637,0.44073,-0.21014,0.00630,-0.47593,0.85399,0.99309,-1.49018,-0.32936,
1787040714966671872,106.78046,-1.21522,0.41785,-0.17973,0.00343,-0.46558,0.86656,1.01352,-1.52628,-0.32223,
1787040715033338112,106.84929,-1.31894,0.39998,-0.14989,-0.01027,-0.46718,0.87130,1.00096,-1.53658,-0.22177,
1787040715100006144,106.91574,-1.42219,0.39528,-0.11318,-0.03258,-0.46045,0.87984,0.96317,-1.55592,0.04340,
1787040715166673920,106.97908,-1.52581,0.40653,-0.07132,-0.04961,-0.45553,0.88597,0.86638,-1.57061,0.21330,
1787040715233339904,107.03331,-1.63244,0.42634,-0.03436,-0.06120,-0.45641,0.88700,0.76775,-1.62307,0.28403,
1787040715300005888,107.08307,-1.73803,0.44458,0.00095,-0.07794,-0.46159,0.88366,0.68413,-1.56780,0.08655,
1787040715366672896,107.13721,-1.84550,0.44557,0.02981,-0.10052,-0.45812,0.88268,0.73045,-1.57055,-0.11924,
1787040715433339136,107.19798,-1.95418,0.43133,0.05805,-0.11341,-0.45118,0.88329,0.77755,-1.60114,-0.30772,
1787040715500005888,107.26223,-2.06729,0.40964,0.08214,-0.12226,-0.44308,0.88430,0.80909,-1.63778,-0.35811,
1787040715566673152,107.32981,-2.18277,0.38758,0.09404,-0.13096,-0.43689,0.88495,0.84103,-1.70076,-0.26081,
1787040715633338880,107.39808,-2.29839,0.37590,0.09367,-0.13233,-0.43260,0.88689,0.87872,-1.67007,-0.09507,
1787040715700005888,107.46719,-2.40376,0.38065,0.08533,-0.13721,-0.42637,0.89000,0.92770,-1.66561,0.18918,
1787040715766671872,107.52712,-2.51427,0.39367,0.08064,-0.13416,-0.43734,0.88557,0.98446,-1.63568,0.31017,
1787040715833338112,107.59092,-2.60931,0.40953,0.06408,-0.11783,-0.45077,0.88251,1.01139,-1.53503,0.15328,
1787040715900007936,107.65675,-2.70633,0.41119,0.03652,-0.10439,-0.44603,0.88816,0.97420,-1.53137,-0.09880,
1787040715966674176,107.70699,-2.79388,0.39808,0.01017,-0.09773,-0.44452,0.89036,0.95818,-1.56750,-0.30638,
1787040716033339136,107.77180,-2.90343,0.37314,-0.01777,-0.08909,-0.44311,0.89185,0.96350,-1.55459,-0.35103,
1787040716100007168,107.82483,-2.99676,0.35295,-0.03677,-0.09374,-0.44303,0.89083,0.96977,-1.51535,-0.24946,
1787040716166672896,107.88166,-3.09532,0.34419,-0.04903,-0.09910,-0.43569,0.89328,0.95268,-1.51345,-0.01114,
1787040716233339904,107.93653,-3.19705,0.34987,-0.06097,-0.09905,-0.43778,0.89153,0.87906,-1.57413,0.13596,
1787040716300007168,107.97159,-3.28642,0.36618,-0.06638,-0.09829,-0.44512,0.88758,0.73766,-1.64348,0.26157,
1787040716366673920,108.02388,-3.40684,0.38005,-0.06285,-0.09816,-0.47196,0.87388,0.68227,-1.67931,0.12774,
1787040716433339136,108.06753,-3.51611,0.37922,-0.06198,-0.09809,-0.49499,0.86111,0.63289,-1.64556,-0.13650,
1787040716500005888,108.10462,-3.62183,0.36407,-0.06975,-0.10294,-0.50776,0.85248,0.62366,-1.67349,-0.33184,
1787040716566673920,108.15648,-3.74872,0.33581,-0.07981,-0.09866,-0.52129,0.84389,0.64985,-1.74747,-0.43364,
1787040716633338880,108.18529,-3.85637,0.30534,-0.08965,-0.09146,-0.53470,0.83528,0.58923,-1.76011,-0.35466,
1787040716700005888,108.22929,-3.98425,0.28822,-0.10271,-0.08717,-0.54232,0.82930,0.59404,-1.72956,-0.16932,
1787040716766674944,108.26411,-4.10517,0.28431,-0.11798,-0.07662,-0.54341,0.82760,0.57055,-1.74091,0.04032,
1787040716833338880,108.30431,-4.23157,0.29531,-0.12274,-0.07661,-0.55045,0.82224,0.56197,-1.72302,0.19170,
1787040716900006912,108.34110,-4.35661,0.30658,-0.11683,-0.08193,-0.56306,0.81400,0.59554,-1.70251,0.16296,
1787040716966674944,108.36796,-4.45223,0.31723,-0.10701,-0.08097,-0.57046,0.81029,0.60144,-1.64442,0.00907,
1787040717033339136,108.37453,-4.53525,0.31824,-0.10459,-0.07539,-0.57577,0.80738,0.55092,-1.64386,-0.16373,
1787040717100006144,108.42254,-4.65305,0.30238,-0.10784,-0.06805,-0.57983,0.80470,0.61266,-1.67204,-0.28787,
1787040717166671872,108.45953,-4.77473,0.28453,-0.11675,-0.05806,-0.58235,0.80242,0.63245,-1.67645,-0.28204,
1787040717233339136,108.49322,-4.88056,0.27114,-0.11332,-0.05474,-0.57885,0.80567,0.63919,-1.64172,-0.17940,
1787040717300007936,108.54133,-5.02299,0.26429,-0.09942,-0.05458,-0.57760,0.80840,0.58008,-1.73160,0.04995,
1787040717366672896,108.56086,-5.11126,0.27536,-0.08098,-0.05653,-0.57044,0.81538,0.41780,-1.65857,0.21234,
1787040717433339136,108.58074,-5.23235,0.29024,-0.06964,-0.06687,-0.57459,0.81272,0.28231,-1.72883,0.24158,
1787040717500005888,108.58439,-5.32601,0.30693,-0.06028,-0.08045,-0.57778,0.80998,0.20658,-1.60784,0.09536,
1787040717566679040,108.59812,-5.42378,0.31308,-0.05831,-0.09335,-0.56286,0.81919,0.21803,-1.58046,-0.08088,
1787040717633338880,108.61711,-5.54312,0.30418,-0.05721,-0.09649,-0.54508,0.83085,0.23535,-1.64120,-0.24372,
1787040717700006912,108.62449,-5.63505,0.28948,-0.05806,-0.09395,-0.53090,0.84020,0.21071,-1.68781,-0.29399,
1787040717766673152,108.65221,-5.77609,0.26924,-0.06193,-0.09205,-0.52997,0.84073,0.20873,-1.81335,-0.26823,
1787040717833338880,108.64829,-5.85079,0.25835,-0.07001,-0.08566,-0.53071,0.84030,0.19434,-1.82486,-0.05851,
1787040717900006144,108.66000,-5.97577,0.26027,-0.07680,-0.07949,-0.54388,0.83185,0.23246,-1.83708,0.15326,
1787040717966675968,108.65769,-6.06116,0.27445,-0.07889,-0.07526,-0.56072,0.82080,0.26081,-1.77121,0.24777,
1787040718033339136,108.67058,-6.17455,0.28716,-0.07917,-0.07230,-0.58154,0.80642,0.29051,-1.66184,0.12795,
1787040718100006144,108.68195,-6.27121,0.28946,-0.07538,-0.06864,-0.58776,0.80259,0.31105,-1.60233,-0.04090,
1787040718166672896,108.69821,-6.36596,0.28347,-0.07635,-0.06313,-0.59004,0.80128,0.31597,-1.56224,-0.20020,
1787040718233338112,108.71965,-6.46181,0.27240,-0.07920,-0.06354,-0.58189,0.80690,0.32804,-1.48335,-0.23134,
1787040718300004864,108.74478,-6.57327,0.25965,-0.08375,-0.07012,-0.56414,0.81842,0.35132,-1.50570,-0.14058,
1787040718366673920,108.76492,-6.67100,0.25379,-0.08487,-0.07672,-0.54484,0.83070,0.33267,-1.51179,0.01884,
1787040718433340160,108.78569,-6.77233,0.25896,-0.08328,-0.07906,-0.54174,0.83267,0.29771,-1.55408,0.16902,
1787040718500005120,108.80326,-6.87698,0.27034,-0.08079,-0.07766,-0.53804,0.83544,0.18731,-1.57950,0.22902,
1787040718566675968,108.81503,-6.99415,0.28131,-0.07857,-0.08464,-0.55058,0.82676,0.13754,-1.60432,0.14048,
1787040718633337856,108.82446,-7.09735,0.28576,-0.07953,-0.09137,-0.55931,0.82006,0.13146,-1.50460,-0.00982,
1787040718700005888,108.83552,-7.20696,0.27707,-0.07987,-0.09909,-0.55873,0.81952,0.13609,-1.52282,-0.18139,
1787040718766673920,108.84609,-7.30962,0.26134,-0.07933,-0.10183,-0.55469,0.82198,0.14960,-1.54279,-0.27017,
1787040718833338880,108.84859,-7.39133,0.24561,-0.07864,-0.09836,-0.54813,0.82686,0.11810,-1.58728,-0.23357,
1787040718900007936,108.85705,-7.50064,0.23423,-0.07974,-0.09454,-0.54562,0.82885,0.11750,-1.58257,-0.11894,
1787040718966672896,108.87847,-7.64965,0.23265,-0.08446,-0.08586,-0.53847,0.83399,0.18728,-1.72491,0.07347,
1787040719033339136,108.88758,-7.75432,0.23978,-0.09558,-0.08094,-0.55083,0.82516,0.24013,-1.72271,0.18808,
1787040719100007168,108.90412,-7.86963,0.25525,-0.10444,-0.07768,-0.57012,0.81119,0.32373,-1.69126,0.22757,
1787040719166671872,108.92624,-7.99162,0.26679,-0.10627,-0.06873,-0.58663,0.79991,0.35916,-1.59258,0.08931,
1787040719233339136,108.94274,-8.08123,0.27056,-0.10808,-0.05767,-0.59038,0.79777,0.34317,-1.54162,-0.06430,
1787040719300007168,108.96353,-8.18346,0.26725,-0.11321,-0.05282,-0.59086,0.79704,0.33674,-1.48730,-0.14847,
1787040719366672128,108.98729,-8.28603,0.25674,-0.12084,-0.04883,-0.57941,0.80455,0.35063,-1.50642,-0.14140,
1787040719433339136,109.01689,-8.42260,0.24918,-0.12680,-0.04901,-0.58239,0.80146,0.32757,-1.58774,-0.01204,
1787040719500005888,109.03888,-8.52437,0.25381,-0.12908,-0.05186,-0.58785,0.79692,0.30960,-1.56251,0.11365,
1787040719566673152,109.05741,-8.63178,0.26112,-0.12966,-0.05215,-0.59106,0.79443,0.26039,-1.55110,0.15027,
1787040719633338880,109.07664,-8.74440,0.26793,-0.13050,-0.05388,-0.60022,0.78727,0.22702,-1.49386,0.13686,
1787040719700006912,109.09061,-8.84438,0.27425,-0.13087,-0.05572,-0.60066,0.78675,0.20014,-1.46993,0.02528,
1787040719766673152,109.10742,-8.94567,0.26997,-0.12918,-0.06110,-0.60000,0.78714,0.21021,-1.47873,-0.07144,
1787040719833338880,109.12181,-9.04334,0.26202,-0.12839,-0.06268,-0.59519,0.79078,0.21411,-1.49567,-0.17273,
1787040719900006912,109.13309,-9.13911,0.24852,-0.12696,-0.06470,-0.59100,0.79398,0.19316,-1.52241,-0.19849,
1787040719966672896,109.14663,-9.24046,0.23598,-0.12673,-0.06447,-0.58871,0.79574,0.20301,-1.57687,-0.08140,
1787040720033340928,109.15789,-9.32082,0.22701,-0.13071,-0.06376,-0.59451,0.79083,0.22996,-1.59923,0.03038,
1787040720100006144,109.17442,-9.42993,0.23312,-0.13688,-0.06816,-0.60808,0.77901,0.31842,-1.55222,0.15542,
1787040720166672896,109.19907,-9.53593,0.24283,-0.14032,-0.06694,-0.61913,0.76975,0.36013,-1.46533,0.13090,
1787040720233339136,109.23660,-9.65235,0.23952,-0.13797,-0.06616,-0.62100,0.76873,0.39856,-1.43183,-0.00294,
1787040720300007168,109.26937,-9.74724,0.22918,-0.13349,-0.06569,-0.62226,0.76855,0.42486,-1.41933,-0.10844,
1787040720366673920,109.28836,-9.82274,0.22357,-0.12799,-0.06846,-0.62099,0.77026,0.42854,-1.35384,-0.17442,
1787040720433339136,109.31456,-9.91060,0.20997,-0.12053,-0.07762,-0.62035,0.77111,0.42490,-1.36482,-0.16854,
1787040720500006912,109.34145,-9.99838,0.20160,-0.11113,-0.08893,-0.61707,0.77393,0.40431,-1.27548,-0.05322,
1787040720566673152,109.36867,-10.08239,0.19038,-0.10042,-0.10433,-0.61407,0.77585,0.35721,-1.28476,0.00005,
1787040720633339904,109.38384,-10.13974,0.18625,-0.09269,-0.11642,-0.61345,0.77559,0.30409,-1.29147,0.04409,
1787040720700006912,109.40016,-10.21233,0.18434,-0.08559,-0.12547,-0.62618,0.76474,0.25457,-1.21880,0.06702,
1787040720766673920,109.42433,-10.30982,0.18261,-0.08027,-0.12963,-0.62723,0.76376,0.22030,-1.13128,0.01973,
1787040720833338880,109.42976,-10.36173,0.17956,-0.07875,-0.13472,-0.62521,0.76470,0.18591,-1.11631,-0.07692,
1787040720900005120,109.44576,-10.44691,0.16987,-0.08028,-0.13599,-0.62414,0.76518,0.13554,-1.15027,-0.15015,
1787040720966672896,109.45509,-10.52432,0.15800,-0.08149,-0.13893,-0.62334,0.76519,0.09048,-1.18213,-0.17238,
1787040721033338112,109.45608,-10.59770,0.14813,-0.08302,-0.13918,-0.61908,0.76842,0.02008,-1.19255,-0.15582,
1787040721100007168,109.44891,-10.66972,0.14029,-0.08366,-0.13986,-0.61030,0.77523,-0.07557,-1.23653,-0.09527,
1787040721166672896,109.44044,-10.75437,0.13734,-0.08874,-0.13954,-0.60755,0.77688,-0.11402,-1.31735,0.06607,
1787040721233339136,109.41924,-10.80803,0.14370,-0.09520,-0.13474,-0.61996,0.76709,-0.12190,-1.14249,0.16047,
1787040721300007936,109.40676,-10.86241,0.15659,-0.09174,-0.13778,-0.62258,0.76485,-0.05460,-0.96372,0.15243,
1787040721366672128,109.39276,-10.89510,0.16562,-0.08030,-0.13431,-0.62492,0.76484,-0.00361,-0.77008,0.11808,
1787040721433337856,109.38660,-10.92826,0.17324,-0.06469,-0.13659,-0.62234,0.76802,-0.00198,-0.71373,0.05562,
1787040721500006912,109.37019,-10.94089,0.17931,-0.04370,-0.14533,-0.61935,0.77031,-0.01378,-0.60508,0.05202,
1787040721566672128,109.35662,-10.95101,0.18486,-0.01182,-0.15737,-0.60888,0.77740,-0.01352,-0.53629,0.04070,
1787040721633339904,109.34569,-10.96786,0.18979,0.02268,-0.17053,-0.59655,0.78392,-0.03705,-0.48954,-0.01312,
1787040721700006912,109.33392,-10.97702,0.19319,0.05549,-0.18523,-0.58566,0.78715,-0.06410,-0.44838,-0.02616,
1787040721766673152,109.32289,-10.99001,0.19619,0.08808,-0.19993,-0.57524,0.78827,-0.09477,-0.36367,-0.01035,
1787040721833339904,109.31469,-10.99411,0.19609,0.12674,-0.22076,-0.55508,0.79189,-0.04028,-0.32291,-0.01068,
1787040721900006912,109.31554,-11.01881,0.19516,0.17790,-0.23643,-0.52876,0.79553,0.05114,-0.43070,-0.02235,
1787040721966672896,109.32355,-11.04461,0.19168,0.23724,-0.25117,-0.50250,0.79254,0.12145,-0.56132,-0.03602,
1787040722033339136,109.33070,-11.08202,0.19159,0.30140,-0.27043,-0.47383,0.78199,0.18769,-0.72013,-0.03492,
1787040722100006144,109.34736,-11.13602,0.18760,0.36300,-0.29101,-0.44355,0.76603,0.23952,-0.90138,-0.01271,
1787040722166671872,109.36261,-11.20168,0.18944,0.41396,-0.31568,-0.41391,0.74677,0.10426,-1.00612,0.13213,
1787040722233339136,109.37068,-11.26163,0.19869,0.45275,-0.34668,-0.40226,0.71625,0.08162,-0.90465,0.18400,
1787040722300007936,109.38163,-11.30995,0.20848,0.48617,-0.35375,-0.38331,0.70113,0.08423,-0.72488,0.12359,
1787040722366672128,109.38939,-11.33373,0.22706,0.50958,-0.36354,-0.36993,0.68653,0.03986,-0.51796,0.04309,
1787040722433339136,109.39756,-11.35705,0.22719,0.52549,-0.37009,-0.35288,0.67998,0.02613,-0.40302,0.00418,
1787040722500006912,109.40134,-11.37836,0.22546,0.53516,-0.37600,-0.34034,0.67557,-0.00106,-0.34406,-0.01227,
1787040722566673152,109.40298,-11.39704,0.22349,0.54091,-0.37793,-0.33545,0.67235,-0.02065,-0.28121,-0.01941,
1787040722633337856,109.40291,-11.41234,0.22184,0.54396,-0.37860,-0.33252,0.67097,-0.04767,-0.23961,-0.02112,
1787040722700006912,109.39825,-11.42695,0.21992,0.54345,-0.38134,-0.33302,0.66958,-0.08739,-0.21258,-0.02775,
1787040722766671872,109.38945,-11.43466,0.21865,0.53714,-0.38701,-0.33216,0.67184,-0.13862,-0.19576,-0.05068,
1787040722833338880,109.37544,-11.44777,0.21473,0.52463,-0.39471,-0.33493,0.67586,-0.20465,-0.24310,-0.06662,
1787040722900006144,109.35706,-11.45911,0.21014,0.51362,-0.39816,-0.33917,0.68017,-0.25579,-0.25137,-0.08219,
1787040722966674176,109.33057,-11.46897,0.20745,0.50841,-0.39561,-0.33691,0.68667,-0.37936,-0.24801,-0.10102,
1787040723033339136,109.29970,-11.48427,0.19892,0.50105,-0.39551,-0.33487,0.69309,-0.54919,-0.25391,-0.15897,
1787040723100006144,109.25770,-11.49349,0.19127,0.48989,-0.39677,-0.33075,0.70227,-0.66428,-0.27606,-0.15138,
1787040723166671872,109.21514,-11.51121,0.18650,0.48089,-0.39060,-0.32493,0.71455,-0.74376,-0.31449,-0.13894,
1787040723233338112,109.15861,-11.52537,0.17926,0.47493,-0.37801,-0.31665,0.72889,-0.85550,-0.32774,-0.10418,
1787040723300005888,109.09808,-11.54536,0.18002,0.47049,-0.36671,-0.30476,0.74248,-0.92900,-0.33529,0.05936,
1787040723366672896,109.03274,-11.55919,0.18587,0.47042,-0.36326,-0.29386,0.74860,-0.96225,-0.38745,0.18756,
1787040723433339136,108.96909,-11.58604,0.18937,0.47810,-0.36682,-0.30074,0.73921,-0.80791,-0.40146,0.11914,
1787040723500006912,108.91801,-11.61356,0.19752,0.49734,-0.35658,-0.29875,0.73230,-0.75826,-0.41848,0.11791,
1787040723566672128,108.86447,-11.64081,0.20201,0.51534,-0.34513,-0.30099,0.72438,-0.83939,-0.38180,0.03717,
1787040723633337856,108.80282,-11.66454,0.19411,0.52408,-0.34372,-0.30523,0.71696,-0.91344,-0.38061,-0.02860,
1787040723700005888,108.73679,-11.68961,0.18414,0.53018,-0.33658,-0.31278,0.71259,-0.98058,-0.33092,-0.12499,
1787040723766673152,108.66815,-11.71125,0.17414,0.53350,-0.33358,-0.31612,0.71005,-1.06974,-0.28230,-0.19217,
1787040723833338880,108.59337,-11.73106,0.15795,0.53632,-0.33725,-0.31498,0.70669,-1.11949,-0.23528,-0.20837,
1787040723900006144,108.51477,-11.74685,0.14896,0.54019,-0.34361,-0.30667,0.70433,-1.23674,-0.23090,-0.10502,
1787040723966674176,108.42743,-11.75988,0.14601,0.54265,-0.36726,-0.30058,0.69304,-1.38089,-0.16262,0.04756,
1787040724033339904,108.33462,-11.77745,0.14853,0.54113,-0.40199,-0.29905,0.67539,-1.32297,-0.11229,0.12757,
1787040724100008960,108.24981,-11.78684,0.15953,0.54713,-0.41960,-0.29765,0.66029,-1.28161,-0.04945,0.14971,
1787040724166673920,108.16549,-11.79206,0.16763,0.55461,-0.43725,-0.29886,0.64180,-1.21884,-0.00795,0.04533,
1787040724233339136,108.08634,-11.79431,0.16797,0.56248,-0.44732,-0.29387,0.63020,-1.16665,0.02188,-0.10087,
1787040724300005888,108.00894,-11.79511,0.16034,0.57394,-0.44816,-0.27495,0.62781,-1.12658,0.01510,-0.19087,
1787040724366672128,107.92940,-11.79819,0.14671,0.59059,-0.43862,-0.25671,0.62683,-1.18445,-0.00363,-0.28022,
1787040724433339136,107.85105,-11.79753,0.13364,0.60430,-0.42424,-0.24396,0.62875,-1.27592,0.01724,-0.17430,
1787040724500005888,107.76297,-11.79713,0.12870,0.61072,-0.41126,-0.24285,0.63160,-1.31261,0.01315,0.00572,
1787040724566673152,107.66944,-11.79914,0.13018,0.61355,-0.40054,-0.24583,0.63458,-1.31148,-0.01328,0.17696,
1787040724633338880,107.58012,-11.80751,0.14975,0.61254,-0.40252,-0.24253,0.63558,-1.29125,-0.07448,0.26893,
1787040724700006912,107.50232,-11.81576,0.16490,0.60834,-0.41242,-0.24625,0.63181,-1.22662,-0.20560,0.26104,
1787040724766673920,107.42343,-11.83037,0.17748,0.61344,-0.40494,-0.25570,0.62796,-1.16095,-0.26462,0.08124,
1787040724833338880,107.34344,-11.84899,0.17739,0.61979,-0.38960,-0.26324,0.62831,-1.21255,-0.28091,-0.09775,
1787040724900006144,107.24096,-11.86951,0.15529,0.62359,-0.37881,-0.27350,0.62677,-1.29110,-0.26362,-0.25302,
1787040724966672896,107.15293,-11.88463,0.13689,0.62601,-0.37182,-0.27559,0.62763,-1.32232,-0.24250,-0.25312,
1787040725033339136,107.06314,-11.90222,0.12748,0.62917,-0.36776,-0.26949,0.62950,-1.36493,-0.27819,-0.14062,
1787040725100006144,106.96396,-11.92023,0.12112,0.63520,-0.36417,-0.26238,0.62853,-1.38997,-0.29061,0.01063,
1787040725166672896,106.87316,-11.93773,0.12623,0.64437,-0.36388,-0.25755,0.62133,-1.37700,-0.24758,0.12669,
1787040725233339136,106.77720,-11.94987,0.13574,0.65621,-0.35675,-0.26123,0.61145,-1.38470,-0.13863,0.21993,
1787040725300005888,106.66373,-11.95500,0.14485,0.65777,-0.37047,-0.27218,0.59667,-1.40308,0.07776,0.14782,
1787040725366673920,106.56972,-11.94642,0.14676,0.64629,-0.39863,-0.26594,0.59387,-1.35611,0.22857,-0.07097,
1787040725433339136,106.47437,-11.92892,0.12920,0.62462,-0.43324,-0.25189,0.59892,-1.39565,0.28748,-0.28388,
1787040725500006912,106.37823,-11.90793,0.10160,0.60602,-0.46105,-0.23792,0.60297,-1.39222,0.25959,-0.38097,
1787040725566674944,106.26853,-11.88962,0.07311,0.60639,-0.46569,-0.22144,0.60529,-1.37778,0.22084,-0.31374,
1787040725633338880,106.15887,-11.87838,0.06145,0.60815,-0.46566,-0.21262,0.60672,-1.43632,0.17127,-0.15349,
1787040725700005120,106.07484,-11.86480,0.06412,0.61338,-0.45209,-0.21189,0.61194,-1.35783,0.14953,0.03942,
1787040725766673152,105.99464,-11.85530,0.07220,0.62247,-0.43635,-0.20339,0.61706,-1.28904,0.08278,0.18258,
1787040725833338112,105.90559,-11.84850,0.08742,0.62720,-0.43075,-0.19767,0.61807,-1.35519,0.02766,0.24459,
1787040725900006144,105.81190,-11.84406,0.10375,0.62598,-0.43624,-0.20679,0.61244,-1.36293,-0.02969,0.14477,
1787040725966676992,105.72109,-11.85004,0.10756,0.63104,-0.43828,-0.21312,0.60355,-1.36335,-0.04697,-0.03776,
1787040726033338112,105.62818,-11.85189,0.09820,0.63446,-0.44370,-0.22188,0.59275,-1.47277,-0.03114,-0.21546,
1787040726100006144,105.51777,-11.85507,0.08215,0.63122,-0.45553,-0.23887,0.58052,-1.58964,-0.03566,-0.34395,
1787040726166672896,105.41504,-11.86071,0.05999,0.61637,-0.47359,-0.26047,0.57267,-1.62313,-0.09573,-0.31263,
1787040726233339136,105.31982,-11.86936,0.04901,0.60822,-0.48023,-0.27688,0.56815,-1.55854,-0.12288,-0.10587,
1787040726300005888,105.21573,-11.87305,0.04972,0.61138,-0.48679,-0.28427,0.55536,-1.55579,-0.01968,0.06652,
1787040726366672896,105.09842,-11.86972,0.05776,0.61696,-0.49872,-0.28706,0.53687,-1.42284,0.10862,0.18861,
1787040726433339136,104.98291,-11.85935,0.07128,0.62333,-0.51011,-0.27799,0.52342,-1.43706,0.21437,0.19781,
1787040726500005888,104.90240,-11.84273,0.08335,0.62685,-0.52082,-0.26842,0.51358,-1.38830,0.22494,0.05376,
1787040726566672128,104.80786,-11.82673,0.08282,0.63033,-0.52719,-0.26088,0.50665,-1.41080,0.25048,-0.12675,
1787040726633338880,104.71461,-11.80875,0.07056,0.63598,-0.53216,-0.25274,0.49846,-1.41983,0.27408,-0.26512,
1787040726700005888,104.62598,-11.78741,0.05083,0.64306,-0.53627,-0.24606,0.48821,-1.43109,0.31758,-0.33156,
1787040726766673920,104.53619,-11.76353,0.03473,0.64719,-0.54443,-0.23901,0.47710,-1.47099,0.35490,-0.19837,
1787040726833339904,104.44661,-11.73998,0.03227,0.65432,-0.54300,-0.23375,0.47157,-1.37861,0.33930,0.03255,
1787040726900006144,104.34450,-11.71832,0.04198,0.66169,-0.54041,-0.22438,0.46880,-1.37179,0.31607,0.17527,
1787040726966672896,104.24595,-11.70063,0.06079,0.66369,-0.54526,-0.21283,0.46574,-1.38332,0.25041,0.29650,
1787040727033339136,104.15544,-11.68697,0.08189,0.66492,-0.54484,-0.21340,0.46421,-1.37017,0.17561,0.27993,
1787040727100006144,104.06742,-11.67735,0.09605,0.66654,-0.53661,-0.21578,0.47034,-1.35513,0.14184,0.09474,
1787040727166672896,103.97719,-11.66711,0.09565,0.66808,-0.52511,-0.21586,0.48098,-1.41998,0.15864,-0.09980,
1787040727233339136,103.88701,-11.65446,0.08262,0.66715,-0.51682,-0.21908,0.48970,-1.45992,0.17556,-0.25252,
1787040727300007168,103.78539,-11.64083,0.06525,0.66627,-0.50588,-0.21637,0.50334,-1.49750,0.17932,-0.23525,
1787040727366672896,103.67949,-11.62721,0.05428,0.66434,-0.49732,-0.21058,0.51671,-1.55641,0.16165,-0.05856,
1787040727433339136,103.56992,-11.61268,0.05882,0.66629,-0.48841,-0.20785,0.52374,-1.57623,0.23407,0.21209,
1787040727500005888,103.48076,-11.59450,0.07725,0.67132,-0.47152,-0.20047,0.53554,-1.37204,0.31104,0.32287,
1787040727566673920,103.37998,-11.56728,0.09810,0.67716,-0.46217,-0.19044,0.53999,-1.40257,0.43389,0.31903,
1787040727633338880,103.28792,-11.53586,0.11149,0.68188,-0.46085,-0.18536,0.53693,-1.38944,0.48717,0.10794,
1787040727700005888,103.19269,-11.50093,0.10847,0.68620,-0.46011,-0.17695,0.53491,-1.43421,0.56256,-0.15600,
1787040727766673152,103.09578,-11.46333,0.09239,0.68578,-0.46472,-0.16822,0.53427,-1.48543,0.57719,-0.30453,
1787040727833338880,102.99934,-11.42550,0.07433,0.69504,-0.45186,-0.16688,0.53375,-1.49098,0.60503,-0.17006,
1787040727900006144,102.89860,-11.38259,0.07173,0.70154,-0.44034,-0.17396,0.53261,-1.48410,0.65737,0.05692,
1787040727966676992,102.79482,-11.34063,0.08294,0.70601,-0.42821,-0.18303,0.53356,-1.46789,0.60893,0.21606,
1787040728033339136,102.70000,-11.30110,0.10107,0.70944,-0.41583,-0.18903,0.53670,-1.43694,0.54942,0.28446,
1787040728100004864,102.59873,-11.26550,0.12389,0.70568,-0.41951,-0.19555,0.53645,-1.50919,0.52604,0.36436,
1787040728166672896,102.50191,-11.23210,0.14061,0.69831,-0.43154,-0.20389,0.53345,-1.41685,0.46749,0.15440,
1787040728233338112,102.41248,-11.20026,0.14434,0.69968,-0.43074,-0.19934,0.53401,-1.42432,0.45251,-0.06634,
1787040728300007168,102.32036,-11.16982,0.13286,0.70137,-0.42636,-0.19852,0.53562,-1.45276,0.44063,-0.27112,
1787040728366674944,102.22248,-11.13988,0.11368,0.70441,-0.41738,-0.19173,0.54115,-1.50888,0.44361,-0.27466,
1787040728433337856,102.11912,-11.10845,0.10273,0.70491,-0.41550,-0.18953,0.54271,-1.60294,0.46542,-0.04457,
1787040728500005888,101.99931,-11.07177,0.10691,0.70456,-0.42276,-0.19066,0.53714,-1.65021,0.51403,0.17008,
1787040728566674944,101.89075,-11.03890,0.11696,0.69743,-0.44386,-0.19818,0.52659,-1.63501,0.51668,0.24556,
1787040728633339904,101.78106,-11.00235,0.13581,0.68605,-0.46272,-0.22582,0.51404,-1.65492,0.57720,0.27380,
1787040728700006912,101.67024,-10.96411,0.14339,0.66581,-0.49169,-0.25004,0.50242,-1.52959,0.56932,0.08395,
1787040728766671872,101.54990,-10.91970,0.14657,0.65990,-0.49872,-0.24879,0.50390,-1.44299,0.54759,-0.08835,
1787040728833338880,101.44010,-10.87708,0.14230,0.66070,-0.49644,-0.23857,0.51001,-1.44595,0.54879,-0.19708,
1787040728900006144,101.34274,-10.83934,0.13198,0.66827,-0.48122,-0.22469,0.52092,-1.43437,0.54683,-0.16443,
1787040728966674176,101.23339,-10.79313,0.13570,0.67461,-0.46066,-0.21267,0.53616,-1.53130,0.59743,0.06618,
1787040729033339904,101.13176,-10.75295,0.15197,0.67423,-0.44263,-0.21520,0.55062,-1.54664,0.52234,0.33342,
1787040729100006144,101.02065,-10.71780,0.17732,0.66797,-0.43024,-0.22675,0.56329,-1.52663,0.43515,0.38134,
1787040729166672896,100.91124,-10.69108,0.20332,0.65460,-0.43631,-0.23699,0.57006,-1.50196,0.30296,0.42771,
1787040729233339136,100.79980,-10.67005,0.22799,0.65042,-0.43004,-0.24310,0.57699,-1.45522,0.22769,0.26257,
1787040729300004864,100.70415,-10.65529,0.23728,0.65028,-0.42335,-0.24351,0.58190,-1.49069,0.19240,0.01178,
1787040729366672896,100.60418,-10.64417,0.23113,0.65071,-0.41334,-0.24615,0.58749,-1.55117,0.16052,-0.17350,
1787040729433337856,100.50408,-10.63300,0.21776,0.65139,-0.40298,-0.24613,0.59390,-1.59048,0.15000,-0.23888,
1787040729500005120,100.39031,-10.61842,0.20734,0.65511,-0.39892,-0.24100,0.59466,-1.64684,0.16259,-0.06551,
1787040729566673152,100.26544,-10.60263,0.21151,0.66696,-0.40161,-0.22492,0.58590,-1.66604,0.16771,0.23514,
1787040729633339904,100.15472,-10.59251,0.23162,0.68146,-0.40762,-0.21828,0.56729,-1.67079,0.20670,0.37047,
1787040729700006912,100.03683,-10.57504,0.25640,0.69425,-0.41787,-0.22100,0.54274,-1.45975,0.29786,0.40142,
1787040729766673152,99.94726,-10.55537,0.27911,0.71122,-0.42912,-0.19423,0.52182,-1.32303,0.32390,0.26512,
1787040729833338880,99.86579,-10.53736,0.28980,0.72805,-0.43197,-0.17193,0.50378,-1.34452,0.31775,0.04535,
1787040729900006912,99.78500,-10.51818,0.28630,0.74364,-0.43567,-0.14989,0.48448,-1.36603,0.31778,-0.13149,
1787040729966676992,99.67706,-10.49890,0.27626,0.76420,-0.43154,-0.12737,0.46211,-1.41419,0.28388,-0.21881,
1787040730033339136,99.59221,-10.48104,0.26226,0.78866,-0.41992,-0.11531,0.43403,-1.46794,0.29674,-0.18893,
1787040730100007168,99.48064,-10.46001,0.25814,0.81494,-0.39912,-0.10307,0.40737,-1.53927,0.34757,-0.03637,
1787040730166673920,99.38092,-10.43463,0.26538,0.83189,-0.38445,-0.09113,0.38967,-1.58999,0.40277,0.17991,
1787040730233339136,99.25919,-10.40647,0.28325,0.83359,-0.39300,-0.08867,0.37790,-1.58534,0.36495,0.30240,
1787040730300005888,99.16970,-10.38629,0.30936,0.83247,-0.39768,-0.08443,0.37646,-1.58767,0.25647,0.39307,
1787040730366672128,99.05399,-10.37087,0.33174,0.83191,-0.39494,-0.09556,0.37790,-1.58390,0.19294,0.22401,
1787040730433340160,98.95026,-10.35838,0.33973,0.83326,-0.38562,-0.10049,0.38325,-1.60863,0.19229,-0.01092,
1787040730500006912,98.84345,-10.34276,0.33312,0.83409,-0.37540,-0.10474,0.39039,-1.68519,0.25659,-0.17687,
1787040730566673920,98.73148,-10.32342,0.31897,0.82962,-0.37453,-0.11455,0.39791,-1.73148,0.27985,-0.22068,
1787040730633337856,98.62973,-10.30110,0.30464,0.82203,-0.37660,-0.11979,0.40997,-1.74339,0.31793,-0.11462,
1787040730700005120,98.51842,-10.27567,0.30099,0.81597,-0.38370,-0.11910,0.41566,-1.68231,0.34557,0.10871,
1787040730766673152,98.41416,-10.24713,0.30613,0.81039,-0.39524,-0.11280,0.41753,-1.62709,0.39310,0.22619,
1787040730833338880,98.30999,-10.22112,0.32421,0.80536,-0.39969,-0.11760,0.42167,-1.55413,0.42655,0.31937,
1787040730900006144,98.22699,-10.18453,0.33444,0.79638,-0.41062,-0.12467,0.42618,-1.48457,0.51779,0.20302,
1787040730966671872,98.12553,-10.14993,0.33861,0.78879,-0.41967,-0.12408,0.43160,-1.45812,0.53415,-0.02837,
1787040731033339136,98.02559,-10.10982,0.32340,0.78212,-0.42669,-0.11687,0.43883,-1.47955,0.55893,-0.21408,
1787040731100007168,97.92742,-10.07163,0.30381,0.77801,-0.42861,-0.11214,0.44544,-1.51110,0.58088,-0.32615,
1787040731166672896,97.83746,-10.03111,0.27859,0.77510,-0.42564,-0.10571,0.45484,-1.52464,0.61931,-0.24688,
1787040731233339136,97.73742,-9.98929,0.26927,0.77172,-0.41753,-0.09956,0.46926,-1.54946,0.59316,-0.05163,
1787040731300005888,97.62485,-9.94717,0.27101,0.77048,-0.39800,-0.10232,0.48732,-1.58217,0.60581,0.15391,
1787040731366672896,97.53346,-9.90813,0.28392,0.76660,-0.39003,-0.09586,0.50101,-1.55124,0.52392,0.28509,
1787040731433340160,97.41852,-9.87084,0.30204,0.75977,-0.39635,-0.09932,0.50576,-1.63686,0.45353,0.28515,
1787040731500008192,97.31734,-9.84161,0.31203,0.75487,-0.39771,-0.11309,0.50913,-1.61875,0.37530,0.06545,
1787040731566673920,97.21793,-9.81310,0.30749,0.75399,-0.38887,-0.12430,0.51462,-1.62582,0.39332,-0.14889,
1787040731633337856,97.10100,-9.78067,0.29262,0.75138,-0.38388,-0.13117,0.52045,-1.68628,0.42643,-0.29629,
1787040731700005888,96.98966,-9.74918,0.27116,0.74813,-0.38339,-0.13439,0.52464,-1.70860,0.44241,-0.30081,
1787040731766673152,96.87835,-9.71951,0.25615,0.74527,-0.38284,-0.13609,0.52866,-1.72706,0.45044,-0.13025,
1787040731833338880,96.75469,-9.68494,0.25279,0.74231,-0.38479,-0.13594,0.53145,-1.72636,0.50134,0.08419,
1787040731900007936,96.64175,-9.64814,0.26235,0.73677,-0.39381,-0.14285,0.53072,-1.67387,0.57600,0.20269,
1787040731966672896,96.52721,-9.60689,0.27609,0.73048,-0.40445,-0.14598,0.53057,-1.61160,0.64070,0.25432,
1787040732033338112,96.42353,-9.56336,0.28459,0.72273,-0.41881,-0.14726,0.52970,-1.57602,0.67195,0.04750,
1787040732100007936,96.33164,-9.51788,0.28161,0.71599,-0.43054,-0.14265,0.53071,-1.53306,0.68436,-0.18836,
1787040732166671872,96.21679,-9.46788,0.26492,0.71174,-0.43676,-0.13250,0.53395,-1.57173,0.68661,-0.32893,
1787040732233339136,96.11083,-9.42216,0.23962,0.71215,-0.43633,-0.12390,0.53582,-1.58047,0.67775,-0.37343,
1787040732300007168,96.00555,-9.37258,0.22264,0.71288,-0.43220,-0.11555,0.54005,-1.67273,0.71632,-0.20312,
1787040732366672896,95.89302,-9.32846,0.21420,0.71012,-0.42551,-0.12256,0.54740,-1.67235,0.64842,-0.01699,
1787040732433337856,95.78821,-9.28631,0.21828,0.70657,-0.41552,-0.13220,0.55735,-1.64299,0.54987,0.11973,
1787040732500005120,95.68160,-9.25041,0.23279,0.70118,-0.41070,-0.13960,0.56585,-1.68460,0.51353,0.28809,
1787040732566673152,95.58105,-9.21290,0.25274,0.68578,-0.41901,-0.15939,0.57335,-1.65176,0.43927,0.22573,
1787040732633338880,95.44419,-9.17659,0.25854,0.67133,-0.41892,-0.17281,0.58648,-1.62721,0.45713,-0.04012,
1787040732700006912,95.33573,-9.14482,0.25043,0.65951,-0.41225,-0.17483,0.60376,-1.64587,0.48694,-0.24619,
1787040732766673152,95.22328,-9.11182,0.23146,0.65042,-0.40589,-0.17417,0.61795,-1.66912,0.50831,-0.34689,
1787040732833338880,95.10022,-9.07752,0.21263,0.64280,-0.39928,-0.16459,0.63269,-1.73204,0.53188,-0.22682,
1787040732900006144,94.96040,-9.04003,0.20540,0.63314,-0.40147,-0.15595,0.64314,-1.75668,0.55548,0.01816,
1787040732966676992,94.85130,-9.00685,0.21424,0.62603,-0.40644,-0.14843,0.64873,-1.72285,0.56456,0.17424,
1787040733033339904,94.74011,-8.96986,0.22942,0.61982,-0.41299,-0.15624,0.64873,-1.63668,0.57760,0.29188,
1787040733100006144,94.65423,-8.93638,0.25073,0.61612,-0.42084,-0.16298,0.64554,-1.52815,0.61670,0.19368,
1787040733166671872,94.55687,-8.89414,0.25718,0.61973,-0.42611,-0.16282,0.63864,-1.49356,0.61734,-0.03912,
1787040733233339136,94.46525,-8.85511,0.25156,0.62705,-0.42996,-0.15655,0.63042,-1.51409,0.63385,-0.20598,
1787040733300007168,94.36827,-8.81561,0.23727,0.63715,-0.43331,-0.15130,0.61919,-1.54866,0.61779,-0.27642,
1787040733366673920,94.26120,-8.77504,0.22119,0.64974,-0.42947,-0.15023,0.60895,-1.59601,0.63534,-0.19840,
1787040733433337856,94.15680,-8.73495,0.21319,0.65678,-0.42770,-0.15600,0.60115,-1.63795,0.61698,-0.05549,
1787040733500005888,94.04403,-8.69618,0.21563,0.66118,-0.42411,-0.16792,0.59563,-1.69474,0.59023,0.12413,
1787040733566673152,93.93059,-8.65955,0.22724,0.65759,-0.42991,-0.18144,0.59147,-1.70401,0.52053,0.25295,
1787040733633338880,93.82723,-8.63132,0.22918,0.64742,-0.44788,-0.19865,0.58377,-1.73284,0.46714,0.21451,
1787040733700006912,93.71238,-8.60176,0.23062,0.64022,-0.46385,-0.21852,0.57202,-1.65266,0.40246,0.01975,
1787040733766673152,93.60259,-8.57433,0.22619,0.64087,-0.46055,-0.23110,0.56902,-1.63807,0.40853,-0.17192,
1787040733833338880,93.48442,-8.54350,0.21108,0.63816,-0.46083,-0.23954,0.56834,-1.66085,0.45626,-0.30801,
1787040733900007936,93.36845,-8.51195,0.19004,0.63924,-0.45956,-0.23980,0.56804,-1.68176,0.46972,-0.30172,
1787040733966672896,93.24615,-8.47999,0.17624,0.63946,-0.46475,-0.23887,0.56395,-1.70613,0.48103,-0.12920,
1787040734033339136,93.13352,-8.44617,0.17542,0.64691,-0.46552,-0.23766,0.55526,-1.65737,0.51083,0.07756,
1787040734100009984,93.02414,-8.40873,0.18517,0.65358,-0.46952,-0.23648,0.54447,-1.57593,0.59734,0.19483,
1787040734166673920,92.91160,-8.36649,0.20203,0.65535,-0.47727,-0.23567,0.53590,-1.52566,0.67887,0.24785,
1787040734233339904,92.81149,-8.32339,0.21830,0.65481,-0.48605,-0.22912,0.53149,-1.41577,0.65885,0.10835,
1787040734300005888,92.72222,-8.28341,0.22332,0.66287,-0.47757,-0.21326,0.53578,-1.37396,0.63146,-0.08904,
1787040734366672896,92.62668,-8.24000,0.21341,0.67239,-0.46550,-0.19767,0.54049,-1.42207,0.63269,-0.24022,
1787040734433340160,92.54321,-8.20224,0.20076,0.68208,-0.44781,-0.18898,0.54637,-1.45733,0.65784,-0.28264,
1787040734500012032,92.44033,-8.15853,0.18774,0.68618,-0.43597,-0.18288,0.55286,-1.54792,0.69334,-0.11818,
1787040734566672128,92.33676,-8.11557,0.18468,0.68950,-0.42342,-0.18689,0.55712,-1.53642,0.64170,0.03848,
1787040734633341184,92.24307,-8.07643,0.19131,0.69180,-0.41216,-0.19388,0.56031,-1.52337,0.58039,0.16886,
1787040734700007936,92.14243,-8.03816,0.20626,0.69520,-0.40561,-0.19238,0.56140,-1.56169,0.55591,0.28816,
1787040734766671872,92.04123,-8.00419,0.22224,0.68888,-0.41906,-0.20017,0.55657,-1.57850,0.47447,0.20722,
1787040734833338880,91.94255,-7.97712,0.23067,0.68940,-0.41780,-0.20921,0.55354,-1.49477,0.37874,0.00661,
1787040734900009984,91.82897,-7.94892,0.22517,0.69382,-0.39923,-0.21996,0.55754,-1.58186,0.40816,-0.19420,
1787040734966674176,91.71737,-7.91963,0.20758,0.69274,-0.38996,-0.23047,0.56119,-1.60060,0.44112,-0.30979,
1787040735033339904,91.60868,-7.88911,0.19105,0.69383,-0.38392,-0.23260,0.56312,-1.63443,0.48182,-0.21663,
1787040735100007936,91.49925,-7.85468,0.18348,0.69723,-0.38643,-0.22770,0.55919,-1.60590,0.50835,0.00469,
1787040735166672896,91.39558,-7.82093,0.19397,0.70285,-0.38948,-0.21900,0.55348,-1.55709,0.54926,0.19922,
1787040735233339136,91.28892,-7.78374,0.20867,0.70738,-0.39762,-0.21737,0.54246,-1.56260,0.60097,0.26997,
1787040735300005888,91.16863,-7.74284,0.22282,0.70183,-0.42173,-0.22694,0.52734,-1.58280,0.71317,0.19167,
1787040735366673920,91.05625,-7.69882,0.22643,0.68913,-0.45688,-0.22903,0.51372,-1.56528,0.73544,-0.05456,
1787040735433339136,90.94594,-7.65353,0.21705,0.67692,-0.48507,-0.22695,0.50496,-1.56859,0.72638,-0.23828,
1787040735500008192,90.85280,-7.61444,0.20366,0.67116,-0.49548,-0.22297,0.50431,-1.52194,0.66008,-0.29451,
1787040735566672128,90.72902,-7.57079,0.18812,0.67451,-0.48823,-0.22010,0.50816,-1.55621,0.64764,-0.21367,
1787040735633339904,90.62267,-7.52606,0.17856,0.67536,-0.48116,-0.22200,0.51293,-1.57579,0.64791,-0.06582,
1787040735700006912,90.52345,-7.48369,0.18152,0.68250,-0.46791,-0.22303,0.51528,-1.54714,0.59728,0.11958,
1787040735766673152,90.41345,-7.44749,0.19719,0.68989,-0.45416,-0.22236,0.51803,-1.55415,0.54202,0.24740,
1787040735833338112,90.30386,-7.41291,0.21277,0.68720,-0.45716,-0.22339,0.51852,-1.64585,0.51832,0.26532,
1787040735900006144,90.18562,-7.38051,0.22352,0.68040,-0.46848,-0.23214,0.51351,-1.64189,0.42934,0.09785,
1787040735966678016,90.08057,-7.35498,0.22546,0.68054,-0.46505,-0.24038,0.51266,-1.64699,0.38132,-0.09368,
1787040736033339904,89.95367,-7.32705,0.20898,0.67728,-0.46153,-0.25006,0.51551,-1.75369,0.40738,-0.27890,
1787040736100006144,89.83335,-7.29903,0.18788,0.67199,-0.46032,-0.25764,0.51977,-1.77654,0.41261,-0.29805,
1787040736166672896,89.70739,-7.27109,0.16989,0.66329,-0.46659,-0.26233,0.52299,-1.84217,0.43174,-0.15590,
1787040736233338112,89.58570,-7.24075,0.16505,0.65592,-0.47685,-0.26225,0.52307,-1.85116,0.45883,0.06704,
1787040736300007168,89.46542,-7.21054,0.17212,0.64429,-0.49694,-0.26904,0.51533,-1.75499,0.51014,0.15357,
1787040736366672128,89.35207,-7.17577,0.18542,0.63461,-0.51188,-0.27505,0.50951,-1.65947,0.54990,0.20212,
1787040736433337856,89.23740,-7.14069,0.19219,0.62494,-0.52663,-0.27458,0.50667,-1.58633,0.54816,0.04150,
1787040736500005888,89.13324,-7.10766,0.18840,0.61749,-0.53579,-0.27070,0.50828,-1.58616,0.54094,-0.14207,
1787040736566673152,89.02645,-7.07384,0.17407,0.61320,-0.54118,-0.26606,0.51021,-1.60253,0.53510,-0.28108,
1787040736633338880,88.91818,-7.03743,0.15319,0.61195,-0.53950,-0.26228,0.51543,-1.63134,0.54936,-0.30770,
1787040736700007936,88.79302,-7.00085,0.13550,0.60803,-0.53957,-0.26249,0.51987,-1.73066,0.57128,-0.19106,
1787040736766673152,88.67903,-6.96413,0.12987,0.60336,-0.53505,-0.26701,0.52762,-1.72187,0.53270,0.02263,
1787040736833340928,88.57274,-6.93502,0.13699,0.59802,-0.52962,-0.27395,0.53556,-1.67208,0.47564,0.18569,
1787040736900006144,88.46415,-6.90815,0.15249,0.59432,-0.53287,-0.27433,0.53626,-1.71322,0.40048,0.24871,
1787040736966672896,88.37055,-6.88808,0.16924,0.58882,-0.53780,-0.28363,0.53255,-1.59618,0.27049,0.17893,
1787040737033338112,88.27032,-6.87185,0.17620,0.59545,-0.52391,-0.29029,0.53543,-1.58096,0.24231,-0.01855,
1787040737100004864,88.16484,-6.85245,0.16880,0.59778,-0.51555,-0.29861,0.53637,-1.65019,0.28725,-0.24200,
1787040737166672896,88.05028,-6.82903,0.15078,0.59723,-0.51378,-0.30277,0.53636,-1.66615,0.32291,-0.31442,
1787040737233339136,87.93981,-6.80736,0.13374,0.59735,-0.51571,-0.29992,0.53596,-1.69391,0.33502,-0.15837,
1787040737300008960,87.82077,-6.78133,0.12996,0.60104,-0.51560,-0.28896,0.53797,-1.67052,0.35861,0.08064,
1787040737366672896,87.70781,-6.75754,0.14208,0.60162,-0.51740,-0.28530,0.53755,-1.63168,0.38383,0.22774,
1787040737433339136,87.59987,-6.72704,0.15733,0.59883,-0.51916,-0.28693,0.53810,-1.59164,0.51511,0.26360,
1787040737500005888,87.49844,-6.68874,0.17026,0.59088,-0.53445,-0.28065,0.53522,-1.47394,0.57389,0.12575,
1787040737566672128,87.39541,-6.64824,0.16808,0.59105,-0.54159,-0.26644,0.53512,-1.46495,0.57834,-0.10055,
1787040737633338880,87.29881,-6.61094,0.15650,0.59147,-0.54798,-0.25491,0.53376,-1.51393,0.57965,-0.25393,
1787040737700006912,87.20246,-6.57334,0.13702,0.59539,-0.54634,-0.24777,0.53445,-1.52148,0.58221,-0.31259,
1787040737766673152,87.08534,-6.53192,0.11998,0.60219,-0.54221,-0.23862,0.53520,-1.58330,0.60464,-0.17518,
1787040737833338880,86.97729,-6.49344,0.11725,0.60961,-0.53468,-0.23688,0.53514,-1.58051,0.53397,0.05141,
1787040737900006912,86.86768,-6.45929,0.12760,0.61666,-0.51969,-0.24453,0.53838,-1.56551,0.45096,0.21727,
1787040737966672896,86.76919,-6.43078,0.14715,0.62352,-0.50470,-0.24635,0.54389,-1.58013,0.41282,0.28405,
1787040738033339136,86.65779,-6.40483,0.16567,0.61631,-0.50947,-0.25729,0.54259,-1.57491,0.33642,0.24087,
1787040738100004864,86.56202,-6.38423,0.17779,0.62040,-0.50246,-0.26637,0.54008,-1.47985,0.29403,0.07221,
1787040738166672896,86.45498,-6.36287,0.17749,0.63190,-0.48717,-0.26766,0.54012,-1.50302,0.31536,-0.12024,
1787040738233338112,86.35821,-6.34181,0.16491,0.64428,-0.47115,-0.26213,0.54241,-1.49379,0.33119,-0.25075,
1787040738300007168,86.26635,-6.31750,0.15331,0.65799,-0.45461,-0.24993,0.54582,-1.53402,0.36187,-0.17357,
1787040738366672896,86.16001,-6.28864,0.15231,0.66925,-0.44499,-0.23413,0.54705,-1.54387,0.40123,0.04572,
1787040738433339136,86.05707,-6.25773,0.16554,0.67656,-0.44639,-0.22012,0.54272,-1.57057,0.46995,0.24522,
1787040738500005888,85.95300,-6.22506,0.18508,0.68126,-0.45120,-0.21385,0.53532,-1.45594,0.50036,0.31427,
1787040738566673152,85.85315,-6.18741,0.20394,0.68418,-0.45565,-0.20730,0.53038,-1.41391,0.59554,0.24219,
1787040738633338880,85.76488,-6.14579,0.21275,0.68503,-0.46564,-0.19419,0.52554,-1.36979,0.62247,0.02835,
1787040738700005120,85.67528,-6.10413,0.20838,0.68596,-0.47281,-0.18062,0.52277,-1.40475,0.64076,-0.16011,
1787040738766673152,85.57316,-6.05959,0.19328,0.68419,-0.47935,-0.17155,0.52218,-1.45117,0.63499,-0.27210,
1787040738833338880,85.47575,-6.01516,0.17560,0.68743,-0.47424,-0.16405,0.52499,-1.47644,0.65677,-0.20536,
1787040738900006912,85.37327,-5.97093,0.16739,0.69014,-0.46862,-0.16279,0.52688,-1.52715,0.67730,-0.05548,
1787040738966672896,85.27889,-5.92542,0.16777,0.69586,-0.45577,-0.16269,0.53065,-1.50797,0.64265,0.15723,
1787040739033338112,85.17744,-5.88440,0.18294,0.69849,-0.44946,-0.16323,0.53240,-1.50421,0.56766,0.29380,
1787040739100004864,85.07402,-5.84756,0.20047,0.69697,-0.45366,-0.16904,0.52901,-1.53698,0.49707,0.32494,
1787040739166672896,84.97387,-5.81740,0.21702,0.69875,-0.45426,-0.17761,0.52330,-1.44834,0.41142,0.13867,
1787040739233338112,84.87765,-5.79143,0.22059,0.70853,-0.44121,-0.17960,0.52064,-1.47887,0.39341,-0.06854,
1787040739300005888,84.77483,-5.76390,0.20739,0.71437,-0.43248,-0.18408,0.51841,-1.54722,0.42354,-0.24070,
1787040739366672128,84.66404,-5.73577,0.18719,0.71961,-0.42301,-0.18399,0.51902,-1.56681,0.42785,-0.27168,
1787040739433337856,84.56269,-5.70541,0.17435,0.72025,-0.42006,-0.18124,0.52148,-1.60743,0.46352,-0.09607,
1787040739500005888,84.45359,-5.67463,0.17230,0.72014,-0.41992,-0.17632,0.52343,-1.57636,0.48822,0.10788,
1787040739566672128,84.34991,-5.63862,0.18433,0.71807,-0.42827,-0.17543,0.51980,-1.51007,0.55026,0.18912,
1787040739633337856,84.24926,-5.60049,0.19706,0.71643,-0.43644,-0.17944,0.51385,-1.49933,0.62908,0.24402,
1787040739700005888,84.16201,-5.56030,0.20457,0.70737,-0.45637,-0.18764,0.50610,-1.46439,0.68131,0.08066,
1787040739766673152,84.06503,-5.51364,0.20145,0.69804,-0.47535,-0.19069,0.50043,-1.44321,0.70838,-0.14957,
1787040739833338880,83.95170,-5.46436,0.18509,0.69113,-0.49016,-0.18907,0.49632,-1.45921,0.70996,-0.29557,
1787040739900006912,83.84201,-5.41520,0.16397,0.69135,-0.49131,-0.18689,0.49570,-1.46627,0.73182,-0.34678,
1787040739966672896,83.72577,-5.36307,0.14493,0.69270,-0.48864,-0.18007,0.49897,-1.52003,0.78033,-0.23100,
1787040740033345024,83.62417,-5.31211,0.13504,0.69290,-0.48518,-0.17857,0.50261,-1.51237,0.72277,-0.03440,
1787040740100006144,83.51256,-5.26750,0.14276,0.70093,-0.47009,-0.18205,0.50455,-1.50276,0.63890,0.17402,
1787040740166671872,83.41174,-5.22730,0.15932,0.70424,-0.46619,-0.18180,0.50365,-1.53304,0.58097,0.29865,
1787040740233339904,83.29790,-5.19099,0.18708,0.69976,-0.47300,-0.18918,0.50081,-1.54557,0.47052,0.26235,
1787040740300007168,83.20271,-5.16355,0.20079,0.70538,-0.46186,-0.19847,0.49973,-1.47881,0.39073,0.05848,
1787040740366672896,83.10489,-5.13828,0.20187,0.71437,-0.44120,-0.20427,0.50327,-1.53669,0.44222,-0.15492,
1787040740433339136,83.00130,-5.10946,0.18791,0.71829,-0.43058,-0.20717,0.50571,-1.55894,0.47021,-0.26844,
1787040740500005888,82.88297,-5.07477,0.17050,0.72384,-0.41994,-0.20660,0.50697,-1.62296,0.51621,-0.20117,
1787040740566672128,82.77850,-5.03790,0.16322,0.72603,-0.41814,-0.20416,0.50631,-1.59039,0.57034,0.01064,
1787040740633338880,82.66757,-4.99714,0.17134,0.72864,-0.42206,-0.19726,0.50203,-1.53621,0.63078,0.21256,
1787040740700007936,82.57321,-4.95590,0.18706,0.73015,-0.42535,-0.18789,0.50065,-1.42547,0.65180,0.26826,
1787040740766673920,82.46694,-4.90861,0.20269,0.72567,-0.43501,-0.18318,0.50062,-1.40996,0.73760,0.21536,
1787040740833338112,82.37585,-4.85822,0.21018,0.71944,-0.44577,-0.17319,0.50368,-1.36384,0.73385,0.01652,
1787040740900006144,82.28053,-4.80979,0.20380,0.71628,-0.45180,-0.16187,0.50657,-1.38892,0.72411,-0.16985,
1787040740966674176,82.18740,-4.76294,0.18904,0.71702,-0.45165,-0.15418,0.50806,-1.45005,0.71306,-0.28095,
1787040741033339136,82.09316,-4.71750,0.17178,0.71731,-0.44954,-0.16012,0.50769,-1.50712,0.70767,-0.22069,
1787040741100007936,81.99466,-4.66927,0.16411,0.71752,-0.43592,-0.17079,0.51573,-1.49018,0.73112,-0.08334,
1787040741166673920,81.89129,-4.61903,0.16654,0.71580,-0.41607,-0.18035,0.53103,-1.47700,0.73444,0.09038,
1787040741233339136,81.78492,-4.56469,0.17993,0.70767,-0.40359,-0.18320,0.55023,-1.49120,0.72723,0.26451,
1787040741300004864,81.67998,-4.51277,0.20310,0.69504,-0.40626,-0.18481,0.56367,-1.58872,0.71831,0.32283,
1787040741366672128,81.57107,-4.46468,0.21857,0.67773,-0.42212,-0.19188,0.57069,-1.58504,0.64801,0.13547,
1787040741433340160,81.46525,-4.42095,0.21926,0.67043,-0.42154,-0.19878,0.57733,-1.58027,0.59690,-0.08106,
1787040741500005888,81.35549,-4.37751,0.20470,0.66598,-0.41754,-0.20665,0.58261,-1.64909,0.61949,-0.27074,
1787040741566672128,81.23224,-4.32955,0.18035,0.66003,-0.42570,-0.21202,0.58154,-1.73367,0.66049,-0.29785,
1787040741633338880,81.12181,-4.28513,0.16307,0.65430,-0.45037,-0.21892,0.56669,-1.77046,0.69329,-0.15522,
1787040741700005888,81.01207,-4.23713,0.15834,0.65578,-0.47696,-0.21601,0.54387,-1.66052,0.71037,0.10474,
1787040741766673920,80.89277,-4.18504,0.16613,0.65843,-0.49840,-0.20966,0.52356,-1.53796,0.70230,0.17623,
1787040741833338880,80.78613,-4.13736,0.17931,0.66107,-0.50713,-0.21248,0.51054,-1.48993,0.75952,0.22711,
1787040741900006144,80.69098,-4.08892,0.18899,0.65684,-0.52744,-0.20822,0.49701,-1.38499,0.76356,0.07677,
1787040741966672896,80.59370,-4.03988,0.18873,0.66081,-0.53588,-0.19777,0.48687,-1.35658,0.74074,-0.10313,
1787040742033338112,80.49952,-3.99201,0.18063,0.66911,-0.53631,-0.18483,0.48010,-1.38454,0.72977,-0.23079,
1787040742100006144,80.39867,-3.94313,0.16574,0.68001,-0.53101,-0.17417,0.47463,-1.41915,0.71770,-0.27162,
1787040742166672896,80.31364,-3.89154,0.15831,0.69334,-0.51971,-0.16584,0.47082,-1.45152,0.71903,-0.10058,
1787040742233339136,80.19825,-3.84260,0.15940,0.70853,-0.50180,-0.16598,0.46758,-1.50357,0.65896,0.11166,
1787040742300007168,80.08988,-3.80128,0.17294,0.71818,-0.48395,-0.17606,0.46799,-1.50503,0.59501,0.22418,
1787040742366673920,79.98846,-3.76343,0.19162,0.72586,-0.46593,-0.17575,0.47451,-1.57113,0.61681,0.30995,
1787040742433340160,79.89048,-3.72721,0.21001,0.71817,-0.47162,-0.17995,0.47899,-1.56310,0.53743,0.25096,
1787040742500006912,79.79231,-3.69563,0.22135,0.71916,-0.46605,-0.18472,0.48112,-1.51494,0.44202,0.05733,
1787040742566673920,79.69404,-3.66690,0.21945,0.72737,-0.44593,-0.19351,0.48439,-1.57164,0.46956,-0.14392,
1787040742633341184,79.58453,-3.63338,0.20373,0.72932,-0.43646,-0.20029,0.48731,-1.59357,0.51003,-0.25725,
1787040742700007936,79.47959,-3.59963,0.18562,0.73167,-0.42817,-0.19796,0.49207,-1.62339,0.53548,-0.16989,
1787040742766673152,79.36978,-3.56151,0.18079,0.73170,-0.42692,-0.19587,0.49396,-1.60574,0.59521,0.04558,
1787040742833339904,79.26486,-3.52216,0.18846,0.73234,-0.43122,-0.18672,0.49280,-1.56362,0.63244,0.21237,
1787040742900007936,79.16254,-3.47916,0.20543,0.73228,-0.43452,-0.18601,0.49027,-1.46480,0.66352,0.28651,
1787040742966674176,79.06438,-3.43204,0.22231,0.72940,-0.44404,-0.18466,0.48652,-1.35952,0.76197,0.22802,
1787040743033339904,78.97738,-3.37913,0.23094,0.72759,-0.45343,-0.17113,0.48552,-1.30880,0.78912,0.01846,
1787040743100007168,78.89506,-3.32835,0.22574,0.72780,-0.46062,-0.15598,0.48355,-1.33619,0.80804,-0.16732,
1787040743166671872,78.80524,-3.27408,0.21005,0.72629,-0.46956,-0.14534,0.48051,-1.38858,0.82727,-0.29218,
1787040743233339136,78.72138,-3.21969,0.19074,0.72949,-0.47304,-0.13885,0.47413,-1.41012,0.84664,-0.24121,
1787040743300007168,78.63547,-3.16319,0.18128,0.72906,-0.47659,-0.13994,0.47091,-1.42991,0.86202,-0.08461,
1787040743366672896,78.53827,-3.10640,0.18450,0.73281,-0.46695,-0.14661,0.47271,-1.42702,0.83377,0.10951,
1787040743433339136,78.42847,-3.04664,0.19502,0.73161,-0.46018,-0.15243,0.47932,-1.43961,0.82986,0.22837,
1787040743500005120,78.33367,-2.99064,0.20804,0.72170,-0.47096,-0.15548,0.48288,-1.53585,0.83036,0.23962,
1787040743566675968,78.26599,-2.92940,0.22351,0.70874,-0.48869,-0.16938,0.47978,-1.50721,0.74991,0.09756,
1787040743633338880,78.13445,-2.86978,0.22309,0.70733,-0.49131,-0.18025,0.47520,-1.50581,0.72257,-0.09434,
1787040743700007936,78.02574,-2.81925,0.21373,0.71092,-0.48373,-0.18484,0.47584,-1.50837,0.71554,-0.23841,
1787040743766673920,77.92166,-2.77092,0.19778,0.71685,-0.47001,-0.18149,0.48195,-1.53347,0.72572,-0.24446,
1787040743833338880,77.81503,-2.72020,0.18630,0.71805,-0.46327,-0.17881,0.48767,-1.58354,0.79029,-0.07922,
1787040743900006912,77.70811,-2.66547,0.18723,0.71875,-0.46457,-0.16937,0.48876,-1.56460,0.83993,0.15961,
1787040743966672896,77.60419,-2.60818,0.20108,0.71451,-0.47671,-0.16773,0.48382,-1.45801,0.85440,0.24463,
1787040744033339904,77.55076,-2.51821,0.22848,0.71028,-0.48121,-0.16933,0.48505,-1.29806,0.99599,0.30435,
1787040744100006144,77.41540,-2.48528,0.23180,0.70721,-0.49080,-0.16171,0.48251,-1.25299,0.92419,0.11221,
1787040744166673920,77.33766,-2.42549,0.23399,0.71210,-0.48945,-0.14720,0.48134,-1.22565,0.90920,-0.10438,
1787040744233339136,77.25770,-2.36809,0.22273,0.71911,-0.48492,-0.13307,0.47960,-1.28574,0.92550,-0.24591,
1787040744300005888,77.17042,-2.30693,0.20519,0.72759,-0.47748,-0.12416,0.47667,-1.31558,0.93501,-0.25948,
1787040744366673920,77.08324,-2.24512,0.19387,0.73689,-0.46808,-0.12004,0.47274,-1.41227,0.98393,-0.10011,
1787040744433340160,76.97707,-2.17778,0.19204,0.74287,-0.46104,-0.12589,0.46876,-1.42675,0.93576,0.08005,
1787040744500005888,76.87782,-2.11609,0.20272,0.74827,-0.45003,-0.13573,0.46813,-1.43743,0.87997,0.21909,
1787040744566672128,76.77524,-2.05648,0.21720,0.74818,-0.44708,-0.14154,0.46937,-1.52434,0.91868,0.30554,
1787040744633338880,76.66925,-1.99715,0.23346,0.73699,-0.46463,-0.15054,0.46723,-1.51564,0.80377,0.20892,
1787040744700007936,76.57527,-1.94991,0.23837,0.74214,-0.45962,-0.16070,0.46060,-1.49887,0.73067,-0.01808,
1787040744766673920,76.46417,-1.89683,0.23091,0.74909,-0.44935,-0.17275,0.45508,-1.54341,0.79221,-0.23203,
1787040744833338880,76.31044,-1.84862,0.20853,0.75448,-0.44420,-0.17378,0.45083,-1.58886,0.80388,-0.31538,
1787040744900006912,76.24907,-1.81151,0.19306,0.75686,-0.44007,-0.17067,0.45207,-1.57302,0.83191,-0.15831,
1787040744966674944,76.14674,-1.75270,0.18766,0.75822,-0.44198,-0.16355,0.45057,-1.52730,0.85321,0.06910,
1787040745033339136,76.04607,-1.69463,0.19990,0.75910,-0.44904,-0.15811,0.44400,-1.47211,0.88033,0.23129,
1787040745100007168,75.94093,-1.62892,0.22030,0.75796,-0.45236,-0.16193,0.44120,-1.40887,0.92133,0.31226,
1787040745166672896,75.84827,-1.56544,0.23878,0.75224,-0.46355,-0.16540,0.43806,-1.32397,0.95124,0.17371,
1787040745233339136,75.75377,-1.49649,0.24581,0.75058,-0.46747,-0.16229,0.43790,-1.30132,0.95201,-0.05122,
1787040745300007168,75.65624,-1.42842,0.24462,0.75190,-0.46645,-0.15639,0.43888,-1.34450,0.97273,-0.19043,
1787040745366673920,75.57840,-1.36502,0.23238,0.75430,-0.46377,-0.15148,0.43931,-1.33348,0.97281,-0.25499,
1787040745433340160,75.49551,-1.30100,0.21315,0.76121,-0.45472,-0.14683,0.43844,-1.36977,1.01511,-0.15423,
1787040745500005888,75.38213,-1.21958,0.21119,0.76256,-0.44825,-0.14947,0.44185,-1.38814,1.03098,0.01783,
1787040745566673920,75.27895,-1.14456,0.21958,0.76010,-0.44077,-0.15616,0.45121,-1.43074,1.05194,0.19948,
1787040745633338880,75.18472,-1.07820,0.23700,0.75349,-0.44318,-0.15629,0.45980,-1.46392,0.97690,0.34715,
1787040745700005888,75.13001,-1.02239,0.25956,0.74266,-0.45425,-0.16316,0.46420,-1.45304,0.87221,0.28073,
1787040745766671872,75.01598,-0.96915,0.27610,0.74108,-0.45276,-0.17162,0.46513,-1.46122,0.81018,0.04683,
1787040745833339904,74.88324,-0.89557,0.27246,0.74253,-0.44175,-0.17852,0.47078,-1.54000,0.85129,-0.14665,
1787040745900007936,74.77782,-0.83728,0.25492,0.74103,-0.43583,-0.18138,0.47752,-1.55552,0.88292,-0.27411,
1787040745966674176,74.67356,-0.77529,0.23467,0.73846,-0.43349,-0.18034,0.48399,-1.62516,0.93481,-0.20050,
1787040746033339136,74.56501,-0.71217,0.22376,0.72973,-0.44788,-0.18381,0.48281,-1.64682,0.98682,-0.01895,
1787040746100006144,74.45474,-0.64348,0.22047,0.72039,-0.47387,-0.18501,0.47144,-1.59389,1.05581,0.12545,
1787040746166671872,74.36352,-0.57869,0.22818,0.71656,-0.49267,-0.17860,0.46035,-1.42545,1.02061,0.23415,
1787040746233339136,74.26821,-0.50933,0.24076,0.71188,-0.50947,-0.17828,0.44931,-1.38413,1.07738,0.18344,
1787040746300007168,74.15530,-0.43084,0.24605,0.70655,-0.52659,-0.17152,0.44053,-1.33620,1.05826,-0.02370,
1787040746366672896,74.06036,-0.36165,0.24058,0.70642,-0.53369,-0.15760,0.43739,-1.34924,1.05308,-0.21128,
1787040746433340928,73.98156,-0.30149,0.22651,0.70892,-0.53635,-0.14605,0.43409,-1.39199,1.03915,-0.30177,
1787040746500005888,73.87617,-0.23097,0.20874,0.71586,-0.52910,-0.14352,0.43244,-1.44159,1.05981,-0.22120,
1787040746566673920,73.77713,-0.15824,0.19769,0.71665,-0.52793,-0.14129,0.43328,-1.48793,1.06235,-0.08866,
1787040746633339904,73.68550,-0.09817,0.19767,0.72152,-0.51694,-0.14639,0.43675,-1.49504,0.98427,0.08637,
1787040746700009984,73.58070,-0.03467,0.21136,0.72062,-0.50998,-0.14869,0.44555,-1.52879,0.91551,0.28264,
1787040746766673152,73.47854,0.01999,0.23324,0.70817,-0.51837,-0.15877,0.45230,-1.57483,0.82661,0.31617,
1787040746833338880,73.37102,0.07033,0.25125,0.70594,-0.51489,-0.17506,0.45375,-1.53267,0.71030,0.15844,
1787040746900007936,73.27052,0.11456,0.25507,0.71400,-0.49425,-0.19053,0.45783,-1.56115,0.72853,-0.09741,
1787040746966672896,73.15747,0.16969,0.23445,0.71485,-0.48433,-0.20479,0.46095,-1.62651,0.82781,-0.31116,
1787040747033339136,73.06857,0.21464,0.21622,0.71605,-0.47811,-0.20676,0.46468,-1.58355,0.85441,-0.27077,
1787040747100007936,72.96784,0.27121,0.20137,0.71818,-0.47958,-0.20145,0.46220,-1.58499,0.92005,-0.10461,
1787040747166672896,72.86514,0.33325,0.20329,0.72143,-0.48930,-0.18770,0.45265,-1.53177,0.92362,0.14284,
1787040747233339136,72.76438,0.39561,0.21441,0.72639,-0.49581,-0.18226,0.43967,-1.49379,0.94780,0.25323,
1787040747300005888,72.65201,0.46445,0.23946,0.72138,-0.51040,-0.18843,0.42849,-1.42222,1.03709,0.26708,
1787040747366672896,72.57297,0.52820,0.25177,0.71402,-0.52760,-0.18200,0.42272,-1.27206,1.02306,0.06545,
1787040747433339136,72.48572,0.59582,0.24867,0.71443,-0.53355,-0.16409,0.42189,-1.24722,0.99899,-0.14411,
1787040747500006912,72.40587,0.65905,0.23520,0.71829,-0.53297,-0.14659,0.42251,-1.28687,0.98955,-0.27012,
1787040747566673152,72.31601,0.72619,0.21523,0.72518,-0.52650,-0.13275,0.42343,-1.31247,0.99305,-0.24375,
1787040747633338880,72.23514,0.78953,0.20386,0.73300,-0.51681,-0.12391,0.42457,-1.36313,0.99861,-0.07925,
1787040747700006912,72.15392,0.85053,0.20692,0.74150,-0.50025,-0.12411,0.42955,-1.32973,0.93885,0.11263,
1787040747766673152,72.06754,0.91255,0.22027,0.75028,-0.47746,-0.12144,0.44087,-1.32457,0.91964,0.28197,
1787040747833339904,71.97097,0.98025,0.23941,0.74687,-0.47417,-0.11644,0.45143,-1.44303,0.98022,0.30116,
1787040747900006144,71.87577,1.04429,0.25342,0.73595,-0.48504,-0.11770,0.45746,-1.47877,0.89595,0.15162,
1787040747966674176,71.77991,1.10168,0.25466,0.73312,-0.48178,-0.12430,0.46365,-1.48156,0.82249,-0.05741,
1787040748033339136,71.67958,1.15912,0.24160,0.73646,-0.46883,-0.13050,0.46989,-1.51374,0.84647,-0.24235,
1787040748100007936,71.57282,1.21934,0.22302,0.74539,-0.45586,-0.12643,0.46968,-1.51825,0.84292,-0.27035,
1787040748166672896,71.46763,1.27823,0.21072,0.75979,-0.43897,-0.11441,0.46576,-1.56615,0.87844,-0.09076,
1787040748233339136,71.35461,1.34100,0.21210,0.77043,-0.43378,-0.10363,0.45557,-1.59621,0.91161,0.17538,
1787040748300007168,71.22595,1.39613,0.22742,0.77489,-0.44045,-0.10686,0.44061,-1.60291,0.93184,0.29951,
1787040748366673920,71.15061,1.44858,0.25051,0.77383,-0.44697,-0.12236,0.43178,-1.38671,0.96512,0.34110,
1787040748433339136,71.05979,1.51492,0.26739,0.77607,-0.45774,-0.11957,0.41699,-1.29776,0.98268,0.14865,
1787040748500005888,70.97557,1.57937,0.27069,0.77919,-0.46297,-0.11184,0.40745,-1.28129,0.98278,-0.07833,
1787040748566673152,70.88569,1.64815,0.26081,0.78167,-0.46547,-0.09941,0.40304,-1.31839,1.01162,-0.22536,
1787040748633338880,70.79764,1.71620,0.24395,0.78575,-0.46426,-0.09229,0.39818,-1.33574,1.00657,-0.27349,
1787040748700006912,70.70253,1.78659,0.23285,0.79507,-0.45280,-0.08704,0.39404,-1.39700,1.05290,-0.10652,
1787040748766673152,70.61042,1.85639,0.22958,0.80144,-0.44345,-0.09212,0.39059,-1.40048,1.04893,0.08075,
1787040748833338880,70.50828,1.93008,0.23892,0.80128,-0.44411,-0.09646,0.38911,-1.41958,1.02867,0.21853,
1787040748900006144,70.41074,1.99849,0.25733,0.79986,-0.44509,-0.09521,0.39123,-1.48130,1.02188,0.33346,
1787040748966672896,70.31438,2.06210,0.27631,0.79058,-0.45915,-0.09998,0.39265,-1.48511,0.92401,0.21619,
1787040749033339136,70.21605,2.12055,0.28477,0.79079,-0.45836,-0.10496,0.39184,-1.48692,0.86080,-0.02246,
1787040749100007936,70.11476,2.17775,0.27567,0.79620,-0.44742,-0.11006,0.39213,-1.53522,0.88738,-0.22024,
1787040749166673920,70.01247,2.23727,0.25756,0.79883,-0.44256,-0.11275,0.39154,-1.55262,0.89514,-0.29521,
1787040749233340928,69.92625,2.28898,0.24124,0.80271,-0.43349,-0.10949,0.39466,-1.54982,0.92645,-0.13596,
1787040749300005888,69.82378,2.35256,0.24076,0.80404,-0.43008,-0.10306,0.39740,-1.51368,0.95574,0.12017,
1787040749366673920,69.72124,2.41835,0.25166,0.80045,-0.43429,-0.10000,0.40085,-1.49475,1.00452,0.26001,
1787040749433339136,69.62730,2.48611,0.27065,0.79443,-0.44041,-0.10975,0.40359,-1.33619,1.02053,0.34214,
1787040749500005888,69.54211,2.55827,0.28970,0.78827,-0.44825,-0.11048,0.40681,-1.24624,1.09789,0.18268,
1787040749566673152,69.44442,2.63830,0.28966,0.78242,-0.45985,-0.10072,0.40769,-1.22137,1.11181,-0.07345,
1787040749633341184,69.36774,2.71065,0.27984,0.78140,-0.46499,-0.08625,0.40713,-1.24884,1.12422,-0.21975,
1787040749700005888,69.30111,2.77629,0.26228,0.78408,-0.46692,-0.07687,0.40163,-1.25774,1.11276,-0.27993,
1787040749766671872,69.21676,2.85066,0.24731,0.79227,-0.45913,-0.06940,0.39585,-1.28710,1.13682,-0.16849,
1787040749833339904,69.12760,2.92842,0.24228,0.79640,-0.45471,-0.07086,0.39237,-1.33475,1.16893,0.02355,
1787040749900006144,69.03747,3.00416,0.25223,0.79858,-0.45086,-0.07684,0.39126,-1.38844,1.15204,0.20884,
1787040749966672896,68.94256,3.07867,0.26989,0.79613,-0.45715,-0.08237,0.38782,-1.41951,1.07688,0.31486,
1787040750033339136,68.84929,3.14263,0.29196,0.79133,-0.46727,-0.09390,0.38294,-1.45893,0.94872,0.25724,
1787040750100008960,68.74788,3.20367,0.30264,0.79225,-0.46520,-0.11009,0.37922,-1.46776,0.89358,0.02400,
1787040750166672896,68.64577,3.26176,0.29721,0.79492,-0.45697,-0.12415,0.37930,-1.53636,0.91401,-0.15524,
1787040750233339136,68.54098,3.32572,0.28158,0.79288,-0.45823,-0.14181,0.37584,-1.57090,0.98062,-0.28401,
1787040750300007168,68.42717,3.39215,0.26352,0.79344,-0.45634,-0.15040,0.37362,-1.51911,0.96655,-0.20922,
1787040750366673920,68.33198,3.45162,0.25775,0.79536,-0.45333,-0.15015,0.37330,-1.46404,1.00592,-0.00787,
1787040750433339136,68.23291,3.52089,0.26615,0.79725,-0.45318,-0.14286,0.37230,-1.45095,1.04726,0.23111,
1787040750500008192,68.14091,3.59117,0.28429,0.79572,-0.46056,-0.14637,0.36509,-1.32720,1.04496,0.32077,
1787040750566673152,68.06422,3.65577,0.30363,0.79247,-0.47323,-0.14725,0.35547,-1.19329,1.06714,0.26734,
1787040750633338880,67.98667,3.72584,0.31509,0.79258,-0.47757,-0.13771,0.35324,-1.13259,1.04451,0.05418,
1787040750700006912,67.90648,3.79405,0.30995,0.79469,-0.47344,-0.12529,0.35864,-1.17706,1.07277,-0.13960,
1787040750766671872,67.82603,3.86754,0.29407,0.79255,-0.47506,-0.11883,0.36340,-1.27006,1.12257,-0.26127,
1787040750833338112,67.73570,3.93893,0.27751,0.79345,-0.47486,-0.11934,0.36152,-1.28040,1.11433,-0.21336,
1787040750900006144,67.64977,4.01523,0.26709,0.79753,-0.46850,-0.11839,0.36116,-1.30757,1.16145,-0.08892,
1787040750966674944,67.56494,4.09210,0.26358,0.80000,-0.46009,-0.12146,0.36546,-1.34956,1.17004,0.09854,
1787040751033339136,67.47418,4.16391,0.27543,0.79472,-0.46083,-0.12749,0.37390,-1.33257,1.05963,0.22398,
1787040751100004864,67.38180,4.23456,0.29057,0.78791,-0.46486,-0.13353,0.38116,-1.40821,1.00605,0.25930,
1787040751166672896,67.31361,4.28376,0.30689,0.78198,-0.46875,-0.14808,0.38321,-1.36638,0.87717,0.12823,
1787040751233339136,67.22720,4.33982,0.30716,0.78357,-0.46101,-0.15650,0.38599,-1.37245,0.86449,-0.07990,
1787040751300007168,67.13675,4.39790,0.29460,0.78337,-0.45514,-0.16542,0.38963,-1.40801,0.89088,-0.24645,
1787040751366672896,67.03952,4.45857,0.27880,0.78682,-0.44524,-0.16555,0.39404,-1.42462,0.89583,-0.26009,
1787040751433339136,66.94922,4.51589,0.26692,0.78954,-0.44034,-0.16212,0.39553,-1.47283,0.93314,-0.10750,
1787040751500006912,66.85147,4.57895,0.26556,0.79121,-0.44271,-0.15326,0.39307,-1.45410,0.94073,0.10916,
1787040751566673152,66.75747,4.64241,0.27694,0.78913,-0.45301,-0.15038,0.38658,-1.38261,0.95017,0.23501,
1787040751633338880,66.65861,4.71050,0.29510,0.78964,-0.45572,-0.15210,0.38165,-1.31551,0.98753,0.29898,
1787040751700005888,66.57718,4.77488,0.30961,0.78689,-0.46737,-0.14862,0.37455,-1.23161,1.01245,0.10720,
1787040751766676992,66.49539,4.84273,0.30897,0.78600,-0.47434,-0.13688,0.37212,-1.22802,1.01247,-0.11322,
1787040751833338880,66.39767,4.91272,0.30047,0.78578,-0.47471,-0.12856,0.37507,-1.30978,0.99338,-0.23649,
1787040751900006144,66.30799,4.97905,0.28388,0.78842,-0.46357,-0.13072,0.38265,-1.32486,1.01452,-0.28397,
1787040751966674944,66.21536,5.04677,0.27022,0.79079,-0.45266,-0.13062,0.39076,-1.36938,1.05916,-0.15904,
1787040752033338112,66.13274,5.11069,0.26763,0.79092,-0.44532,-0.13363,0.39783,-1.39029,1.04732,0.05662,
1787040752100007168,66.01675,5.18978,0.27589,0.78873,-0.44269,-0.14146,0.40240,-1.43813,1.01707,0.22498,
1787040752166672896,65.93013,5.24933,0.29357,0.78364,-0.44946,-0.14612,0.40317,-1.43858,0.93302,0.29805,
1787040752233339136,65.83326,5.30726,0.31232,0.77806,-0.45252,-0.15416,0.40753,-1.40673,0.82340,0.19883,
1787040752300007936,65.73494,5.36267,0.31870,0.77651,-0.44811,-0.15828,0.41373,-1.41695,0.79264,-0.01179,
1787040752366672896,65.63760,5.41580,0.31285,0.77599,-0.44180,-0.16362,0.41938,-1.47899,0.80836,-0.18370,
1787040752433339136,65.53730,5.47092,0.29699,0.77705,-0.43501,-0.16736,0.42303,-1.50428,0.84025,-0.26642,
1787040752500009984,65.43852,5.52583,0.28068,0.77459,-0.43739,-0.17081,0.42370,-1.57290,0.88803,-0.19163,
1787040752566673152,65.33353,5.58700,0.27304,0.77121,-0.44759,-0.16701,0.42072,-1.54147,0.92677,0.00260,
1787040752633339904,65.23098,5.65091,0.27922,0.76709,-0.46323,-0.15016,0.41766,-1.41618,0.96306,0.19404,
1787040752700005888,65.13903,5.71166,0.29567,0.76948,-0.46816,-0.13500,0.41292,-1.30783,0.92708,0.29540,
1787040752766673152,65.05684,5.77009,0.31690,0.76957,-0.47279,-0.12673,0.41009,-1.23205,0.97420,0.24050,
1787040752833338880,64.97623,5.83081,0.32877,0.76956,-0.47689,-0.11472,0.40888,-1.20241,0.98302,0.01991,
1787040752900006144,64.89219,5.89627,0.32354,0.77081,-0.47657,-0.10323,0.40997,-1.22294,0.98114,-0.17128,
1787040752966676992,64.76613,5.95965,0.31039,0.77680,-0.46855,-0.09166,0.41065,-1.32127,0.97627,-0.28938,
1787040753033339136,64.71682,6.02146,0.28994,0.78442,-0.45747,-0.08589,0.40990,-1.32034,1.01303,-0.25465,
1787040753100023040,64.63324,6.08137,0.28327,0.79234,-0.44680,-0.08518,0.40658,-1.36481,1.05070,-0.04029,
1787040753166675200,64.54551,6.14466,0.29733,0.79922,-0.43357,-0.08835,0.40676,-1.43359,1.08331,0.27537,
1787040753233338112,64.45560,6.20912,0.31310,0.78893,-0.45282,-0.08661,0.40625,-1.44481,1.00983,0.35762,
1787040753300007168,64.36222,6.26364,0.33519,0.78358,-0.46049,-0.09631,0.40580,-1.37239,0.77368,0.32381,
1787040753366673920,64.27800,6.31111,0.35026,0.78920,-0.45059,-0.10380,0.40417,-1.37259,0.80528,0.06874,
1787040753433337856,64.18191,6.36804,0.34688,0.78870,-0.45053,-0.10634,0.40455,-1.39911,0.84241,-0.13267,
1787040753500005888,64.09464,6.42158,0.33467,0.79068,-0.44982,-0.10801,0.40103,-1.40159,0.88322,-0.25662,
1787040753566673920,64.00004,6.48514,0.31475,0.79308,-0.45800,-0.09846,0.38932,-1.36160,0.94732,-0.23723,
1787040753633338880,63.91120,6.54894,0.30455,0.79651,-0.46533,-0.07468,0.37877,-1.34450,0.94304,-0.03423,
1787040753700005120,63.83436,6.60517,0.30740,0.79824,-0.47017,-0.05330,0.37271,-1.35584,0.94969,0.21931,
1787040753766673152,63.74961,6.66742,0.32432,0.79833,-0.47449,-0.05306,0.36703,-1.25835,0.97415,0.30850,
1787040753833338112,63.66003,6.73949,0.34109,0.79453,-0.48503,-0.04860,0.36208,-1.18293,1.05495,0.23987,
1787040753900006144,63.58120,6.80976,0.35062,0.79038,-0.49343,-0.04367,0.36045,-1.14491,1.04046,0.02058,
1787040753966671872,63.49653,6.88282,0.34656,0.78978,-0.49671,-0.03631,0.35806,-1.14381,1.05763,-0.18311,
1787040754033339136,63.42372,6.95427,0.33098,0.79222,-0.49341,-0.02803,0.35798,-1.13927,1.08071,-0.31125,
1787040754100007168,63.33859,7.03165,0.31372,0.79718,-0.48473,-0.02029,0.35936,-1.16599,1.14507,-0.24404,
1787040754166672896,63.25550,7.11084,0.30380,0.80138,-0.47549,-0.01896,0.36242,-1.20689,1.18154,-0.06275,
1787040754233339136,63.17334,7.18920,0.31046,0.80567,-0.46632,-0.02281,0.36459,-1.23554,1.20652,0.15537,
1787040754300007168,63.10057,7.26503,0.32456,0.80441,-0.46987,-0.02663,0.36254,-1.21001,1.10794,0.28330,
1787040754366672896,63.01062,7.33951,0.34906,0.80351,-0.47433,-0.03298,0.35818,-1.25276,1.04398,0.32939,
1787040754433339136,62.93140,7.40481,0.36555,0.80596,-0.47232,-0.04394,0.35415,-1.23166,0.99083,0.15666,
1787040754500005888,62.84513,7.47121,0.36494,0.81169,-0.46378,-0.05222,0.35119,-1.26286,1.01423,-0.05699,
1787040754566673152,62.75622,7.54162,0.35493,0.81488,-0.45732,-0.05912,0.35118,-1.29260,1.05625,-0.23502,
1787040754633338880,62.64760,7.62052,0.33696,0.81879,-0.44970,-0.06266,0.35133,-1.32689,1.09037,-0.25263,
1787040754700007936,62.55523,7.69502,0.32387,0.81827,-0.44981,-0.06525,0.35192,-1.35867,1.14473,-0.10082,
1787040754766673920,62.47071,7.76604,0.32084,0.81897,-0.45112,-0.06172,0.34924,-1.31559,1.15722,0.14072,
1787040754833340928,62.38563,7.84483,0.33693,0.81736,-0.45981,-0.06567,0.34084,-1.20566,1.14842,0.26680,
1787040754900006144,62.30939,7.92524,0.35806,0.81837,-0.46086,-0.06556,0.33702,-1.07605,1.21835,0.29916,
1787040754966674176,62.24675,8.00263,0.36829,0.81529,-0.47266,-0.05694,0.32963,-1.03258,1.23434,0.12981,
1787040755033340928,62.18853,8.08046,0.37073,0.81608,-0.48019,-0.04704,0.31816,-1.00131,1.21400,-0.08803,
1787040755100006144,62.12279,8.16584,0.35612,0.82104,-0.47911,-0.03521,0.30840,-1.00283,1.25255,-0.26178,
1787040755166672896,62.05624,8.25378,0.33284,0.82812,-0.47310,-0.02347,0.29972,-1.00689,1.28842,-0.27422,
1787040755233339136,61.98927,8.34451,0.31530,0.83344,-0.46713,-0.01832,0.29467,-1.03874,1.36605,-0.12521,
1787040755300005888,61.91637,8.44069,0.31107,0.83969,-0.45852,-0.02052,0.29028,-1.07213,1.37088,0.06595,
1787040755366672896,61.84147,8.53260,0.32315,0.84302,-0.45462,-0.02551,0.28633,-1.08359,1.32099,0.21817,
1787040755433339136,61.77261,8.62450,0.34006,0.84584,-0.45515,-0.02375,0.27718,-1.11784,1.35844,0.28876,
1787040755500006912,61.69492,8.71247,0.35408,0.84061,-0.46927,-0.02451,0.26935,-1.13474,1.29318,0.15588,
1787040755566676992,61.61690,8.80313,0.36078,0.84115,-0.47012,-0.02843,0.26577,-1.16292,1.25738,-0.04464,
1787040755633338880,61.53316,8.89368,0.35543,0.84146,-0.46754,-0.03971,0.26790,-1.21757,1.30020,-0.20968,
1787040755700005888,61.44814,8.98295,0.33786,0.84058,-0.46409,-0.05095,0.27466,-1.20436,1.29212,-0.28252,
1787040755766674944,61.36076,9.07781,0.32434,0.84268,-0.45460,-0.05318,0.28353,-1.24048,1.35586,-0.14641,
1787040755833338880,61.27904,9.17220,0.32287,0.83855,-0.45897,-0.05111,0.28907,-1.22999,1.36740,0.08807,
1787040755900006144,61.19568,9.26669,0.33383,0.83495,-0.46547,-0.05291,0.28878,-1.21230,1.37933,0.23064,
1787040755966672896,61.11514,9.35979,0.35088,0.83058,-0.47241,-0.06502,0.28765,-1.12605,1.41833,0.30720,
1787040756033339904,61.04305,9.45705,0.36883,0.82127,-0.48865,-0.06992,0.28608,-1.01318,1.43249,0.16991,
1787040756100007168,60.98048,9.55204,0.37372,0.81630,-0.49670,-0.06129,0.28842,-0.94727,1.41526,-0.06904,
1787040756166672896,60.92533,9.64095,0.36677,0.81515,-0.49836,-0.04629,0.29158,-0.94618,1.42485,-0.23161,
1787040756233338112,60.86158,9.73542,0.34989,0.81813,-0.49287,-0.03597,0.29402,-0.95609,1.40452,-0.28933,
1787040756300005888,60.78626,9.83871,0.34006,0.82583,-0.47720,-0.03105,0.29886,-1.00018,1.43941,-0.14563,
1787040756366672896,60.71549,9.93560,0.33458,0.82988,-0.46397,-0.03516,0.30787,-1.02748,1.43969,0.03476,
1787040756433339136,60.64116,10.03534,0.34518,0.82891,-0.45683,-0.04057,0.32026,-1.04953,1.43871,0.18611,
1787040756500006912,60.57417,10.12638,0.36344,0.82612,-0.45305,-0.03519,0.33321,-1.10129,1.41555,0.32477,
1787040756566673152,60.49616,10.22900,0.37782,0.81347,-0.46765,-0.03474,0.34404,-1.15212,1.37100,0.22757,
1787040756633339904,60.40331,10.33215,0.38600,0.80631,-0.47407,-0.03581,0.35191,-1.15778,1.31642,-0.01128,
1787040756700005888,60.32281,10.42075,0.37985,0.80701,-0.46962,-0.03523,0.35631,-1.20831,1.33191,-0.18309,
1787040756766673152,60.24084,10.51031,0.36306,0.80680,-0.46789,-0.03910,0.35865,-1.21862,1.30638,-0.26379,
1787040756833339904,60.16570,10.59054,0.34475,0.80787,-0.46232,-0.03701,0.36365,-1.25430,1.31555,-0.18417,
1787040756900006144,60.08100,10.67799,0.33552,0.80507,-0.46451,-0.03762,0.36699,-1.27619,1.30516,0.02912,
1787040756966674176,59.99341,10.76752,0.34046,0.80640,-0.46221,-0.03664,0.36707,-1.24255,1.30150,0.21914,
1787040757033339904,59.90657,10.85801,0.35733,0.80826,-0.46164,-0.03928,0.36339,-1.18445,1.30577,0.28002,
1787040757100007936,59.82542,10.94901,0.37522,0.80749,-0.46585,-0.04245,0.35938,-1.13484,1.36448,0.24162,
1787040757166672896,59.74871,11.04133,0.38278,0.80601,-0.47128,-0.03822,0.35608,-1.09846,1.39102,0.02431,
1787040757233339136,59.66398,11.13867,0.37179,0.80232,-0.47899,-0.02892,0.35498,-1.13347,1.42114,-0.17964,
1787040757300004864,59.58371,11.23447,0.35346,0.79900,-0.48410,-0.02437,0.35587,-1.16464,1.41893,-0.29203,
1787040757366672896,59.50944,11.31831,0.33250,0.80168,-0.47972,-0.02299,0.35587,-1.15773,1.42537,-0.22247,
1787040757433339136,59.42840,11.41769,0.32093,0.80194,-0.47835,-0.02910,0.35667,-1.15823,1.44028,-0.10757,
1787040757500005120,59.34857,11.51282,0.31983,0.80489,-0.47030,-0.03550,0.36016,-1.15590,1.41656,0.05192,
1787040757566673152,59.27627,11.59350,0.32752,0.80577,-0.46634,-0.04192,0.36263,-1.13869,1.36334,0.21484,
1787040757633339904,59.19310,11.69070,0.34390,0.80342,-0.47058,-0.04138,0.36242,-1.18306,1.39865,0.23826,
1787040757700012032,59.11719,11.77077,0.35473,0.79580,-0.48200,-0.04201,0.36417,-1.17984,1.29108,0.08236,
1787040757766673152,59.03741,11.85190,0.35849,0.79894,-0.47526,-0.04369,0.36594,-1.19171,1.22289,-0.06389,
1787040757833339904,58.94595,11.93436,0.34940,0.80381,-0.46599,-0.04653,0.36685,-1.24540,1.26989,-0.20623,
1787040757900006144,58.85299,12.02534,0.33089,0.80366,-0.46567,-0.04904,0.36727,-1.28847,1.29830,-0.25363,
1787040757966672896,58.77582,12.09448,0.31821,0.80412,-0.46255,-0.04663,0.37049,-1.31248,1.27720,-0.14082,
1787040758033339136,58.68247,12.18394,0.31642,0.80671,-0.46064,-0.04490,0.36744,-1.32177,1.32672,0.08417,
1787040758100006144,58.60060,12.27175,0.32756,0.80805,-0.47266,-0.04015,0.34932,-1.24646,1.36917,0.18599,
1787040758166678784,58.52681,12.35242,0.34367,0.81609,-0.47727,-0.02905,0.32461,-1.11466,1.42623,0.23881,
1787040758233339136,58.48272,12.41925,0.36110,0.81586,-0.49707,-0.01367,0.29514,-1.01983,1.43910,0.11652,
1787040758300007936,58.41478,12.50885,0.36451,0.81905,-0.50844,0.00148,0.26578,-0.95353,1.41887,-0.09227,
1787040758366673920,58.35985,12.58889,0.35800,0.82389,-0.51332,0.02000,0.23939,-0.93603,1.41348,-0.22263,
1787040758433340160,58.31285,12.66290,0.34730,0.83219,-0.50935,0.02944,0.21716,-0.89823,1.40539,-0.28120,
1787040758500005888,58.23913,12.76372,0.33551,0.83984,-0.50360,0.03676,0.19927,-0.88391,1.48036,-0.15737,
1787040758566672128,58.17355,12.86258,0.33055,0.84466,-0.50022,0.03809,0.18675,-0.86495,1.51413,0.02379,
1787040758633339904,58.11980,12.95677,0.33688,0.84711,-0.49739,0.03111,0.18449,-0.84936,1.51027,0.12670,
1787040758700007936,58.07824,13.04592,0.34917,0.84333,-0.50211,0.03973,0.18734,-0.81024,1.48096,0.24032,
1787040758766673920,58.02727,13.14113,0.36623,0.83787,-0.51316,0.04147,0.18143,-0.77094,1.39227,0.21956,
1787040758833338880,57.98238,13.22822,0.37755,0.84296,-0.50920,0.04983,0.16628,-0.72771,1.34595,0.07544,
1787040758900006912,57.93748,13.31833,0.37802,0.85224,-0.49988,0.05982,0.14221,-0.72178,1.34627,-0.06066,
1787040758966674176,57.89706,13.40371,0.36946,0.86574,-0.48236,0.06853,0.11459,-0.68506,1.34324,-0.15670,
1787040759033339136,57.85531,13.49256,0.35868,0.87726,-0.46478,0.08124,0.08828,-0.63604,1.38466,-0.16806,
1787040759100004864,57.81731,13.58418,0.35063,0.88364,-0.45330,0.09757,0.06463,-0.57342,1.42595,-0.09839,
1787040759166672896,57.78828,13.67564,0.35010,0.88546,-0.44683,0.12073,0.04148,-0.45915,1.47070,0.05699,
1787040759233339904,57.76408,13.77224,0.35584,0.88269,-0.44705,0.14427,0.01363,-0.38228,1.48785,0.14759,
1787040759300007168,57.74484,13.87645,0.36718,0.87834,-0.45195,0.15459,-0.01907,-0.22880,1.58279,0.21316,
1787040759366674944,57.74193,13.97448,0.37493,0.86335,-0.47298,0.16680,-0.05560,-0.08441,1.53458,0.06412,
1787040759433340160,57.73412,14.08030,0.37277,0.85160,-0.48069,0.18579,-0.09583,-0.02266,1.45170,-0.10078,
1787040759500005120,57.72689,14.18907,0.36062,0.84430,-0.47941,0.20228,-0.12812,0.05343,1.49852,-0.25809,
1787040759566674944,57.73225,14.29231,0.34403,0.83769,-0.47751,0.21615,-0.15343,0.12828,1.50375,-0.33091,
1787040759633337856,57.73792,14.40329,0.32543,0.83520,-0.47013,0.22709,-0.17278,0.20768,1.56554,-0.21173,
1787040759700005120,57.75914,14.49929,0.32110,0.83584,-0.46035,0.22930,-0.19203,0.25817,1.54935,-0.01924,
1787040759766673152,57.78356,14.59918,0.32833,0.83948,-0.44719,0.22971,-0.20620,0.34397,1.61763,0.16031,
1787040759833339904,57.81217,14.69447,0.34603,0.83763,-0.43731,0.23416,-0.22871,0.36171,1.52800,0.25375,
1787040759900006144,57.84336,14.79369,0.36298,0.83001,-0.43206,0.24354,-0.25514,0.41108,1.53949,0.20534,
1787040759966672896,57.87776,14.88925,0.37550,0.82294,-0.42470,0.25013,-0.28257,0.44690,1.52287,0.08623,
1787040760033339136,57.91907,14.97979,0.37613,0.81632,-0.41616,0.25582,-0.30820,0.55029,1.52154,-0.04848,
1787040760100014080,57.95997,15.08539,0.36859,0.80950,-0.40717,0.26224,-0.33189,0.63357,1.52780,-0.14633,
1787040760166671872,58.00800,15.17604,0.35916,0.80362,-0.39753,0.27179,-0.34971,0.71066,1.49030,-0.10788,
1787040760233339136,58.06178,15.26566,0.35598,0.79651,-0.38583,0.28375,-0.36905,0.80159,1.43340,0.01443,
1787040760300008960,58.12326,15.34842,0.36281,0.78526,-0.37194,0.30630,-0.38885,0.90453,1.35182,0.17138,
1787040760366672896,58.18918,15.43344,0.37635,0.77216,-0.36207,0.32226,-0.41087,0.98482,1.29117,0.26880,
1787040760433337856,58.26273,15.49973,0.39598,0.75266,-0.36404,0.33130,-0.43728,1.12967,1.17629,0.24840,
1787040760500005888,58.34501,15.57181,0.40244,0.72637,-0.36620,0.34644,-0.46719,1.15884,1.01526,0.01845,
1787040760566673152,58.42485,15.62245,0.39620,0.70145,-0.34368,0.36773,-0.50461,1.21272,0.88859,-0.17031,
1787040760633338880,58.50814,15.66627,0.37999,0.67340,-0.31326,0.39085,-0.54373,1.26073,0.78987,-0.24778,
1787040760700006912,58.59430,15.70872,0.36623,0.65031,-0.28261,0.40417,-0.57782,1.35788,0.72842,-0.16070,
1787040760766673152,58.68894,15.75132,0.36405,0.62863,-0.26113,0.41665,-0.60253,1.44678,0.67320,0.12185,
1787040760833340928,58.78735,15.79061,0.37729,0.60018,-0.25489,0.43276,-0.62252,1.48860,0.63708,0.27607,
1787040760900006912,58.87672,15.82497,0.39996,0.57328,-0.25005,0.45477,-0.63404,1.25041,0.59922,0.36818,
1787040760966672896,58.95997,15.86026,0.42412,0.55897,-0.23447,0.45753,-0.65057,1.26159,0.56885,0.29227,
1787040761033339136,59.04601,15.89385,0.43636,0.54050,-0.22436,0.46332,-0.66548,1.30288,0.51861,0.12152,
1787040761100007936,59.13652,15.92672,0.44146,0.52536,-0.21168,0.46864,-0.67791,1.36139,0.47632,-0.01114,
1787040761166672896,59.23054,15.95936,0.43772,0.51776,-0.19680,0.46957,-0.68753,1.41461,0.46641,-0.08860,
1787040761233339904,59.32909,15.99370,0.43036,0.51431,-0.18128,0.46935,-0.69450,1.44997,0.45503,-0.07754,
1787040761300007168,59.42220,16.01692,0.42675,0.50549,-0.16915,0.47570,-0.69970,1.49214,0.41030,0.02748,
1787040761366672128,59.51618,16.03435,0.43456,-0.49116,0.15451,-0.48728,0.70530,1.46186,0.30723,0.20578,
1787040761433339136,59.61031,16.04567,0.45147,-0.47781,0.14373,-0.49069,0.71433,1.50388,0.18775,0.30783,
1787040761500005888,59.69287,16.03780,0.47019,-0.45769,0.14318,-0.49877,0.72198,1.48710,0.03048,0.20587,
1787040761566673152,59.80040,16.03636,0.47527,-0.43893,0.14282,-0.50752,0.72757,1.48157,-0.05619,-0.03680,
1787040761633338880,59.89051,16.02184,0.46766,-0.42762,0.13538,-0.51141,0.73299,1.44923,-0.13922,-0.18380,
1787040761700005120,59.98291,16.00412,0.45496,-0.42269,0.12689,-0.50548,0.74143,1.46220,-0.20064,-0.22332,
1787040761766673152,60.07454,15.98067,0.44129,-0.42270,0.12406,-0.49602,0.74826,1.49633,-0.30593,-0.15295,
1787040761833338880,60.17721,15.95483,0.42416,-0.42705,0.12382,-0.49251,0.74815,1.53721,-0.37182,-0.01530,
1787040761900006144,60.26076,15.91877,0.43865,-0.43485,0.13301,-0.49034,0.74349,1.53462,-0.37125,0.11849,
1787040761966674176,60.34670,15.88306,0.44815,-0.43771,0.13765,-0.48760,0.74277,1.46379,-0.35142,0.26143,
1787040762033339136,60.43691,15.85270,0.46500,-0.43423,0.14321,-0.49271,0.74039,1.43281,-0.31394,0.27297,
1787040762100007168,60.52813,15.83181,0.47863,-0.42810,0.14598,-0.49116,0.74443,1.42866,-0.28225,0.09660,
1787040762166672896,60.62029,15.80951,0.47967,-0.42303,0.14741,-0.48246,0.75270,1.45271,-0.30669,-0.07707,
1787040762233339136,60.70854,15.77590,0.46634,-0.41709,0.14856,-0.47232,0.76215,1.49272,-0.38082,-0.23042,
1787040762300005888,60.80752,15.74822,0.44792,-0.41358,0.14765,-0.46576,0.76826,1.52214,-0.43328,-0.25573,
1787040762366672896,60.90758,15.70998,0.43495,-0.41232,0.14277,-0.46142,0.77246,1.53083,-0.48514,-0.09463,
1787040762433341952,61.01179,15.67646,0.43784,-0.41095,0.13057,-0.45599,0.77855,1.54244,-0.55342,0.17071,
1787040762500005888,61.12623,15.62940,0.45546,-0.39971,0.12732,-0.46471,0.77979,1.52098,-0.64286,0.28551,
1787040762566672128,61.21937,15.58021,0.47416,-0.38790,0.13447,-0.47770,0.77670,1.39659,-0.74937,0.28393,
1787040762633338880,61.31005,15.52407,0.48701,-0.37746,0.13412,-0.50111,0.76709,1.30763,-0.81353,0.09293,
1787040762700009984,61.38987,15.46596,0.48661,-0.37510,0.12562,-0.51533,0.76023,1.27246,-0.84049,-0.12854,
1787040762766671872,61.46772,15.40661,0.47445,-0.37333,0.11464,-0.52689,0.75489,1.29131,-0.89391,-0.26719,
1787040762833338112,61.55506,15.34477,0.45644,-0.37352,0.10676,-0.53232,0.75214,1.29945,-0.92140,-0.31070,
1787040762900009984,61.66036,15.27852,0.43776,-0.37531,0.09666,-0.53439,0.75115,1.35907,-0.96321,-0.20182,
1787040762966674176,61.75667,15.21581,0.43072,-0.37832,0.09516,-0.53211,0.75145,1.39785,-0.88653,-0.02953,
1787040763033339136,61.85153,15.15786,0.43712,-0.38493,0.10599,-0.51595,0.75788,1.41478,-0.82546,0.11579,
1787040763100006144,61.93991,15.10178,0.44973,-0.39597,0.11072,-0.49962,0.76245,1.40491,-0.84691,0.22801,
1787040763166672896,62.02831,15.04285,0.46676,-0.40040,0.10677,-0.50171,0.75933,1.45492,-0.86022,0.21879,
1787040763233339904,62.12894,14.98375,0.47718,-0.39645,0.10845,-0.51263,0.75384,1.46630,-0.76605,0.06969,
1787040763300007168,62.22429,14.93546,0.47910,-0.39453,0.11172,-0.50267,0.76104,1.46380,-0.73916,-0.09628,
1787040763366673920,62.31082,14.88356,0.46969,-0.39348,0.11426,-0.49448,0.76656,1.47695,-0.78360,-0.21954,
1787040763433339136,62.40896,14.82919,0.45401,-0.39378,0.11300,-0.48567,0.77220,1.49325,-0.82932,-0.20086,
1787040763500006912,62.50204,14.76884,0.44431,-0.39251,0.10567,-0.48812,0.77234,1.50584,-0.89790,-0.06889,
1787040763566673152,62.59807,14.70762,0.44495,-0.38803,0.09155,-0.49605,0.77135,1.47653,-0.92160,0.17289,
1787040763633338880,62.69773,14.64674,0.45993,-0.38256,0.08472,-0.50619,0.76827,1.42512,-0.91657,0.23640,
1787040763700006912,62.79622,14.57904,0.47231,-0.37654,0.08602,-0.51414,0.76582,1.37029,-0.99487,0.23135,
1787040763766673152,62.88113,14.51345,0.48106,-0.36837,0.08128,-0.52649,0.76191,1.27914,-0.97573,0.07463,
1787040763833338112,62.95985,14.44930,0.48197,-0.36317,0.07219,-0.52994,0.76293,1.24480,-0.98146,-0.10349,
1787040763900009984,63.03841,14.38352,0.47234,-0.36019,0.06028,-0.52870,0.76623,1.24747,-0.98332,-0.20924,
1787040763966671872,63.12567,14.31596,0.45553,-0.35777,0.05147,-0.52202,0.77256,1.28103,-1.01206,-0.27147,
1787040764033339136,63.21903,14.24515,0.44258,-0.35481,0.04590,-0.51395,0.77965,1.31811,-1.05041,-0.15177,
1787040764100006144,63.31270,14.17596,0.43919,-0.35428,0.04665,-0.50318,0.78684,1.33070,-1.00700,0.03590,
1787040764166673920,63.37478,14.12311,0.44902,-0.35465,0.05342,-0.48493,0.79763,1.27041,-0.91630,0.16097,
1787040764233339904,63.45857,14.06097,0.46212,-0.35365,0.04844,-0.46643,0.80934,1.31401,-0.96925,0.25531,
1787040764300005888,63.59539,13.97451,0.47566,-0.35214,0.05049,-0.47511,0.80481,1.41115,-0.99240,0.20602,
1787040764366672128,63.69376,13.90983,0.48310,-0.34971,0.05818,-0.48425,0.79989,1.38385,-0.93819,0.03116,
1787040764433340160,63.78652,13.84756,0.48159,-0.35281,0.06193,-0.47585,0.80328,1.40630,-0.99528,-0.14296,
1787040764500005888,63.87634,13.78619,0.46558,-0.35293,0.06497,-0.47770,0.80189,1.44527,-1.04708,-0.24476,
1787040764566673152,63.97221,13.71456,0.44612,-0.35106,0.06624,-0.48053,0.80092,1.47161,-1.10765,-0.21828,
1787040764633339904,64.06807,13.63945,0.43531,-0.34812,0.06363,-0.49038,0.79643,1.45125,-1.13776,-0.08021,
1787040764700006912,64.18088,13.55746,0.43078,-0.34104,0.05283,-0.49830,0.79536,1.47102,-1.20861,0.09745,
1787040764766673920,64.25192,13.49216,0.43473,-0.32677,0.05094,-0.51484,0.79092,1.34501,-1.21334,0.16558,
1787040764833338880,64.35058,13.40381,0.44503,-0.31563,0.04771,-0.52782,0.78709,1.23627,-1.26586,0.18897,
1787040764900007936,64.43225,13.32219,0.45203,-0.30710,0.04157,-0.53910,0.78315,1.16906,-1.25809,0.04237,
1787040764966674944,64.50407,13.24435,0.44988,-0.30051,0.03190,-0.54563,0.78164,1.13530,-1.24901,-0.14246,
1787040765033339136,64.57739,13.16492,0.43713,-0.29544,0.02305,-0.54361,0.78528,1.14678,-1.24742,-0.26709,
1787040765100007936,64.65236,13.08345,0.42000,-0.29172,0.01838,-0.53262,0.79428,1.12498,-1.26750,-0.29703,
1787040765166672896,64.72309,12.99816,0.40446,-0.28991,0.00977,-0.51880,0.80418,1.15737,-1.34530,-0.17900,
1787040765233339136,64.78257,12.91810,0.40053,-0.29164,0.00743,-0.51599,0.80539,1.15569,-1.34580,0.03675,
1787040765300007168,64.85578,12.83149,0.41140,-0.29696,0.01002,-0.51342,0.80505,1.14350,-1.26964,0.17121,
1787040765366672896,64.92958,12.74847,0.42416,-0.29741,0.00024,-0.51251,0.80553,1.17845,-1.25571,0.22086,
1787040765433339136,65.00732,12.66786,0.43735,-0.29250,0.00199,-0.52446,0.79961,1.20431,-1.16616,0.16941,
1787040765500005888,65.09451,12.58478,0.44206,-0.28365,0.00917,-0.52267,0.80391,1.21014,-1.13376,0.00928,
1787040765566673152,65.16635,12.51315,0.43895,-0.27747,0.01724,-0.51739,0.80933,1.21473,-1.17297,-0.15122,
1787040765633339904,65.24767,12.43387,0.42542,-0.27336,0.02187,-0.51096,0.81469,1.20622,-1.19565,-0.24817,
1787040765700007936,65.32178,12.35600,0.40838,-0.27338,0.02093,-0.50514,0.81833,1.20279,-1.22058,-0.20455,
1787040765766673920,65.40327,12.27321,0.39905,-0.27223,0.01382,-0.49816,0.82312,1.16486,-1.21713,-0.07407,
1787040765833338880,65.47564,12.19234,0.39919,-0.26751,-0.00159,-0.49106,0.82904,1.12398,-1.23078,0.13165,
1787040765900006912,65.54546,12.11557,0.41215,-0.26341,-0.01297,-0.47868,0.83745,1.08237,-1.19496,0.20673,
1787040765966676992,65.61723,12.02936,0.42434,-0.25946,-0.01249,-0.46734,0.84505,1.05425,-1.35778,0.22872,
1787040766033339136,65.69870,11.92799,0.43261,-0.25765,-0.01323,-0.47615,0.84067,1.01328,-1.37615,0.07067,
1787040766100007936,65.76276,11.84036,0.43221,-0.26190,-0.01098,-0.47472,0.84020,1.00173,-1.35819,-0.10392,
1787040766166675200,65.83139,11.74789,0.42100,-0.27095,-0.00551,-0.46890,0.84065,1.02201,-1.40618,-0.23481,
1787040766233339904,65.90142,11.65024,0.40046,-0.27923,0.00373,-0.46164,0.84196,1.00642,-1.45240,-0.31464,
1787040766300005888,65.96735,11.55262,0.38046,-0.28754,0.00974,-0.45477,0.84286,1.00925,-1.51434,-0.23171,
1787040766366671104,66.02163,11.46399,0.36848,-0.29525,0.02060,-0.45058,0.84225,1.00042,-1.52053,-0.08434,
1787040766433340928,66.07415,11.37452,0.36417,-0.30365,0.03014,-0.44730,0.84072,0.99484,-1.52157,0.07259,
1787040766500005888,66.12883,11.28343,0.37127,-0.30381,0.02983,-0.45256,0.83786,1.00340,-1.48525,0.20736,
1787040766566672128,66.18757,11.18949,0.38130,-0.30148,0.03166,-0.46906,0.82951,1.04028,-1.44627,0.14108,
1787040766633338880,66.25612,11.09775,0.38492,-0.29800,0.03878,-0.47977,0.82433,1.02653,-1.35689,-0.02781,
1787040766700014080,66.31860,11.00674,0.37720,-0.29533,0.04847,-0.47926,0.82507,1.02855,-1.38656,-0.19104,
1787040766766673920,66.38699,10.90758,0.35986,-0.29303,0.05550,-0.48223,0.82372,0.99506,-1.39932,-0.31948,
1787040766833338880,66.45534,10.81321,0.33868,-0.29254,0.05335,-0.47890,0.82597,1.00464,-1.41337,-0.28190,
1787040766900008960,66.50989,10.72598,0.32117,-0.29146,0.04645,-0.47684,0.82796,0.97835,-1.40833,-0.14990,
1787040766966672896,66.57449,10.63305,0.31964,-0.28502,0.03682,-0.47398,0.83231,0.96898,-1.45826,0.09275,
1787040767033339136,66.63643,10.53904,0.32899,-0.27494,0.03087,-0.47461,0.83558,0.89823,-1.42057,0.17972,
1787040767100006144,66.68193,10.45389,0.34330,-0.26442,0.02824,-0.47683,0.83780,0.80573,-1.48972,0.17168,
1787040767166672896,66.73472,10.35504,0.35137,-0.25356,0.01829,-0.48584,0.83626,0.72179,-1.46421,0.03088,
1787040767233339136,66.78694,10.25538,0.35081,-0.24318,0.00402,-0.48757,0.83853,0.68664,-1.46269,-0.13923,
1787040767300005888,66.83898,10.15792,0.34147,-0.23608,-0.00866,-0.48675,0.84099,0.70492,-1.49264,-0.26886,
1787040767366673920,66.88971,10.05855,0.32466,-0.23084,-0.01491,-0.48504,0.84334,0.72204,-1.53876,-0.31776,
1787040767433340928,66.95176,9.94704,0.30865,-0.22708,-0.01694,-0.48553,0.84404,0.73581,-1.57367,-0.22760,
1787040767500005888,67.00294,9.83828,0.29961,-0.22234,-0.01555,-0.48156,0.84760,0.72580,-1.59860,-0.03067,
1787040767566673152,67.05795,9.73280,0.30730,-0.21829,-0.01571,-0.49102,0.84321,0.73073,-1.61542,0.14539,
1787040767633339904,67.10412,9.62870,0.31687,-0.20974,-0.02379,-0.50768,0.83529,0.70326,-1.53692,0.21469,
1787040767700006912,67.14550,9.54079,0.33009,-0.19350,-0.02953,-0.52312,0.82948,0.67234,-1.48118,0.11098,
1787040767766671872,67.19136,9.44675,0.33705,-0.17622,-0.03607,-0.53101,0.82805,0.63529,-1.44071,-0.03882,
1787040767833338112,67.23238,9.35358,0.33344,-0.16161,-0.04405,-0.53312,0.82929,0.61955,-1.48266,-0.16874,
1787040767900006144,67.26996,9.25883,0.32056,-0.14498,-0.05556,-0.53285,0.83185,0.56243,-1.46861,-0.24027,
1787040767966675968,67.31068,9.15527,0.30310,-0.12990,-0.07561,-0.52804,0.83581,0.54097,-1.49085,-0.23481,
1787040768033339136,67.30582,9.09075,0.30746,-0.11240,-0.09813,-0.52638,0.83705,0.45456,-1.44013,-0.09348,
1787040768100006144,67.36582,8.94705,0.30511,-0.09036,-0.12303,-0.52147,0.83951,0.41835,-1.54094,0.10376,
1787040768166672896,67.39620,8.84469,0.31327,-0.06379,-0.14124,-0.51590,0.84252,0.35512,-1.51828,0.17389,
1787040768233339136,67.39855,8.75829,0.32432,-0.03876,-0.15252,-0.51648,0.84172,0.18639,-1.55182,0.17691,
1787040768300007168,67.42404,8.63026,0.33105,-0.01433,-0.16626,-0.52190,0.83652,0.10853,-1.51947,0.05614,
1787040768366673920,67.43008,8.53236,0.33042,0.01120,-0.18121,-0.51433,0.83815,0.04734,-1.45157,-0.10373,
1787040768433339136,67.42694,8.44507,0.32006,0.03397,-0.19252,-0.49923,0.84413,-0.00832,-1.44141,-0.22935,
1787040768500005888,67.42336,8.34772,0.30491,0.05199,-0.19863,-0.48315,0.85112,-0.10094,-1.48652,-0.27023,
1787040768566673152,67.41333,8.24696,0.28995,0.06365,-0.20558,-0.47308,0.85433,-0.19780,-1.52955,-0.19743,
1787040768633339904,67.39293,8.15437,0.28285,0.07327,-0.21235,-0.46115,0.85842,-0.27741,-1.49142,-0.06382,
1787040768700005888,67.36942,8.06335,0.28196,0.08114,-0.22617,-0.44709,0.86161,-0.30137,-1.45478,0.06029,
1787040768766671872,67.34795,7.97127,0.28978,0.08948,-0.24042,-0.43632,0.86245,-0.28331,-1.47405,0.16934,
1787040768833339904,67.32171,7.88868,0.29919,0.09984,-0.24992,-0.43806,0.85771,-0.30334,-1.46289,0.15175,
1787040768900005120,67.29448,7.80224,0.30330,0.11722,-0.25536,-0.44023,0.85279,-0.36625,-1.41610,0.01341,
1787040768966674176,67.26149,7.71481,0.29603,0.14288,-0.26997,-0.43870,0.84513,-0.48235,-1.41277,-0.18205,
1787040769033339904,67.22284,7.62964,0.27853,0.17610,-0.28997,-0.43590,0.83361,-0.53991,-1.38049,-0.30102,
1787040769100004864,67.18050,7.55849,0.25858,0.21072,-0.30981,-0.42614,0.82342,-0.59147,-1.31609,-0.29637,
1787040769166672896,67.13649,7.47658,0.24339,0.24411,-0.32673,-0.41118,0.81522,-0.63625,-1.27702,-0.18699,
1787040769233338112,67.08634,7.39907,0.24034,0.27567,-0.34908,-0.39368,0.80447,-0.78413,-1.25986,0.03111,
1787040769300004864,67.02894,7.30794,0.24656,0.31361,-0.36796,-0.38942,0.78397,-0.89767,-1.21372,0.16753,
1787040769366672896,66.96472,7.22857,0.25929,0.34936,-0.38563,-0.38923,0.76009,-0.98126,-1.08870,0.18190,
1787040769433337856,66.89778,7.16213,0.26681,0.38171,-0.40163,-0.38324,0.73899,-1.01960,-0.97799,0.00743,
1787040769500006912,66.82902,7.10134,0.26370,0.41175,-0.41665,-0.37041,0.72088,-1.03274,-0.89118,-0.15833,
1787040769566672128,66.75715,7.03731,0.25008,0.44316,-0.42390,-0.35343,0.70641,-1.05823,-0.85988,-0.25875,
1787040769633337856,66.68126,6.97892,0.23375,0.47507,-0.42396,-0.33248,0.69571,-1.18201,-0.80631,-0.25013,
1787040769700007936,66.59736,6.93834,0.22792,0.49672,-0.42699,-0.31723,0.68579,-1.28293,-0.75802,-0.12098,
1787040769766671872,66.50993,6.89388,0.22584,0.51094,-0.43353,-0.30613,0.67622,-1.31184,-0.71710,0.04953,
1787040769833338880,66.42857,6.85933,0.23075,0.53527,-0.44155,-0.29084,0.65873,-1.20654,-0.67855,0.23232,
1787040769900006144,66.34922,6.82324,0.24545,0.55890,-0.44886,-0.28363,0.63695,-1.16767,-0.65240,0.27822,
1787040769966674176,66.27206,6.78756,0.25666,0.58397,-0.44530,-0.27381,0.62106,-1.16199,-0.58335,0.13330,
1787040770033346816,66.19070,6.75248,0.25801,0.60321,-0.44498,-0.25816,0.60949,-1.25450,-0.53037,-0.06613,
1787040770100006144,66.10704,6.72059,0.24760,0.61815,-0.44932,-0.24284,0.59751,-1.31988,-0.45558,-0.18778,
1787040770166672896,66.02155,6.69645,0.23254,0.62267,-0.46207,-0.22159,0.59132,-1.27907,-0.43294,-0.21487,
1787040770233339136,65.93651,6.67379,0.22234,0.64110,-0.45790,-0.19472,0.58430,-1.34560,-0.40972,-0.06808,
1787040770300005888,65.85488,6.66432,0.22580,0.65892,-0.45923,-0.17038,0.57087,-1.39167,-0.31035,0.15924,
1787040770366672128,65.75979,6.65609,0.23748,0.67757,-0.46255,-0.16239,0.54825,-1.41741,-0.14202,0.25766,
1787040770433340928,65.67704,6.66937,0.25321,0.69036,-0.47102,-0.15580,0.52657,-1.33094,0.09592,0.24349,
1787040770500005888,65.58202,6.68523,0.26155,0.70153,-0.48023,-0.14423,0.50639,-1.29591,0.25220,0.05588,
1787040770566673152,65.49558,6.71147,0.25510,0.71005,-0.48651,-0.12929,0.49236,-1.32340,0.38134,-0.17632,
1787040770633339904,65.40353,6.74767,0.23273,0.71230,-0.49540,-0.11944,0.48263,-1.43980,0.49768,-0.31054,
1787040770700007936,65.29254,6.78020,0.20929,0.70720,-0.50376,-0.13006,0.47873,-1.56511,0.60793,-0.33129,
1787040770766673152,65.19285,6.82691,0.19110,0.69493,-0.51734,-0.13826,0.47991,-1.61532,0.72978,-0.18250,
1787040770833339904,65.09042,6.87825,0.18635,0.68494,-0.52977,-0.14900,0.47750,-1.62563,0.71766,0.04707,
1787040770900006912,64.99116,6.92622,0.19415,0.67278,-0.54630,-0.16668,0.47025,-1.53161,0.62083,0.17187,
1787040770966674176,64.89152,6.96598,0.20767,0.66761,-0.55313,-0.18209,0.46389,-1.50013,0.55345,0.20317,
1787040771033339136,64.79785,7.00246,0.22049,0.66314,-0.55765,-0.19873,0.45802,-1.40647,0.52783,0.09833,
1787040771100007168,64.70937,7.03960,0.22255,0.66531,-0.55587,-0.20372,0.45482,-1.36822,0.54857,-0.05381,
1787040771166671872,64.61597,7.07881,0.21580,0.67127,-0.54721,-0.20708,0.45506,-1.37809,0.58991,-0.17858,
1787040771233339136,64.52200,7.12022,0.20026,0.67842,-0.53714,-0.20583,0.45701,-1.40841,0.65171,-0.25999,
1787040771300005888,64.42385,7.16573,0.18705,0.68694,-0.52645,-0.19820,0.46009,-1.42451,0.70075,-0.18246,
1787040771366672128,64.32866,7.21414,0.18138,0.69592,-0.51898,-0.18450,0.46078,-1.41343,0.77319,-0.02440,
1787040771433339136,64.24382,7.26630,0.18850,0.70249,-0.52483,-0.16872,0.45011,-1.38559,0.83535,0.17735,
1787040771500005888,64.16032,7.31988,0.20503,0.70907,-0.52956,-0.16070,0.43698,-1.26379,0.81853,0.27553,
1787040771566673152,64.07990,7.37766,0.22167,0.71464,-0.53522,-0.15781,0.42181,-1.17727,0.89830,0.17988,
1787040771633338880,64.00843,7.43734,0.22705,0.72028,-0.54102,-0.14166,0.41040,-1.10032,0.88635,-0.04756,
1787040771700006912,63.93921,7.49666,0.21962,0.73084,-0.53692,-0.12136,0.40355,-1.18050,0.91402,-0.21251,
1787040771766673152,63.85667,7.56037,0.20402,0.73576,-0.53850,-0.11192,0.39517,-1.23242,0.89900,-0.27172,
1787040771833342976,63.76076,7.62206,0.19023,0.74766,-0.52736,-0.10853,0.38874,-1.31706,0.93338,-0.22889,
1787040771900006144,63.67710,7.68254,0.17917,0.75158,-0.52634,-0.11372,0.38100,-1.36278,0.92186,-0.07536,
1787040771966674176,63.58442,7.74195,0.17998,0.75490,-0.51558,-0.12705,0.38492,-1.37062,0.87615,0.12561,
1787040772033339136,63.49193,7.79737,0.19566,0.75593,-0.50518,-0.13915,0.39242,-1.32278,0.80186,0.30245,
1787040772100006144,63.39530,7.85044,0.21599,0.75479,-0.50141,-0.15261,0.39445,-1.34718,0.77598,0.28605,
1787040772166672896,63.30181,7.89822,0.23045,0.75643,-0.49362,-0.16735,0.39516,-1.35043,0.75588,0.07844,
1787040772233339904,63.20988,7.95032,0.22869,0.75797,-0.48319,-0.17881,0.40004,-1.39557,0.82544,-0.12596,
1787040772300007168,63.11875,8.00125,0.21462,0.75542,-0.48014,-0.18764,0.40447,-1.42728,0.87473,-0.26528,
1787040772366672896,63.01884,8.05608,0.19676,0.75217,-0.47693,-0.19529,0.41065,-1.46925,0.88322,-0.26765,
1787040772433339136,62.91780,8.11567,0.18453,0.74871,-0.47801,-0.20274,0.41212,-1.48948,0.85240,-0.12179,
1787040772500008192,62.81638,8.16652,0.18529,0.75297,-0.46975,-0.20649,0.41199,-1.49060,0.90035,0.12951,
1787040772566673152,62.71946,8.22909,0.19678,0.74661,-0.47740,-0.21247,0.41172,-1.39730,0.95732,0.20685,
1787040772633338880,62.62768,8.28663,0.21454,0.74188,-0.47984,-0.21514,0.41603,-1.32878,1.02478,0.23911,
1787040772700006912,62.54666,8.35636,0.22832,0.73774,-0.48855,-0.20874,0.41652,-1.20341,1.01422,0.12334,
1787040772766671872,62.46677,8.41559,0.23042,0.74354,-0.48505,-0.19826,0.41541,-1.20439,1.00886,-0.07129,
1787040772833338880,62.38529,8.48303,0.21942,0.74738,-0.48248,-0.19464,0.41322,-1.23401,1.07184,-0.24481,
1787040772900007936,62.30936,8.54687,0.20288,0.75481,-0.48157,-0.18502,0.40511,-1.17140,1.11863,-0.30114,
1787040772966671872,62.23057,8.62624,0.18758,0.76209,-0.48243,-0.17308,0.39563,-1.20137,1.21225,-0.18441,
1787040773033339136,62.17549,8.68843,0.18536,0.76720,-0.48241,-0.15972,0.39138,-1.14848,1.15147,0.02015,
1787040773100006144,62.08085,8.76805,0.19151,0.76927,-0.48254,-0.15038,0.39085,-1.14750,1.07067,0.19560,
1787040773166672896,62.01232,8.83472,0.20843,0.76997,-0.48156,-0.14428,0.39297,-1.20887,1.05962,0.28224,
1787040773233339904,61.93014,8.90417,0.22401,0.76425,-0.49001,-0.14518,0.39337,-1.19464,1.01620,0.18313,
1787040773300005888,61.86372,8.96663,0.23220,0.76537,-0.48995,-0.13913,0.39344,-1.13779,0.98063,-0.00865,
1787040773366672896,61.78651,9.03331,0.22574,0.76856,-0.48816,-0.12483,0.39425,-1.17688,1.01575,-0.19802,
1787040773433337856,61.70215,9.09989,0.21034,0.77348,-0.47991,-0.11716,0.39710,-1.22554,0.98924,-0.27584,
1787040773500008960,61.62597,9.16251,0.19831,0.77653,-0.47074,-0.10779,0.40471,-1.30516,1.01112,-0.17599,
1787040773566673152,61.54266,9.22851,0.19563,0.77612,-0.46785,-0.10492,0.40958,-1.37032,1.04803,0.04773,
1787040773633337856,61.49408,9.28317,0.21345,0.77431,-0.47546,-0.10375,0.40450,-1.29019,1.04467,0.24156,
1787040773700007936,61.37515,9.36755,0.22752,0.77802,-0.47746,-0.10661,0.39414,-1.21207,1.10457,0.30839,
1787040773766673920,61.29246,9.44493,0.24614,0.77650,-0.48925,-0.10399,0.38323,-1.08475,1.13278,0.21349,
1787040773833338880,61.21485,9.52399,0.25483,0.77849,-0.48950,-0.09398,0.38145,-1.03287,1.13414,0.00389,
1787040773900007936,61.12144,9.61237,0.24985,0.77907,-0.48828,-0.08154,0.38467,-1.07589,1.16437,-0.15973,
1787040773966674176,61.04173,9.69470,0.23640,0.78428,-0.47989,-0.07470,0.38605,-1.10411,1.18200,-0.24446,
1787040774033339136,60.95874,9.77293,0.22337,0.79359,-0.46879,-0.06898,0.38170,-1.11958,1.22694,-0.16900,
1787040774100006144,60.87813,9.85296,0.21427,0.79825,-0.46306,-0.06735,0.37925,-1.14915,1.23964,-0.02501,
1787040774166672896,60.79437,9.93268,0.21665,0.80017,-0.45432,-0.07460,0.38439,-1.17551,1.19096,0.13037,
1787040774233339136,60.71053,10.01298,0.23087,0.80316,-0.44386,-0.07866,0.38954,-1.22685,1.19432,0.29473,
1787040774300021760,60.60947,10.09720,0.24525,0.79385,-0.45797,-0.08187,0.39162,-1.27211,1.17761,0.26507,
1787040774366672896,60.52648,10.16523,0.25641,0.78837,-0.46797,-0.08385,0.39044,-1.24413,1.03737,0.07962,
1787040774433337856,60.43841,10.23075,0.25456,0.79539,-0.45556,-0.08585,0.39045,-1.27974,1.02840,-0.11815,
1787040774500009984,60.35051,10.30144,0.24090,0.79870,-0.44920,-0.08802,0.39058,-1.30161,1.04488,-0.25653,
1787040774566673152,60.26091,10.37128,0.22381,0.80558,-0.43496,-0.08509,0.39322,-1.31383,1.05484,-0.20754,
1787040774633338880,60.17884,10.43305,0.20972,0.80742,-0.43018,-0.08226,0.39529,-1.29801,1.07175,-0.03913,
1787040774700009216,60.08008,10.50541,0.21429,0.81216,-0.42143,-0.07283,0.39685,-1.29740,1.11607,0.18976,
1787040774766673152,59.99289,10.58082,0.23032,0.81394,-0.42275,-0.07402,0.39155,-1.25452,1.14160,0.29133,
1787040774833338880,59.92091,10.64285,0.24817,0.81246,-0.43077,-0.07887,0.38486,-1.15862,1.22319,0.26916,
1787040774900005120,59.84217,10.72832,0.25639,0.80770,-0.44538,-0.07554,0.37889,-1.07361,1.23040,0.03043,
1787040774966671872,59.75659,10.81095,0.25022,0.80644,-0.45187,-0.06443,0.37592,-1.06562,1.25011,-0.18556,
1787040775033338112,59.68560,10.88665,0.23757,0.80622,-0.45436,-0.05358,0.37509,-1.07758,1.25596,-0.28952,
1787040775100004864,59.61092,10.97981,0.21134,0.81225,-0.44317,-0.04836,0.37619,-1.08193,1.28456,-0.28410,
1787040775166671872,59.53591,11.05331,0.20951,0.81568,-0.43228,-0.04508,0.38181,-1.11374,1.30656,-0.10564,
1787040775233339136,59.44590,11.14544,0.21056,0.82020,-0.41870,-0.04947,0.38667,-1.15567,1.29465,0.09110,
1787040775300007168,59.36439,11.23081,0.22226,0.82149,-0.41182,-0.05571,0.39046,-1.17690,1.27930,0.22493,
1787040775366672128,59.27931,11.31713,0.23871,0.81896,-0.41636,-0.05169,0.39150,-1.25731,1.25684,0.30114,
1787040775433339136,59.18834,11.40131,0.25515,0.81041,-0.43211,-0.06301,0.39057,-1.30057,1.18505,0.18202,
1787040775500006912,59.09970,11.47770,0.26214,0.80774,-0.43396,-0.07601,0.39174,-1.27313,1.13497,-0.01587,
1787040775566675968,59.01257,11.55191,0.25600,0.80873,-0.42652,-0.08828,0.39527,-1.28833,1.18860,-0.19939,
1787040775633338880,58.92473,11.63203,0.24026,0.80816,-0.42213,-0.09384,0.39984,-1.28810,1.23164,-0.28810,
1787040775700006912,58.83451,11.71639,0.22463,0.80778,-0.41544,-0.09157,0.40805,-1.30917,1.25629,-0.15755,
1787040775766673152,58.75214,11.80002,0.22099,0.80768,-0.41012,-0.08799,0.41439,-1.27590,1.27807,0.05698,
1787040775833339904,58.64035,11.90480,0.22945,0.80600,-0.41396,-0.08290,0.41489,-1.26380,1.34456,0.21431,
1787040775900006144,58.58750,11.97420,0.24569,0.80285,-0.42155,-0.08327,0.41327,-1.13300,1.32755,0.28491,
1787040775966674176,58.49153,12.07682,0.27106,0.79493,-0.43827,-0.08453,0.41092,-1.08030,1.41401,0.19303,
1787040776033339904,58.41981,12.16596,0.27637,0.78656,-0.45279,-0.07711,0.41274,-1.02409,1.37503,-0.02282,
1787040776100006144,58.34253,12.25781,0.28113,0.78418,-0.45398,-0.06651,0.41778,-1.04213,1.40203,-0.17724,
1787040776166672896,58.27597,12.34510,0.26568,0.78163,-0.45364,-0.06001,0.42387,-1.06872,1.42923,-0.27414,
1787040776233339136,58.20312,12.44248,0.24769,0.78260,-0.44682,-0.05578,0.42986,-1.08810,1.47729,-0.18077,
1787040776300005888,58.12795,12.53812,0.24051,0.78038,-0.44305,-0.05704,0.43757,-1.12484,1.49399,-0.00387,
1787040776366672896,58.05140,12.63794,0.24510,0.77765,-0.43884,-0.06394,0.44563,-1.17292,1.47790,0.18394,
1787040776433340160,57.97810,12.72523,0.26173,0.77271,-0.44184,-0.06817,0.45062,-1.20865,1.37122,0.30184,
1787040776500006912,57.89574,12.81601,0.28188,0.76449,-0.45399,-0.07719,0.45111,-1.28858,1.31358,0.27984,
1787040776566673152,57.82062,12.88643,0.28715,0.75811,-0.46751,-0.09482,0.44465,-1.33245,1.25362,0.05537,
1787040776633338880,57.71795,12.97420,0.27764,0.75400,-0.47781,-0.11852,0.43489,-1.36942,1.26708,-0.14397,
1787040776700006912,57.62330,13.05898,0.25988,0.74980,-0.48557,-0.13746,0.42793,-1.34774,1.30775,-0.29328,
1787040776766673152,57.53331,13.14829,0.23877,0.74732,-0.48618,-0.14021,0.43068,-1.29353,1.33308,-0.26845,
1787040776833348864,57.44003,13.24223,0.22777,0.74778,-0.48167,-0.13173,0.43756,-1.30778,1.33083,-0.06909,
1787040776900006912,57.33231,13.34687,0.22112,0.75347,-0.47625,-0.12273,0.43634,-1.34370,1.38889,0.17761,
1787040776966674944,57.25984,13.42440,0.23691,0.75552,-0.48103,-0.12602,0.42652,-1.22420,1.37918,0.25829,
1787040777033344000,57.17709,13.52154,0.25447,0.75694,-0.48332,-0.12783,0.42084,-1.09611,1.45963,0.26267,
1787040777100007168,57.09581,13.62345,0.26646,0.75557,-0.48851,-0.11758,0.42030,-0.99260,1.48911,0.07484,
1787040777166673920,57.02696,13.72738,0.26569,0.75780,-0.48871,-0.10089,0.42038,-0.98822,1.53284,-0.13879,
1787040777233339904,56.94801,13.82762,0.25259,0.76036,-0.48748,-0.08338,0.42102,-1.03399,1.53993,-0.28188,
1787040777300007936,56.86566,13.92873,0.23441,0.76721,-0.47893,-0.07426,0.42012,-1.09269,1.56901,-0.28907,
1787040777366672896,56.79063,14.02668,0.22240,0.77036,-0.47064,-0.07259,0.42399,-1.11449,1.58876,-0.13457,
1787040777433339136,56.74343,14.11773,0.21818,0.77316,-0.45938,-0.07474,0.43082,-1.10229,1.53009,0.05532,
1787040777500006912,56.63222,14.23051,0.22682,0.77249,-0.45573,-0.08097,0.43475,-1.15228,1.46576,0.19684,
1787040777566673920,56.54579,14.32268,0.24226,0.77076,-0.45778,-0.08482,0.43494,-1.23152,1.45676,0.30391,
1787040777633339904,56.46102,14.41767,0.26058,0.76222,-0.47288,-0.08878,0.43304,-1.22343,1.34879,0.20671,
1787040777700005888,56.37797,14.49491,0.26649,0.76524,-0.47259,-0.09578,0.42648,-1.21931,1.29457,-0.02191,
1787040777766673152,56.29047,14.57480,0.24222,0.77135,-0.46347,-0.10689,0.42283,-1.23972,1.34226,-0.24022,
1787040777833338880,56.19142,14.67758,0.23849,0.77206,-0.45920,-0.11142,0.42502,-1.24498,1.40884,-0.31635,
1787040777900006144,56.10316,14.76390,0.22085,0.77504,-0.44934,-0.10984,0.43051,-1.28170,1.45485,-0.18814,
1787040777966676992,56.01638,14.86324,0.21554,0.77560,-0.44438,-0.10186,0.43657,-1.30861,1.48239,0.04076,
1787040778033340928,55.93928,14.94073,0.22435,0.77536,-0.44599,-0.10026,0.43573,-1.30199,1.48155,0.21717,
1787040778100007168,55.85461,15.04148,0.24131,0.77383,-0.44854,-0.10757,0.43409,-1.14979,1.48696,0.30367,
1787040778166673920,55.78005,15.14508,0.26095,0.76903,-0.45741,-0.10545,0.43389,-1.02064,1.56391,0.21139,
1787040778233338112,55.70450,15.24013,0.26430,0.76674,-0.46345,-0.09231,0.43451,-1.00082,1.54676,-0.03695,
1787040778300005888,55.63693,15.34597,0.25626,0.76778,-0.46366,-0.08069,0.43477,-1.04004,1.57970,-0.23066,
1787040778366673920,55.54801,15.44353,0.23331,0.76800,-0.46417,-0.07632,0.43462,-1.09933,1.57712,-0.32554,
1787040778433339136,55.47019,15.55090,0.21324,0.77117,-0.45957,-0.07465,0.43419,-1.11597,1.60249,-0.24244,
1787040778500006912,55.39313,15.64418,0.20005,0.77232,-0.45425,-0.07552,0.43759,-1.14017,1.56450,-0.07925,
1787040778566672128,55.31044,15.74979,0.20341,0.77574,-0.44325,-0.08006,0.44197,-1.17265,1.51399,0.11899,
1787040778633337856,55.24552,15.82181,0.21547,0.78219,-0.43746,-0.07814,0.43669,-1.18363,1.40099,0.27913,
1787040778700005888,55.17659,15.89252,0.23341,0.78084,-0.44862,-0.07621,0.42804,-1.21474,1.30925,0.27941,
1787040778766673920,55.08510,15.97443,0.24295,0.78630,-0.44945,-0.08079,0.41617,-1.23321,1.20137,0.08910,
1787040778833338880,55.03368,16.01905,0.24102,0.79642,-0.44007,-0.09228,0.40439,-1.22295,1.19559,-0.12073,
1787040778900006144,54.94395,16.10847,0.22653,0.80149,-0.43542,-0.10011,0.39750,-1.21760,1.28019,-0.28945,
1787040778966672896,54.85698,16.19331,0.20762,0.80540,-0.43105,-0.09751,0.39500,-1.23621,1.29746,-0.27499,
1787040779033339904,54.76556,16.28605,0.19590,0.80877,-0.42282,-0.09554,0.39746,-1.29928,1.32641,-0.11562,
1787040779100007168,54.68136,16.36632,0.19922,0.81194,-0.41135,-0.09220,0.40378,-1.32364,1.34871,0.12467,
1787040779166671872,54.59741,16.45745,0.21146,0.80477,-0.41784,-0.09549,0.41065,-1.22566,1.39958,0.21763,
1787040779233339136,54.52052,16.54796,0.23122,0.79704,-0.42168,-0.09948,0.42074,-1.09596,1.47764,0.29372,
1787040779300005888,54.45233,16.64390,0.24779,0.78691,-0.43386,-0.08965,0.42954,-1.00423,1.52543,0.09774,
1787040779366672896,54.39703,16.73457,0.24922,0.77763,-0.44788,-0.07526,0.43477,-0.99147,1.52404,-0.15056,
1787040779433339136,54.34135,16.82503,0.23794,0.77362,-0.45288,-0.06397,0.43853,-0.99793,1.50319,-0.28184,
1787040779500005888,54.26381,16.93311,0.22024,0.77242,-0.45310,-0.06006,0.44098,-1.03527,1.50726,-0.30766,
1787040779566673152,54.18852,17.03762,0.20406,0.76720,-0.44758,-0.06488,0.45483,-1.09508,1.55431,-0.14226,
1787040779633338880,54.12460,17.12980,0.20306,0.75418,-0.44159,-0.07617,0.48001,-1.09393,1.46966,0.09051,
1787040779700006912,54.06011,17.21719,0.21482,0.73686,-0.43587,-0.09294,0.50834,-1.09804,1.37047,0.22863,
1787040779766671872,53.98000,17.30930,0.23350,0.72209,-0.43373,-0.10531,0.52856,-1.17225,1.33402,0.29881,
1787040779833338880,53.91428,17.38388,0.25163,0.70007,-0.44890,-0.12060,0.54207,-1.15425,1.23081,0.21839,
1787040779900007936,53.84394,17.46225,0.25816,0.68853,-0.45329,-0.13092,0.55074,-1.07866,1.20165,0.00804,
1787040779966672896,53.75554,17.55749,0.24890,0.68271,-0.45078,-0.13891,0.55804,-1.10794,1.27552,-0.18089,
1787040780033339136,53.68338,17.64352,0.23204,0.67614,-0.45060,-0.14355,0.56497,-1.10673,1.31937,-0.28270,
1787040780100007936,53.60347,17.73711,0.21581,0.67095,-0.44912,-0.14393,0.57218,-1.18514,1.37016,-0.18522,
1787040780166672896,53.52715,17.82518,0.20967,0.66831,-0.45583,-0.14630,0.56937,-1.21035,1.35100,0.04572,
1787040780233339136,53.44368,17.91938,0.22062,0.67425,-0.46812,-0.15370,0.55012,-1.13491,1.36246,0.21584,
1787040780300005888,53.37655,18.00659,0.23735,0.68838,-0.47223,-0.15378,0.52866,-0.99610,1.32757,0.30785,
1787040780366673920,53.32014,18.08636,0.25770,0.68863,-0.47683,-0.16030,0.52223,-0.93901,1.33031,0.25599,
1787040780433339136,53.25734,18.17212,0.26712,0.68038,-0.46827,-0.16805,0.53812,-0.93257,1.30908,0.04214,
1787040780500005888,53.19105,18.26259,0.26268,0.66563,-0.45489,-0.18281,0.56266,-0.95978,1.31568,-0.14382,
1787040780566672128,53.11758,18.35587,0.24545,0.65256,-0.43487,-0.19628,0.58867,-0.92661,1.36156,-0.27307,
1787040780633338880,53.05323,18.44849,0.22585,0.65298,-0.41169,-0.20055,0.60325,-0.87884,1.39613,-0.21150,
1787040780700006912,52.99964,18.53868,0.21470,0.65617,-0.39729,-0.20508,0.60790,-0.86988,1.41651,-0.05857,
1787040780766671872,52.95284,18.62408,0.21646,0.66229,-0.37912,-0.21260,0.61027,-0.84389,1.37510,0.12643,
1787040780833338880,52.89542,18.71515,0.22915,0.66584,-0.36891,-0.21106,0.61320,-0.86232,1.30933,0.27161,
1787040780900008960,52.83262,18.80490,0.24806,0.66047,-0.37034,-0.21448,0.61695,-0.91718,1.28577,0.29819,
1787040780966674944,52.76099,18.90121,0.26265,0.65875,-0.37802,-0.21641,0.61345,-0.87850,1.27660,0.11282,
1787040781033340928,52.70534,18.98458,0.26430,0.67242,-0.37651,-0.21285,0.60065,-0.87175,1.27443,-0.08503,
1787040781100006144,52.67276,19.05362,0.25609,0.69424,-0.37466,-0.21231,0.57670,-0.84960,1.31138,-0.24108,
1787040781166671872,52.62313,19.13563,0.23700,0.72642,-0.37221,-0.19996,0.54202,-0.86074,1.37411,-0.26541,
1787040781233339904,52.56665,19.22663,0.22394,0.75235,-0.38150,-0.17683,0.50710,-0.91354,1.42269,-0.10662,
1787040781300005888,52.48636,19.33957,0.22449,0.76998,-0.39051,-0.15331,0.48075,-0.91606,1.45011,0.14600,
1787040781366673920,52.40968,19.44926,0.23884,0.77767,-0.40279,-0.13737,0.46273,-0.89684,1.48327,0.23597,
1787040781433340160,52.32745,19.55310,0.24025,0.78250,-0.41522,-0.12985,0.44545,-0.84260,1.49424,0.25539,
1787040781500008960,52.28201,19.64136,0.25611,0.78629,-0.43206,-0.11091,0.42752,-0.73841,1.48187,0.07308,
1787040781566673152,52.23612,19.73352,0.25787,0.79346,-0.44435,-0.08644,0.40682,-0.75054,1.44441,-0.12475,
1787040781633341184,52.18342,19.83123,0.24914,0.80233,-0.44850,-0.07151,0.38729,-0.79618,1.44968,-0.25572,
1787040781700009216,52.13288,19.93150,0.23073,0.81206,-0.44487,-0.06379,0.37227,-0.79113,1.45484,-0.29031,
1787040781766673152,52.07377,20.03441,0.22467,0.82313,-0.43378,-0.05993,0.36152,-0.80868,1.51471,-0.12993,
1787040781833338112,52.05425,20.12195,0.22938,0.82979,-0.42438,-0.06040,0.35736,-0.74875,1.48543,0.06368,
1787040781900006912,51.98328,20.24618,0.24153,0.83421,-0.41637,-0.06072,0.35645,-0.79102,1.44832,0.22547,
1787040781966672896,51.93440,20.32974,0.26438,0.83624,-0.41095,-0.06166,0.35780,-0.86297,1.41847,0.38475,
1787040782033338112,51.87381,20.42373,0.28700,0.82834,-0.42338,-0.06726,0.36066,-0.88220,1.36015,0.26275,
1787040782100007936,51.81799,20.50387,0.29865,0.82694,-0.42430,-0.07270,0.36175,-0.85964,1.27225,0.00999,
1787040782166673920,51.76089,20.58391,0.29718,0.83259,-0.41014,-0.08164,0.36321,-0.88978,1.30356,-0.17244,
1787040782233339136,51.69902,20.67461,0.28171,0.83620,-0.40265,-0.08662,0.36213,-0.91709,1.37408,-0.24789,
1787040782300007936,51.63243,20.76899,0.27338,0.83960,-0.40043,-0.08184,0.35781,-0.93837,1.41432,-0.12012,
1787040782366675968,51.56729,20.86530,0.27133,0.84408,-0.40124,-0.07278,0.34819,-0.93809,1.42556,0.10053,
1787040782433339136,51.47450,20.96142,0.25966,0.84595,-0.40940,-0.06692,0.33508,-0.95888,1.46897,0.22788,
1787040782500005888,51.45273,21.01707,0.28132,0.83989,-0.43164,-0.07406,0.32061,-0.83389,1.45847,0.31895,
1787040782566672128,51.38118,21.13654,0.29821,0.82355,-0.47047,-0.07859,0.30701,-0.75563,1.54604,0.18940,
1787040782633338880,51.32326,21.24623,0.30207,0.80741,-0.50519,-0.06925,0.29677,-0.68258,1.47716,-0.04424,
1787040782700005120,51.27368,21.34392,0.29576,0.80647,-0.51171,-0.05290,0.29148,-0.66885,1.41896,-0.18545,
1787040782766673152,51.22649,21.43272,0.28372,0.81384,-0.50171,-0.04156,0.29021,-0.66126,1.34155,-0.23111,
1787040782833338880,51.17056,21.52820,0.27322,0.83044,-0.47622,-0.03571,0.28689,-0.70246,1.40880,-0.13549,
1787040782900007936,51.11881,21.61736,0.26800,0.83834,-0.46223,-0.03811,0.28651,-0.72103,1.36243,0.00712,
1787040782966674944,51.05839,21.71440,0.27802,0.84740,-0.44403,-0.04958,0.28686,-0.78764,1.38005,0.19026,
1787040783033339136,50.99638,21.80545,0.29402,0.85129,-0.43497,-0.05789,0.28768,-0.80910,1.33520,0.34281,
1787040783100006144,50.92794,21.89871,0.31279,0.84566,-0.44507,-0.06120,0.28812,-0.87233,1.32628,0.33503,
1787040783166675200,50.86963,21.98398,0.32855,0.84170,-0.45299,-0.06635,0.28626,-0.84225,1.21461,0.12211,
1787040783233339904,50.81242,22.06251,0.33113,0.84728,-0.44222,-0.07118,0.28545,-0.87387,1.21098,-0.07859,
1787040783300007168,50.74575,22.13907,0.31190,0.85174,-0.43467,-0.07759,0.28209,-0.90755,1.27287,-0.23556,
1787040783366672896,50.68497,22.22894,0.29304,0.85712,-0.43245,-0.07277,0.27026,-0.90855,1.31782,-0.21987,
1787040783433340160,50.61108,22.32282,0.27686,0.85866,-0.44172,-0.06506,0.25172,-0.90772,1.36925,-0.06010,
1787040783500006912,50.55834,22.39681,0.27711,0.86429,-0.44230,-0.04940,0.23440,-0.82717,1.33003,0.19951,
1787040783566673920,50.50527,22.47861,0.28971,0.86414,-0.45205,-0.03990,0.21756,-0.71941,1.27004,0.26605,
1787040783633339904,50.45379,22.56516,0.30557,0.86372,-0.46054,-0.03444,0.20176,-0.61318,1.29614,0.25350,
1787040783700009216,50.40482,22.65607,0.31565,0.86066,-0.47146,-0.02029,0.19125,-0.57334,1.25724,0.07505,
1787040783766671872,50.35595,22.74697,0.31313,0.86309,-0.46987,-0.00825,0.18504,-0.59800,1.27608,-0.12432,
1787040783833338880,50.31048,22.83293,0.30223,0.86539,-0.46695,0.00196,0.18179,-0.62452,1.29117,-0.25183,
1787040783900007936,50.25292,22.93118,0.28440,0.87083,-0.45791,0.00702,0.17867,-0.66607,1.34510,-0.26861,
1787040783966674176,50.20368,23.02268,0.27322,0.87522,-0.44954,0.00776,0.17847,-0.68831,1.42400,-0.11845,
1787040784033339136,50.15188,23.12039,0.27129,0.87575,-0.44766,0.00213,0.18070,-0.72270,1.44082,0.04300,
1787040784100007168,50.10146,23.21614,0.27891,0.87209,-0.45143,-0.00751,0.18872,-0.73878,1.37530,0.16946,
1787040784166672896,50.05255,23.30000,0.29701,0.87058,-0.45167,-0.01090,0.19485,-0.78357,1.34311,0.28964,
1787040784233338112,50.00436,23.38087,0.31428,0.86300,-0.46364,-0.01577,0.20006,-0.78080,1.26810,0.17492,
1787040784300007168,49.95342,23.46322,0.31905,0.86131,-0.46532,-0.01731,0.20326,-0.77566,1.21193,-0.03548,
1787040784366672896,49.89974,23.54615,0.31020,0.86461,-0.45773,-0.01910,0.20631,-0.81162,1.25984,-0.20501,
1787040784433339136,49.84244,23.63289,0.29203,0.86467,-0.45658,-0.02463,0.20804,-0.84549,1.28047,-0.27300,
1787040784500006912,49.78260,23.71977,0.27467,0.86543,-0.45347,-0.02671,0.21140,-0.85306,1.31131,-0.15994,
1787040784566675968,49.72798,23.80774,0.27104,0.86533,-0.45284,-0.02311,0.21353,-0.80332,1.30330,0.01887,
1787040784633339904,49.67723,23.89642,0.27705,0.86401,-0.45569,-0.01758,0.21336,-0.70940,1.31287,0.13141,
1787040784700006912,49.63288,23.97812,0.28685,0.86482,-0.45606,-0.01133,0.20967,-0.63353,1.30308,0.22560,
1787040784766673920,49.59162,24.06911,0.30311,0.85966,-0.46842,-0.00921,0.20366,-0.57717,1.38081,0.20708,
1787040784833340928,49.54313,24.16658,0.30948,0.85009,-0.48604,-0.00763,0.20262,-0.55476,1.35564,-0.02818,
1787040784900005120,49.50074,24.25699,0.30278,0.84596,-0.48876,-0.00184,0.21322,-0.54498,1.34387,-0.23192,
1787040784966672896,49.45289,24.35390,0.28794,0.84593,-0.48255,0.00314,0.22705,-0.57680,1.37067,-0.30632,
1787040785033339136,49.41251,24.45020,0.26843,0.84855,-0.47193,0.00149,0.23926,-0.56857,1.41612,-0.23430,
1787040785100006144,49.37060,24.54440,0.26203,0.84723,-0.46785,-0.00189,0.25164,-0.60758,1.42936,-0.08892,
1787040785166671872,49.32281,24.64670,0.26476,0.84884,-0.45800,-0.01355,0.26367,-0.62278,1.40189,0.10279,
1787040785233339136,49.27766,24.74428,0.27656,0.85004,-0.44640,-0.01753,0.27903,-0.64439,1.35351,0.24888,
1787040785300009984,49.23419,24.83512,0.29333,0.84386,-0.45043,-0.01658,0.29111,-0.72819,1.36731,0.29108,
1787040785366672896,49.18404,24.92678,0.31567,0.83283,-0.46762,-0.02224,0.29534,-0.76753,1.26631,0.12323,
1787040785433340160,49.12768,25.01162,0.30685,0.83578,-0.45992,-0.03479,0.29788,-0.79243,1.21320,-0.08955,
1787040785500005888,49.08902,25.09506,0.29601,0.83725,-0.45331,-0.04958,0.30177,-0.76662,1.29092,-0.26411,
1787040785566672128,49.01791,25.20908,0.27630,0.83687,-0.44828,-0.05157,0.30989,-0.78528,1.33643,-0.25809,
1787040785633339904,48.96436,25.29532,0.26631,0.83596,-0.44363,-0.05075,0.31904,-0.81121,1.33620,-0.08031,
1787040785700009216,48.91268,25.38339,0.26928,0.83809,-0.43659,-0.04648,0.32377,-0.76723,1.31112,0.15961,
1787040785766671872,48.86326,25.46721,0.28430,0.83931,-0.43718,-0.04297,0.32029,-0.71300,1.27749,0.22953,
1787040785833338880,48.81970,25.55236,0.30083,0.84348,-0.43499,-0.04842,0.31141,-0.61608,1.31228,0.29398,
1787040785900006144,48.78330,25.63966,0.31581,0.84145,-0.44333,-0.04154,0.30611,-0.51839,1.30884,0.13595,
1787040785966671872,48.73994,25.73284,0.31761,0.84250,-0.44603,-0.03015,0.30058,-0.51639,1.30102,-0.08508,
1787040786033338112,48.69957,25.81749,0.30734,0.84693,-0.44020,-0.01898,0.29761,-0.55406,1.32290,-0.22675,
1787040786100006144,48.65823,25.90096,0.28950,0.85113,-0.43337,-0.01492,0.29589,-0.58435,1.34533,-0.28637,
1787040786166672896,48.60039,26.00734,0.27377,0.85671,-0.42285,-0.01220,0.29513,-0.62927,1.43018,-0.14738,
1787040786233339136,48.55342,26.10670,0.26942,0.85719,-0.42080,-0.01845,0.29632,-0.66822,1.42009,0.04266,
1787040786300004864,48.50180,26.19893,0.27993,0.85669,-0.41508,-0.02873,0.30489,-0.68997,1.38783,0.18066,
1787040786366672896,48.45285,26.29397,0.29543,0.85169,-0.41656,-0.03088,0.31646,-0.75793,1.38395,0.29201,
1787040786433339136,48.40613,26.36932,0.31322,0.83944,-0.43341,-0.03768,0.32571,-0.81128,1.29484,0.21391,
1787040786500005888,48.35122,26.45448,0.32087,0.83260,-0.44043,-0.04925,0.33223,-0.80582,1.21294,0.01513,
1787040786566673152,48.27743,26.55379,0.31288,0.83175,-0.43365,-0.06188,0.34104,-0.83922,1.25549,-0.15910,
1787040786633338880,48.21620,26.63800,0.29146,0.82928,-0.42958,-0.07210,0.35007,-0.84416,1.29538,-0.27640,
1787040786700005120,48.15261,26.73351,0.27379,0.82647,-0.42597,-0.07352,0.36068,-0.86831,1.34215,-0.18292,
1787040786766673152,48.08559,26.83561,0.26653,0.82287,-0.42689,-0.07082,0.36828,-0.86070,1.35489,0.00380,
1787040786833338112,48.03138,26.92424,0.27027,0.81969,-0.43147,-0.06847,0.37047,-0.82167,1.37462,0.16083,
1787040786900006912,47.97285,27.02133,0.28193,0.81673,-0.43740,-0.06914,0.36994,-0.73030,1.33505,0.24598,
1787040786966674176,47.92442,27.11500,0.29654,0.81001,-0.44933,-0.06825,0.37059,-0.63843,1.38402,0.18237,
1787040787033338112,47.88449,27.19897,0.29771,0.80184,-0.46393,-0.05827,0.37205,-0.61463,1.35032,-0.03057,
1787040787100007168,47.83790,27.29161,0.28845,0.79808,-0.46980,-0.04836,0.37420,-0.63115,1.33827,-0.18877,
1787040787166671872,47.79718,27.37491,0.27125,0.79763,-0.47043,-0.04377,0.37491,-0.63526,1.32668,-0.28080,
1787040787233338112,47.75550,27.46455,0.25400,0.80438,-0.46253,-0.04042,0.37068,-0.61231,1.33940,-0.20820,
1787040787300007168,47.70405,27.56393,0.24628,0.80946,-0.46169,-0.04067,0.36051,-0.63054,1.34385,-0.08291,
1787040787366672896,47.66459,27.65117,0.24796,0.82104,-0.45206,-0.04124,0.34616,-0.61142,1.30112,0.09474,
1787040787433339136,47.62794,27.72707,0.25971,0.83136,-0.44398,-0.03775,0.33212,-0.65521,1.23321,0.22255,
1787040787500005120,47.58221,27.80665,0.27467,0.83684,-0.44331,-0.03287,0.31952,-0.73681,1.22987,0.26243,
1787040787566672128,47.52042,27.89963,0.28481,0.83723,-0.45259,-0.03284,0.30516,-0.80092,1.18759,0.09833,
1787040787633339904,47.46313,27.98214,0.28393,0.84294,-0.45019,-0.03745,0.29218,-0.82549,1.14129,-0.08098,
1787040787700005888,47.41350,28.05065,0.27380,0.84862,-0.44408,-0.04369,0.28414,-0.85059,1.15228,-0.23756,
1787040787766671872,47.35566,28.12884,0.25598,0.85361,-0.43700,-0.04573,0.27979,-0.87350,1.15773,-0.28693,
1787040787833338880,47.28215,28.22629,0.24174,0.85605,-0.43288,-0.04656,0.27861,-0.92193,1.19513,-0.15031,
1787040787900006144,47.22106,28.30577,0.23850,0.86069,-0.42533,-0.04317,0.27649,-0.89912,1.16523,0.05743,
1787040787966674176,47.16175,28.38677,0.24903,0.86340,-0.42258,-0.04110,0.27254,-0.86054,1.20076,0.19812,
1787040788033339136,47.10729,28.46841,0.26667,0.86612,-0.42149,-0.04728,0.26449,-0.75072,1.20807,0.26458,
1787040788100007168,47.06356,28.54906,0.28173,0.86444,-0.43187,-0.04388,0.25359,-0.61421,1.22422,0.15662,
1787040788166671872,47.02884,28.62717,0.28564,0.86465,-0.43766,-0.03368,0.24433,-0.56809,1.21844,-0.03319,
1787040788233339136,46.98351,28.72144,0.27593,0.86487,-0.44105,-0.02399,0.23853,-0.56601,1.27612,-0.19242,
1787040788300004864,46.93379,28.82250,0.25816,0.86469,-0.44284,-0.01704,0.23647,-0.57215,1.31574,-0.28986,
1787040788366672896,46.89049,28.91851,0.24000,0.86757,-0.43825,-0.01275,0.23473,-0.56721,1.38334,-0.22363,
1787040788433340160,46.84558,29.01870,0.22790,0.86581,-0.43870,-0.01467,0.24019,-0.57254,1.41856,-0.09739,
1787040788500008192,46.80168,29.11946,0.22946,0.86451,-0.43282,-0.02195,0.25456,-0.59256,1.42174,0.10177,
1787040788566673152,46.76098,29.21191,0.24057,0.86052,-0.43160,-0.02503,0.26944,-0.61941,1.34977,0.22775,
1787040788633337856,46.72157,29.30159,0.25788,0.85197,-0.44083,-0.02701,0.28123,-0.69212,1.33845,0.24695,
1787040788700005888,46.67427,29.39221,0.26788,0.84186,-0.45280,-0.03692,0.29134,-0.71439,1.27998,0.07098,
1787040788766673920,46.61826,29.48903,0.26536,0.83727,-0.45384,-0.04739,0.30126,-0.74949,1.28764,-0.11148,
1787040788833338112,46.56194,29.58400,0.25386,0.83301,-0.45667,-0.05848,0.30681,-0.77767,1.36374,-0.25629,
1787040788900006912,46.50120,29.68768,0.23623,0.82839,-0.45849,-0.06320,0.31554,-0.77676,1.38164,-0.28948,
1787040788966672896,46.44769,29.78110,0.22245,0.82163,-0.45726,-0.06666,0.33375,-0.78628,1.40070,-0.14171,
1787040789033339136,46.39728,29.87335,0.21945,0.81720,-0.45155,-0.06708,0.35183,-0.74468,1.39330,0.06450,
1787040789100006144,46.34970,29.96683,0.23057,0.80991,-0.45317,-0.06894,0.36597,-0.67928,1.40834,0.18885,
1787040789166672896,46.30752,30.06106,0.24685,0.80586,-0.45483,-0.07382,0.37184,-0.58365,1.43801,0.25338,
1787040789233339136,46.27439,30.15455,0.26036,0.79595,-0.47328,-0.06803,0.37127,-0.46743,1.45530,0.12510,
1787040789300005888,46.24669,30.24793,0.26172,0.79030,-0.48571,-0.05632,0.36923,-0.42004,1.40866,-0.08313,
1787040789366672896,46.20090,30.36091,0.25032,0.78924,-0.49065,-0.04388,0.36666,-0.44280,1.44987,-0.22522,
1787040789433339136,46.17214,30.45303,0.23281,0.78926,-0.49666,-0.03655,0.35925,-0.43931,1.50195,-0.31862,
1787040789500005120,46.14388,30.55140,0.21432,0.78763,-0.51134,-0.02712,0.34268,-0.42772,1.56279,-0.22640,
1787040789566670848,46.11185,30.65561,0.20741,0.78926,-0.51851,-0.02437,0.32806,-0.44129,1.54147,0.01684,
1787040789633338880,46.07263,30.76635,0.21549,0.79065,-0.52467,-0.03031,0.31414,-0.47212,1.53142,0.18760,
1787040789700007936,46.04846,30.84936,0.23364,0.79372,-0.52873,-0.02579,0.29965,-0.49232,1.39709,0.27275,
1787040789766673152,46.00600,30.94695,0.25243,0.79121,-0.53897,-0.02587,0.28781,-0.61988,1.35077,0.27143,
1787040789833338112,45.96224,31.03391,0.26667,0.79270,-0.54253,-0.03676,0.27556,-0.62224,1.25835,0.11315,
1787040789900005120,45.91323,31.12487,0.26862,0.79936,-0.53513,-0.04517,0.26948,-0.65349,1.27447,-0.06643,
1787040789966672896,45.86835,31.21260,0.25982,0.80500,-0.52620,-0.05355,0.26873,-0.63882,1.30702,-0.22169,
1787040790033339904,45.82742,31.29417,0.24437,0.81263,-0.51396,-0.05075,0.26998,-0.64282,1.32602,-0.25575,
1787040790100011008,45.78237,31.38712,0.23253,0.81692,-0.50722,-0.04731,0.27043,-0.67588,1.37390,-0.10611,
1787040790166673920,45.73102,31.48675,0.23631,0.82418,-0.49625,-0.04028,0.26990,-0.65879,1.41083,0.11271,
1787040790233339136,45.70109,31.56702,0.24518,0.82728,-0.49342,-0.03192,0.26670,-0.54979,1.36987,0.19627,
1787040790300005888,45.65999,31.66931,0.26029,0.83018,-0.48970,-0.02987,0.26476,-0.48671,1.47018,0.26562,
1787040790366672896,45.62750,31.76920,0.27246,0.82086,-0.50607,-0.01930,0.26402,-0.37241,1.41905,0.16016,
1787040790433340160,45.60832,31.85833,0.27885,0.81966,-0.50693,-0.00593,0.26673,-0.33689,1.34008,-0.01477,
1787040790500005888,45.59007,31.94134,0.27037,0.82240,-0.49981,0.00491,0.27169,-0.35283,1.35106,-0.18786,
1787040790566673152,45.56550,32.03321,0.25490,0.82807,-0.48964,0.01145,0.27280,-0.37337,1.37802,-0.25188,
1787040790633338880,45.55571,32.13156,0.25921,0.83649,-0.47608,0.01543,0.27091,-0.35374,1.45673,-0.09520,
1787040790700006912,45.51016,32.24538,0.23790,0.84281,-0.46544,0.01416,0.26987,-0.38940,1.47889,0.03476,
1787040790766673920,45.49041,32.33185,0.24603,0.84705,-0.45636,0.00624,0.27241,-0.42326,1.40199,0.17340,
1787040790833338880,45.45760,32.42860,0.26288,0.85374,-0.44311,-0.00455,0.27344,-0.49190,1.45745,0.32338,
1787040790900005120,45.41280,32.54256,0.28557,0.84256,-0.46090,-0.00935,0.27852,-0.51291,1.42701,0.29387,
1787040790966674944,45.36725,32.65134,0.29993,0.83922,-0.46536,-0.00995,0.28116,-0.53040,1.35093,0.09292,
1787040791033339904,45.32920,32.74221,0.29838,0.84359,-0.45764,-0.01680,0.28042,-0.58495,1.38206,-0.11830,
1787040791100006144,45.28684,32.84073,0.28365,0.84624,-0.45173,-0.02550,0.28136,-0.60187,1.44374,-0.27527,
1787040791166672896,45.24943,32.93537,0.26689,0.84898,-0.44351,-0.02688,0.28602,-0.60944,1.48868,-0.23381,
1787040791233339136,45.19589,33.05037,0.25582,0.84734,-0.44207,-0.02704,0.29303,-0.62149,1.53363,-0.11309,
1787040791300007936,45.15960,33.15089,0.25490,0.84575,-0.44354,-0.02062,0.29591,-0.56342,1.50691,0.06270,
1787040791366672128,45.11909,33.24995,0.26400,0.84624,-0.43974,-0.01677,0.30036,-0.55483,1.45419,0.20959,
1787040791433337856,45.07820,33.34983,0.28010,0.84138,-0.44570,-0.03028,0.30416,-0.54882,1.52975,0.24968,
1787040791500006912,45.04371,33.45401,0.28852,0.82682,-0.46858,-0.03433,0.30924,-0.49562,1.54923,0.02929,
1787040791566672128,45.00719,33.54658,0.28568,0.81941,-0.47692,-0.02735,0.31681,-0.50166,1.46267,-0.15489,
1787040791633339904,44.96852,33.63860,0.27191,0.82027,-0.47012,-0.02314,0.32499,-0.54473,1.47875,-0.29204,
1787040791700005888,44.90093,33.76427,0.25745,0.82287,-0.45857,-0.02593,0.33457,-0.59811,1.52121,-0.23855,
1787040791766671872,44.89207,33.83881,0.23727,0.81802,-0.45419,-0.03048,0.35161,-0.61144,1.54197,-0.14879,
1787040791833338112,44.84847,33.93288,0.23571,0.81396,-0.44377,-0.04514,0.37216,-0.66896,1.48357,0.09597,
1787040791900006144,44.80636,34.01276,0.24459,0.80546,-0.44000,-0.05590,0.39308,-0.73274,1.46463,0.30345,
1787040791966674176,44.76263,34.10392,0.24117,0.78588,-0.45564,-0.06222,0.41342,-0.81146,1.40014,0.29494,
1787040792033339136,44.68648,34.22845,0.25126,0.76890,-0.47009,-0.07389,0.42702,-0.84100,1.28537,0.04979,
1787040792100007168,44.62582,34.31859,0.24748,0.76625,-0.46309,-0.09351,0.43551,-0.88083,1.27527,-0.16601,
1787040792166675968,44.55998,34.41847,0.22927,0.76006,-0.46233,-0.11073,0.44306,-0.86290,1.34209,-0.32599,
1787040792233339136,44.51251,34.49630,0.20757,0.75814,-0.45883,-0.11233,0.44954,-0.83466,1.32433,-0.27506,
1787040792300005888,44.44310,34.60613,0.19402,0.75490,-0.46022,-0.11400,0.45313,-0.84525,1.33931,-0.08687,
1787040792366672896,44.38565,34.69499,0.19826,0.75807,-0.45624,-0.10930,0.45302,-0.81568,1.34246,0.17931,
1787040792433340160,44.32714,34.78470,0.21160,0.75656,-0.45888,-0.10904,0.45295,-0.75256,1.29159,0.22993,
1787040792500006912,44.28675,34.86476,0.22739,0.74961,-0.46615,-0.11612,0.45531,-0.66993,1.32746,0.19966,
1787040792566673152,44.24530,34.95072,0.23673,0.74089,-0.47512,-0.10942,0.46192,-0.58391,1.26996,0.04530,
1787040792633338880,44.20858,35.02594,0.23559,0.74019,-0.47063,-0.10276,0.46912,-0.58890,1.24845,-0.12887,
1787040792700006912,44.16716,35.10692,0.22379,0.73512,-0.46405,-0.10035,0.48393,-0.63240,1.26826,-0.26294,
1787040792766673152,44.12099,35.19432,0.20596,0.73190,-0.45024,-0.10113,0.50137,-0.64173,1.28912,-0.26702,
1787040792833338880,44.06246,35.29175,0.19352,0.72592,-0.44114,-0.10711,0.51668,-0.70249,1.35966,-0.15229,
1787040792900006144,44.01047,35.37518,0.19500,0.72086,-0.43374,-0.11522,0.52816,-0.72322,1.29871,0.02668,
1787040792966676992,43.95656,35.45789,0.20351,0.71171,-0.42562,-0.12519,0.54465,-0.77039,1.24964,0.20369,
1787040793033339136,43.90490,35.53081,0.22201,0.69688,-0.42733,-0.13058,0.56098,-0.85286,1.23271,0.28339,
1787040793100006144,43.82865,35.62708,0.23732,0.67890,-0.44409,-0.13628,0.56859,-0.88798,1.13026,0.16447,
1787040793166672896,43.76098,35.70516,0.24317,0.67819,-0.43807,-0.14646,0.57157,-0.87066,1.04028,-0.02391,
1787040793233339904,43.70872,35.76828,0.24212,0.68400,-0.42366,-0.16175,0.57140,-0.88557,1.08800,-0.19784,
1787040793300007936,43.63680,35.85479,0.20301,0.69220,-0.41540,-0.16716,0.56600,-0.90205,1.15701,-0.31337,
1787040793366672128,43.55476,35.95198,0.17914,0.70276,-0.41302,-0.16299,0.55586,-0.96374,1.25346,-0.21149,
1787040793433340160,43.48134,36.04953,0.16829,0.71849,-0.41888,-0.15299,0.53377,-0.94703,1.25604,-0.01296,
1787040793500005888,43.44344,36.11606,0.17464,0.73702,-0.42798,-0.14067,0.50382,-0.85577,1.26381,0.11278,
1787040793566672128,43.38703,36.20141,0.18733,0.75303,-0.43986,-0.13298,0.47094,-0.77639,1.25675,0.24734,
1787040793633337856,43.34065,36.28248,0.20459,0.76333,-0.45828,-0.12188,0.43870,-0.65277,1.22357,0.17053,
1787040793700006912,43.29830,36.36172,0.20944,0.77704,-0.46618,-0.10630,0.40938,-0.60724,1.17246,-0.06150,
1787040793766671872,43.24429,36.45153,0.19857,0.79185,-0.46361,-0.08981,0.38727,-0.64690,1.20412,-0.23775,
1787040793833338880,43.19653,36.53678,0.18490,0.80311,-0.46026,-0.07935,0.36997,-0.65832,1.22081,-0.31492,
1787040793900008960,43.14939,36.62364,0.16971,0.81664,-0.44752,-0.06991,0.35769,-0.65735,1.25881,-0.20677,
1787040793966675968,43.10030,36.71574,0.16600,0.82496,-0.44073,-0.06526,0.34776,-0.68050,1.27546,-0.01221,
1787040794033338112,43.05283,36.80401,0.17380,0.83257,-0.43348,-0.06440,0.33879,-0.67364,1.25341,0.14686,
1787040794100004864,43.00325,36.89101,0.18935,0.83832,-0.42973,-0.05429,0.33107,-0.73724,1.22251,0.28354,
1787040794166672896,42.95065,36.97266,0.20912,0.83580,-0.43938,-0.05124,0.32522,-0.80224,1.14519,0.26089,
1787040794233339136,42.89926,37.04536,0.22146,0.84017,-0.43716,-0.05458,0.31627,-0.79532,1.06490,0.05775,
1787040794300007168,42.84271,37.12376,0.22014,0.84973,-0.42561,-0.06092,0.30512,-0.82801,1.12554,-0.12341,
1787040794366672896,42.78592,37.20271,0.20603,0.85563,-0.42123,-0.06450,0.29377,-0.84214,1.20427,-0.26493,
1787040794433340160,42.72464,37.29351,0.18905,0.85908,-0.41965,-0.06413,0.28593,-0.85076,1.28109,-0.23867,
1787040794500005120,42.66244,37.38464,0.17670,0.85929,-0.42283,-0.05895,0.28171,-0.83616,1.31789,-0.10922,
1787040794566672128,42.60780,37.47288,0.17824,0.86184,-0.42282,-0.04837,0.27588,-0.76886,1.34347,0.12036,
1787040794633338880,42.55807,37.56030,0.18817,0.86074,-0.43152,-0.03878,0.26724,-0.67158,1.31785,0.23085,
1787040794700007936,42.51640,37.64807,0.20640,0.86182,-0.43812,-0.03638,0.25297,-0.56257,1.35366,0.26447,
1787040794766671872,42.48114,37.73795,0.21678,0.86170,-0.44770,-0.02643,0.23736,-0.47400,1.35736,0.03281,
1787040794833338880,42.44980,37.82785,0.21159,0.86324,-0.45151,-0.01097,0.22547,-0.45015,1.36587,-0.18140,
1787040794900006144,42.42141,37.91609,0.19609,0.86647,-0.45045,-0.00051,0.21524,-0.45718,1.40425,-0.31480,
1787040794966672896,42.38801,38.01289,0.17677,0.87029,-0.44565,0.00624,0.20966,-0.44561,1.41675,-0.27459,
1787040795033339136,42.35475,38.11334,0.16453,0.87518,-0.43815,0.00820,0.20498,-0.45441,1.46553,-0.12422,
1787040795100011008,42.32608,38.21053,0.16466,0.88126,-0.42783,0.00335,0.20081,-0.46120,1.46940,0.11018,
1787040795166671872,42.29775,38.30320,0.17980,0.88335,-0.42473,0.00397,0.19820,-0.46116,1.35293,0.28542,
1787040795233341952,42.26878,38.39206,0.20109,0.88046,-0.43178,0.00736,0.19568,-0.53526,1.31673,0.34065,
1787040795300007168,42.23210,38.47597,0.21795,0.87914,-0.43647,-0.00164,0.19134,-0.54576,1.21437,0.15257,
1787040795366672128,42.19755,38.56220,0.22091,0.88368,-0.42891,-0.00732,0.18733,-0.53340,1.25673,-0.06779,
1787040795433339136,42.16339,38.64671,0.21164,0.88618,-0.42464,-0.01337,0.18492,-0.52448,1.32864,-0.23874,
1787040795500005888,42.12951,38.73726,0.19452,0.88822,-0.42058,-0.01459,0.18429,-0.51282,1.35436,-0.28210,
1787040795566673920,42.09652,38.83465,0.18051,0.88981,-0.41716,-0.01234,0.18457,-0.51745,1.40949,-0.11648,
1787040795633338880,42.06651,38.92414,0.18093,0.89244,-0.41210,-0.00867,0.18346,-0.46897,1.38332,0.11733,
1787040795700007936,42.03902,39.01740,0.19222,0.89048,-0.41881,-0.00245,0.17788,-0.35787,1.35743,0.22083,
1787040795766673152,42.00916,39.12669,0.20753,0.89127,-0.41933,-0.00071,0.17262,-0.27691,1.35897,0.31585,
1787040795833338880,41.99396,39.22017,0.22234,0.88882,-0.42614,0.00630,0.16841,-0.19063,1.33338,0.14018,
1787040795900006144,41.98081,39.31028,0.22398,0.88846,-0.42726,0.01820,0.16661,-0.16681,1.32747,-0.10409,
1787040795966674944,41.96405,39.40909,0.21039,0.89036,-0.42214,0.03143,0.16751,-0.20211,1.36020,-0.25393,
1787040796033339136,41.94482,39.50611,0.19078,0.89357,-0.41579,0.03329,0.16597,-0.21740,1.38973,-0.30597,
1787040796100011008,41.92785,39.60254,0.17438,0.89942,-0.40230,0.03626,0.16701,-0.20179,1.44334,-0.15061,
1787040796166675200,41.91006,39.70631,0.16913,0.90234,-0.39441,0.03580,0.17013,-0.21929,1.45006,0.04674,
1787040796233338112,41.88181,39.82277,0.17730,0.90329,-0.39041,0.03206,0.17499,-0.27570,1.46120,0.18193,
1787040796300005888,41.85950,39.92367,0.19418,0.90192,-0.39068,0.03457,0.18089,-0.36163,1.48566,0.31202,
1787040796366672896,41.81903,40.03724,0.21149,0.89132,-0.41258,0.03142,0.18529,-0.46961,1.49755,0.20600,
1787040796433340160,41.78232,40.14097,0.21627,0.88251,-0.43251,0.02324,0.18321,-0.51183,1.43855,-0.04250,
1787040796500005888,41.72940,40.25856,0.20746,0.88310,-0.43283,0.00777,0.18091,-0.53708,1.46631,-0.22027,
1787040796566672128,41.67703,40.38225,0.19284,0.88134,-0.43576,-0.00305,0.18263,-0.53687,1.52088,-0.30864,
1787040796633337856,41.63685,40.49104,0.17662,0.88054,-0.43425,-0.00639,0.18981,-0.55165,1.56056,-0.17174,
1787040796700005120,41.60826,40.58227,0.18326,0.87809,-0.43703,-0.00717,0.19473,-0.51307,1.53589,0.05131,
1787040796766673920,41.56364,40.70123,0.18566,0.87633,-0.44048,-0.00660,0.19488,-0.41914,1.53331,0.21358,
1787040796833338112,41.52874,40.81084,0.20361,0.87365,-0.44635,-0.00760,0.19352,-0.32172,1.50404,0.31486,
1787040796900006144,41.51123,40.91264,0.22228,0.86762,-0.45833,-0.00425,0.19274,-0.18299,1.48179,0.20497,
1787040796966672896,41.50084,40.99971,0.22810,0.86496,-0.46362,0.00862,0.19193,-0.13727,1.43808,-0.03769,
1787040797033339136,41.48932,41.09235,0.21795,0.86581,-0.46313,0.02110,0.18826,-0.12583,1.44351,-0.21355,
1787040797100006144,41.48188,41.18871,0.20033,0.86940,-0.45703,0.03076,0.18525,-0.11648,1.45262,-0.30396,
1787040797166672896,41.47143,41.29193,0.18285,0.87586,-0.44489,0.03604,0.18341,-0.10182,1.52748,-0.17099,
1787040797233339136,41.46268,41.39794,0.17332,0.87775,-0.44002,0.03698,0.18594,-0.11999,1.56039,0.01878,
1787040797300004864,41.44941,41.51095,0.17859,0.87591,-0.44179,0.03050,0.19150,-0.16394,1.54983,0.16638,
1787040797366672896,41.43846,41.60799,0.19493,0.87552,-0.44163,0.03034,0.19368,-0.22380,1.50035,0.30417,
1787040797433339136,41.41741,41.71385,0.20958,0.86715,-0.45671,0.02977,0.19640,-0.29757,1.45538,0.23296,
1787040797500006912,41.39550,41.81020,0.21958,0.86492,-0.46172,0.02445,0.19526,-0.32707,1.39045,0.00921,
1787040797566672128,41.37305,41.90127,0.21359,0.86929,-0.45409,0.01291,0.19488,-0.34615,1.41802,-0.16738,
1787040797633338880,41.33933,42.01386,0.20275,0.87062,-0.45117,0.00279,0.19611,-0.34889,1.48591,-0.28063,
1787040797700005888,41.31696,42.11468,0.18625,0.87215,-0.44640,0.00156,0.20020,-0.33601,1.53634,-0.20151,
1787040797766671872,41.29257,42.22306,0.18120,0.87121,-0.44808,0.00555,0.20048,-0.31525,1.52873,0.00308,
1787040797833338880,41.27188,42.32717,0.18793,0.87152,-0.44897,0.00820,0.19702,-0.26518,1.53176,0.21874,
1787040797900006144,41.25519,42.42572,0.20579,0.86824,-0.45757,0.00553,0.19175,-0.18312,1.45989,0.30625,
1787040797966672896,41.24431,42.52459,0.22375,0.86223,-0.47033,0.00441,0.18795,-0.07094,1.45254,0.19532,
1787040798033338112,41.23707,42.62244,0.23758,0.85854,-0.47670,0.01195,0.18850,-0.02357,1.43561,-0.03720,
1787040798100006144,41.23224,42.71586,0.23787,0.85721,-0.47755,0.02206,0.19146,-0.03426,1.46396,-0.20248,
1787040798166672896,41.22817,42.81808,0.22199,0.85603,-0.47878,0.02676,0.19304,-0.03360,1.48633,-0.28756,
1787040798233339136,41.22111,42.91913,0.21507,0.85819,-0.47396,0.02941,0.19497,-0.03318,1.51438,-0.15685,
1787040798300007168,41.21682,43.02525,0.20971,0.85811,-0.47336,0.02898,0.19683,-0.05025,1.52654,0.03261,
1787040798366672896,41.20819,43.12839,0.21963,0.85734,-0.47415,0.02226,0.19913,-0.10814,1.46938,0.23784,
1787040798433339136,41.19708,43.22806,0.24062,0.85832,-0.47080,0.02332,0.20271,-0.16658,1.47397,0.35678,
1787040798500005888,41.17592,43.32678,0.26950,0.84905,-0.48439,0.02341,0.20961,-0.27781,1.43114,0.28994,
1787040798566673920,41.15319,43.42152,0.28445,0.84766,-0.48637,0.01227,0.21157,-0.31962,1.34283,0.07872,
1787040798633338880,41.12627,43.51327,0.28585,0.85129,-0.47999,-0.00835,0.21176,-0.34835,1.41517,-0.10388,
1787040798700005888,41.10205,43.62102,0.27162,0.85011,-0.48143,-0.01906,0.21255,-0.28542,1.46327,-0.22870,
1787040798766673152,41.07623,43.72599,0.25679,0.85194,-0.47926,-0.01565,0.21039,-0.29363,1.50754,-0.16210,
1787040798833338880,41.05680,43.83429,0.24963,0.85296,-0.47980,-0.00977,0.20531,-0.27597,1.50293,0.03711,
1787040798900006144,41.03868,43.93665,0.25937,0.85530,-0.48020,-0.00213,0.19456,-0.23457,1.49434,0.24674,
1787040798966672896,41.01270,44.04995,0.27717,0.85529,-0.48405,-0.00034,0.18488,-0.16953,1.45883,0.33786,
1787040799033339904,40.98478,44.17217,0.29137,0.85017,-0.49523,0.00509,0.17872,-0.06812,1.45032,0.27197,
1787040799100011008,40.98325,44.25632,0.30167,0.84906,-0.49821,0.01933,0.17467,-0.05216,1.39697,0.06256,
1787040799166671872,40.97012,44.36091,0.29265,0.85170,-0.49406,0.02993,0.17212,-0.08911,1.42217,-0.14948,
1787040799233339136,40.95527,44.46331,0.27487,0.85495,-0.48884,0.03552,0.16983,-0.12462,1.44561,-0.27455,
1787040799300007936,40.93905,44.56869,0.25548,0.86133,-0.47847,0.03733,0.16667,-0.12946,1.51588,-0.21343,
1787040799366672896,40.92929,44.67328,0.24642,0.86111,-0.47989,0.03481,0.16425,-0.15534,1.58650,-0.05977,
1787040799433339136,40.90819,44.78088,0.24770,0.85865,-0.48501,0.02557,0.16378,-0.20351,1.62658,0.11474,
1787040799500005888,40.88914,44.89750,0.25830,0.84592,-0.50615,0.02363,0.16638,-0.27258,1.64042,0.26617,
1787040799566673152,40.85991,45.00278,0.27454,0.82817,-0.53462,0.02352,0.16659,-0.34236,1.54692,0.27350,
1787040799633339904,40.83111,45.10346,0.28601,0.81970,-0.54879,0.01868,0.16302,-0.38234,1.42187,0.08379,
1787040799700005888,40.80190,45.19693,0.28531,0.82441,-0.54248,0.00559,0.16134,-0.39242,1.41325,-0.10939,
1787040799766673152,40.77823,45.28584,0.27285,0.82860,-0.53494,0.00111,0.16511,-0.36093,1.43282,-0.25216,
1787040799833338880,40.75332,45.38475,0.25867,0.83666,-0.52036,0.00195,0.17096,-0.37059,1.47150,-0.19530,
1787040799900006912,40.72186,45.49283,0.24999,0.84274,-0.50647,0.00686,0.18230,-0.35257,1.48001,-0.00287,
1787040799966674176,40.70083,45.59455,0.26233,0.84741,-0.49502,0.01688,0.19121,-0.32697,1.52663,0.19815,
1787040800033339136,40.67975,45.69463,0.27895,0.84574,-0.49446,0.01734,0.19984,-0.25648,1.47647,0.30494,
1787040800100007936,40.66489,45.79497,0.29831,0.83754,-0.50230,0.01859,0.21417,-0.17393,1.43140,0.29687,
1787040800166673920,40.65416,45.88846,0.31249,0.83445,-0.50034,0.02094,0.23002,-0.17347,1.37788,0.10170,
1787040800233338112,40.64321,45.97956,0.31189,0.83485,-0.49362,0.02279,0.24259,-0.20479,1.38428,-0.11892,
1787040800300007936,40.62716,46.07963,0.29919,0.83600,-0.48700,0.01925,0.25213,-0.23982,1.44484,-0.26418,
1787040800366672896,40.61023,46.18380,0.28397,0.83670,-0.48240,0.01241,0.25898,-0.21482,1.50378,-0.16843,
1787040800433340160,40.59619,46.28905,0.27738,0.83249,-0.48674,0.00469,0.26463,-0.18893,1.51603,-0.02970,
1787040800500006912,40.58201,46.39358,0.27975,0.83487,-0.48558,-0.00161,0.25923,-0.24037,1.53549,0.12021,
1787040800566673152,40.56608,46.49082,0.29382,0.84171,-0.48141,-0.00591,0.24440,-0.31345,1.39317,0.34356,
1787040800633339904,40.53968,46.59403,0.31428,0.84117,-0.48993,-0.01492,0.22842,-0.37491,1.47714,0.30107,
1787040800700006912,40.50991,46.70173,0.32430,0.83676,-0.50239,-0.01846,0.21702,-0.37565,1.38946,0.08263,
1787040800766673152,40.47944,46.80143,0.32015,0.84282,-0.49528,-0.02394,0.20924,-0.37733,1.41623,-0.12019,
1787040800833338880,40.44293,46.91811,0.30354,0.84582,-0.49296,-0.02436,0.20244,-0.38614,1.47477,-0.27703,
1787040800900006144,40.41695,47.01894,0.28639,0.85241,-0.48351,-0.01937,0.19810,-0.39504,1.49256,-0.20850,
1787040800966672896,40.38650,47.11971,0.28343,0.85633,-0.47815,-0.01175,0.19479,-0.40867,1.50894,-0.00819,
1787040801033339136,40.34756,47.24101,0.28832,0.85839,-0.47726,-0.00456,0.18809,-0.42800,1.56680,0.23126,
1787040801100007936,40.31522,47.34650,0.30355,0.85342,-0.48916,-0.00882,0.17979,-0.34613,1.46836,0.31186,
1787040801166672896,40.28602,47.45634,0.32402,0.84726,-0.50234,-0.00971,0.17236,-0.24036,1.43353,0.24180,
1787040801233338112,40.26888,47.54218,0.33345,0.84682,-0.50519,0.00172,0.16637,-0.20633,1.36454,0.04644,
1787040801300005888,40.25118,47.63217,0.32776,0.84824,-0.50434,0.01460,0.16097,-0.22949,1.40024,-0.14257,
1787040801366672128,40.23614,47.71514,0.31411,0.84956,-0.50307,0.02305,0.15700,-0.25431,1.37504,-0.23762,
1787040801433339136,40.21675,47.80578,0.29791,0.85632,-0.49260,0.02590,0.15297,-0.27253,1.41080,-0.18129,
1787040801500006912,40.14594,47.95995,0.29304,0.85855,-0.48972,0.02169,0.15030,-0.35523,1.48960,-0.06586,
1787040801566673152,40.15471,47.98835,0.29663,0.86557,-0.47710,0.01457,0.15153,-0.32494,1.38639,0.12113,
1787040801633337856,40.13637,48.07369,0.31014,0.86985,-0.46802,0.01252,0.15541,-0.37217,1.37441,0.28009,
1787040801700006912,40.10950,48.16957,0.32711,0.86310,-0.47953,0.01244,0.15797,-0.44036,1.37852,0.26483,
1787040801766673152,40.08202,48.25265,0.33890,0.85982,-0.48597,0.00740,0.15649,-0.47151,1.25454,0.08645,
1787040801833338880,40.05038,48.33614,0.33931,0.86642,-0.47516,-0.00350,0.15339,-0.50438,1.30660,-0.10806,
1787040801900006912,40.01583,48.43811,0.32210,0.86579,-0.47772,-0.01157,0.14853,-0.49322,1.38116,-0.26170,
1787040801966672896,39.98335,48.53120,0.30447,0.86780,-0.47467,-0.01543,0.14619,-0.46358,1.39757,-0.23274,
1787040802033339136,39.95606,48.62499,0.29495,0.86744,-0.47489,-0.01167,0.14795,-0.42329,1.39350,-0.09073,
1787040802100006144,39.93827,48.71718,0.29501,0.87046,-0.46995,-0.00426,0.14638,-0.37442,1.40168,0.13818,
1787040802166673920,39.91313,48.80744,0.30665,0.87041,-0.47203,-0.00045,0.13989,-0.31089,1.34531,0.25209,
1787040802233340928,39.90437,48.89406,0.31988,0.86698,-0.48077,0.00248,0.13113,-0.17584,1.32314,0.25781,
1787040802300008960,39.89566,48.97866,0.33056,0.86586,-0.48508,0.01619,0.12135,-0.11322,1.26095,0.05229,
1787040802366672128,39.88195,49.08587,0.32520,0.86833,-0.48195,0.03470,0.11191,-0.11934,1.28042,-0.14944,
1787040802433340160,39.87628,49.17025,0.31125,0.87069,-0.47900,0.04830,0.10065,-0.14922,1.31138,-0.26335,
1787040802500005888,39.86607,49.26214,0.29289,0.87601,-0.47065,0.05459,0.09012,-0.13610,1.33976,-0.24350,
1787040802566673152,39.85309,49.35938,0.28023,0.87779,-0.46864,0.05906,0.07977,-0.17425,1.38583,-0.10587,
1787040802633338880,39.83553,49.45916,0.27881,0.88264,-0.46229,0.05281,0.06670,-0.20976,1.34707,0.07012,
1787040802700006912,39.80979,49.57325,0.29013,0.88636,-0.45637,0.05047,0.05952,-0.23977,1.35386,0.24274,
1787040802766673152,39.78974,49.67217,0.30825,0.88077,-0.46678,0.05138,0.06105,-0.28041,1.39111,0.27014,
1787040802833338880,39.76739,49.76413,0.31923,0.87539,-0.47648,0.05005,0.06449,-0.33541,1.30912,0.08342,
1787040802900008960,39.74607,49.84539,0.31891,0.87876,-0.47071,0.04340,0.06578,-0.36900,1.31059,-0.10611,
1787040802966671872,39.71761,49.94388,0.30461,0.87849,-0.47200,0.03642,0.06440,-0.36660,1.36931,-0.26302,
1787040803033339136,39.69633,50.03569,0.28838,0.88128,-0.46783,0.03830,0.05490,-0.35065,1.35935,-0.24616,
1787040803100007168,39.67392,50.12763,0.27895,0.88234,-0.46675,0.04357,0.04156,-0.33515,1.35679,-0.10441,
1787040803166672896,39.65052,50.22136,0.28083,0.88573,-0.46007,0.05307,0.03181,-0.29914,1.40362,0.18680,
1787040803233339136,39.63427,50.31864,0.29920,0.88145,-0.46841,0.05717,0.01907,-0.22796,1.32764,0.27771,
1787040803300007936,39.61865,50.40952,0.31699,0.87724,-0.47625,0.05945,0.00958,-0.09711,1.28859,0.24013,
1787040803366674944,39.60937,50.50058,0.32684,0.87637,-0.47654,0.06976,0.00510,-0.07208,1.24621,0.04245,
1787040803433340160,39.60608,50.58071,0.32240,0.87715,-0.47417,0.07582,0.00435,-0.05165,1.29052,-0.14486,
1787040803500005120,39.60146,50.67433,0.30933,0.87549,-0.47621,0.08197,0.00536,-0.04709,1.31724,-0.25522,
1787040803566673920,39.59296,50.77457,0.29123,0.87790,-0.47159,0.08278,0.00627,-0.04527,1.35316,-0.22561,
1787040803633338880,39.58961,50.86970,0.28001,0.87962,-0.46853,0.08184,0.00755,-0.04360,1.38555,-0.09625,
1787040803700005888,39.58215,50.96848,0.27921,0.88254,-0.46402,0.07558,0.00972,-0.08650,1.38795,0.05971,
1787040803766673920,39.57331,51.06351,0.28880,0.88380,-0.46263,0.06708,0.01922,-0.13348,1.35909,0.20747,
1787040803833338880,39.55791,51.16726,0.30537,0.88008,-0.46987,0.06353,0.02556,-0.18608,1.41459,0.26207,
1787040803900006912,39.54452,51.25830,0.31635,0.87147,-0.48571,0.06077,0.03053,-0.24778,1.32993,0.11983,
1787040803966674944,39.52237,51.36460,0.31661,0.87184,-0.48557,0.05245,0.03695,-0.30339,1.32375,-0.07184,
1787040804033339904,39.50180,51.46137,0.30930,0.87238,-0.48530,0.04084,0.04196,-0.32646,1.36175,-0.22783,
1787040804100007168,39.48163,51.55036,0.29436,0.87521,-0.48054,0.03088,0.04622,-0.32476,1.36233,-0.24473,
1787040804166671872,39.45175,51.68043,0.28332,0.87504,-0.48019,0.02719,0.05465,-0.32474,1.45349,-0.10797,
1787040804233340928,39.43136,51.77560,0.28191,0.87427,-0.48074,0.02846,0.06101,-0.30689,1.42196,0.10206,
1787040804300004864,39.41290,51.88214,0.29391,0.87228,-0.48402,0.02938,0.06319,-0.24343,1.36562,0.20192,
1787040804366672128,39.39922,51.97339,0.30843,0.87241,-0.48471,0.02467,0.05794,-0.17138,1.38969,0.26166,
1787040804433340160,39.39020,52.06542,0.32077,0.86615,-0.49602,0.02835,0.05417,-0.10240,1.34771,0.11117,
1787040804500006912,39.38142,52.17231,0.32072,0.86420,-0.49864,0.03482,0.05751,-0.07814,1.35660,-0.10147,
1787040804566672128,39.37395,52.28413,0.30588,0.86506,-0.49601,0.03965,0.06384,-0.08499,1.40086,-0.24236,
1787040804633338880,39.36165,52.39035,0.29400,0.86896,-0.48818,0.03935,0.07101,-0.07483,1.41840,-0.26962,
1787040804700005888,39.35494,52.48985,0.28120,0.87244,-0.48087,0.03936,0.07792,-0.09105,1.50093,-0.14477,
1787040804766673920,39.33745,52.61377,0.27932,0.87148,-0.48175,0.03323,0.08567,-0.15934,1.50235,0.05107,
1787040804833338880,39.32261,52.71386,0.28823,0.86838,-0.48593,0.01547,0.09773,-0.21276,1.44713,0.17470,
1787040804900006912,39.30078,52.81733,0.30976,0.86941,-0.48121,0.00909,0.11174,-0.28592,1.47408,0.29313,
1787040804966674176,39.27463,52.92138,0.32999,0.86105,-0.49240,0.00273,0.12702,-0.35105,1.41222,0.19068,
1787040805033339136,39.24441,53.02632,0.33592,0.85900,-0.49254,-0.00563,0.13964,-0.39887,1.37158,-0.02062,
1787040805100007168,39.21686,53.11839,0.32953,0.85974,-0.48697,-0.02079,0.15257,-0.41849,1.43558,-0.19211,
1787040805166671872,39.18795,53.21584,0.31475,0.85679,-0.48592,-0.03072,0.16983,-0.41712,1.44488,-0.26735,
1787040805233339136,39.15962,53.31888,0.29755,0.85360,-0.48385,-0.03495,0.18980,-0.44013,1.50349,-0.18194,
1787040805300007936,39.13218,53.41854,0.28898,0.84943,-0.48491,-0.03308,0.20553,-0.43967,1.50127,0.00505,
1787040805366672128,39.10509,53.51942,0.29394,0.84463,-0.49101,-0.03191,0.21091,-0.41063,1.50489,0.16697,
1787040805433339136,39.08271,53.61316,0.30659,0.84019,-0.49904,-0.03598,0.20915,-0.36485,1.45577,0.25200,
1787040805500013056,39.06225,53.70926,0.32195,0.83227,-0.51263,-0.04199,0.20683,-0.24301,1.41025,0.18067,
1787040805566672128,39.04636,53.81342,0.32358,0.82994,-0.51541,-0.03668,0.21026,-0.17192,1.37240,-0.01868,
1787040805633338880,39.03524,53.90663,0.31650,0.83084,-0.51260,-0.02787,0.21488,-0.15371,1.41652,-0.19238,
1787040805700007936,39.02632,54.00335,0.29916,0.82870,-0.51663,-0.02030,0.21433,-0.13458,1.45400,-0.28967,
1787040805766673152,39.01631,54.10314,0.28262,0.83261,-0.51261,-0.01443,0.20925,-0.12129,1.47313,-0.18719,
1787040805833338880,39.00212,54.21475,0.27601,0.83671,-0.50911,-0.01248,0.20139,-0.10710,1.44388,-0.01723,
1787040805900006144,38.99015,54.31555,0.28153,0.84313,-0.50151,-0.01072,0.19365,-0.12249,1.42307,0.14843,
1787040805966674176,38.97349,54.41658,0.29367,0.84932,-0.49444,-0.00211,0.18490,-0.18920,1.47737,0.26568,
1787040806033339904,38.95080,54.52908,0.30725,0.84088,-0.51184,0.01051,0.17560,-0.24122,1.51224,0.20270,
1787040806100017152,38.92428,54.64373,0.31053,0.83379,-0.52721,0.02122,0.16247,-0.28345,1.47587,-0.00038,
1787040806166672896,38.89527,54.75344,0.30313,0.83667,-0.52664,0.02268,0.14877,-0.33220,1.47914,-0.14946,
1787040806233339136,38.86523,54.86827,0.28660,0.84182,-0.52196,0.02038,0.13596,-0.33082,1.50269,-0.27682,
1787040806300007936,38.83391,54.97945,0.26950,0.84838,-0.51302,0.02456,0.12827,-0.34684,1.53935,-0.23260,
1787040806366672128,38.80220,55.09580,0.26409,0.85303,-0.50638,0.03224,0.12202,-0.36430,1.55635,-0.03546,
1787040806433339136,38.77579,55.20039,0.27162,0.85707,-0.50089,0.03842,0.11434,-0.34284,1.61273,0.18373,
1787040806500005888,38.75534,55.30212,0.28737,0.85567,-0.50583,0.03931,0.10208,-0.25134,1.55570,0.26072,
1787040806566672128,38.74510,55.39891,0.30582,0.85130,-0.51546,0.04201,0.08847,-0.11910,1.50736,0.23590,
1787040806633338880,38.73856,55.49947,0.31596,0.84923,-0.51967,0.05358,0.07668,-0.06080,1.45966,0.02966,
1787040806700005888,38.73323,55.60186,0.31242,0.84941,-0.51936,0.06603,0.06647,-0.04934,1.47664,-0.15759,
1787040806766671872,38.73065,55.69950,0.29927,0.85146,-0.51567,0.07625,0.05728,-0.04431,1.46080,-0.25281,
1787040806833338112,38.74985,55.76155,0.27872,0.86127,-0.50004,0.08128,0.03955,0.02377,1.43020,-0.19357,
1787040806900005120,38.72765,55.89591,0.27752,0.86480,-0.49439,0.08681,0.01273,-0.05067,1.48090,-0.01441,
1787040806966672896,38.71580,56.00866,0.28324,0.87026,-0.48572,0.08119,-0.01157,-0.09786,1.51925,0.20340,
1787040807033339136,38.70613,56.10845,0.29964,0.86995,-0.48501,0.08430,-0.02904,-0.14577,1.51835,0.30769,
1787040807100007168,38.69078,56.21338,0.32030,0.86135,-0.49850,0.08888,-0.04102,-0.24889,1.51295,0.26931,
1787040807166672896,38.66755,56.32063,0.33097,0.85736,-0.50499,0.08333,-0.05453,-0.30421,1.46550,0.04695,
1787040807233339136,38.64419,56.42662,0.32714,0.85942,-0.50176,0.07441,-0.06405,-0.30864,1.53894,-0.15353,
1787040807300007168,38.62450,56.52988,0.31286,0.85839,-0.50381,0.06742,-0.06929,-0.29150,1.54072,-0.26222,
1787040807366672896,38.60510,56.63367,0.29592,0.85949,-0.50173,0.06850,-0.06963,-0.28452,1.55549,-0.21353,
1787040807433339136,38.58473,56.73994,0.28792,0.85898,-0.50207,0.07190,-0.07014,-0.28055,1.51915,-0.04789,
1787040807500008192,38.57066,56.84289,0.29199,0.86557,-0.48999,0.08123,-0.06401,-0.19313,1.60898,0.18039,
1787040807566672128,38.56408,56.95824,0.31017,0.86027,-0.49713,0.09315,-0.06418,-0.16419,1.51534,0.24166,
1787040807633337856,38.56373,57.05139,0.32754,0.85728,-0.50064,0.09671,-0.07131,-0.08851,1.45613,0.24671,
1787040807700005888,38.55424,57.14912,0.33768,0.85609,-0.49938,0.10741,-0.07863,-0.07987,1.38616,0.09397,
1787040807766673920,38.46211,57.50922,0.35255,0.85525,-0.49844,0.11637,-0.08094,-0.19206,1.73503,-0.03237,
1787040807833338880,38.48829,57.51561,0.33633,0.85623,-0.49749,0.11700,-0.07540,-0.16285,1.66114,-0.19386,
1787040807900006144,38.49471,57.58310,0.32614,0.85930,-0.49333,0.11589,-0.06921,-0.13154,1.63407,-0.24843,
1787040807966672896,38.48693,57.69451,0.31337,0.86268,-0.48927,0.11152,-0.06297,-0.11057,1.69237,-0.11942,
1787040808033339136,38.49477,57.78553,0.30737,0.86610,-0.48539,0.10394,-0.05891,-0.10365,1.64531,0.05921,
1787040808100006144,38.49596,57.87591,0.31963,0.87047,-0.47971,0.09721,-0.05209,-0.12217,1.61190,0.24442,
1787040808166671872,38.50308,57.97567,0.33380,0.87054,-0.48012,0.09719,-0.04700,-0.13367,1.68476,0.29385,
1787040808233339136,38.49997,58.06972,0.34853,0.86114,-0.49656,0.09975,-0.04379,-0.19090,1.62622,0.17697,
1787040808300005888,38.51715,58.14433,0.34582,0.85977,-0.49842,0.10011,-0.04848,-0.16620,1.56348,-0.04252,
1787040808366672896,38.54098,58.19112,0.35898,0.85962,-0.49674,0.10264,-0.06142,-0.14083,1.52697,-0.15279,
1787040808433339136,38.54645,58.26651,0.32441,0.86401,-0.48591,0.10711,-0.07682,-0.16035,1.49488,-0.26073,
1787040808500005888,38.55231,58.36917,0.30650,0.86774,-0.47571,0.11052,-0.09222,-0.16661,1.55216,-0.14469,
1787040808566673152,38.54066,58.52304,0.30235,0.87224,-0.46328,0.11709,-0.10419,-0.18075,1.60515,0.06381,
1787040808633338880,38.53881,58.63267,0.30919,0.87024,-0.46205,0.12214,-0.11947,-0.12720,1.57741,0.17166,
1787040808700005888,38.53620,58.73489,0.32302,0.87199,-0.45397,0.12393,-0.13482,-0.08795,1.54461,0.26369,
1787040808766673152,38.53986,58.83601,0.33950,0.86549,-0.46190,0.12781,-0.14575,-0.01868,1.50403,0.20856,
1787040808833338880,38.54632,58.93278,0.34688,0.86318,-0.46338,0.13280,-0.15021,0.00862,1.47920,-0.00031,
1787040808900006912,38.55069,59.04507,0.34244,0.86212,-0.46368,0.14133,-0.14759,0.01852,1.51619,-0.16782,
1787040808966672896,38.54899,59.14965,0.32677,0.86469,-0.45983,0.14178,-0.14409,-0.01818,1.53802,-0.27774,
1787040809033339136,38.55436,59.25889,0.31053,0.87121,-0.44940,0.13691,-0.14243,0.02242,1.59111,-0.21040,
1787040809100004864,38.55587,59.36827,0.29848,0.87046,-0.45180,0.13555,-0.14072,0.02220,1.65593,-0.09831,
1787040809166672896,38.56093,59.49007,0.29825,0.87021,-0.45626,0.12815,-0.13470,0.00563,1.70716,0.06606,
1787040809233339136,38.56320,59.59832,0.30595,0.86733,-0.46611,0.12682,-0.11995,0.00622,1.71525,0.19780,
1787040809300005888,38.57790,59.69951,0.31952,0.85744,-0.48615,0.13367,-0.10290,-0.02273,1.72999,0.19914,
1787040809366672896,38.59090,59.80236,0.32703,0.84689,-0.50593,0.13704,-0.08965,-0.06628,1.67150,0.01057,
1787040809433339136,38.60093,59.90571,0.32382,0.84555,-0.51102,0.13299,-0.07885,-0.08863,1.67338,-0.16382,
1787040809500005888,38.60438,60.02514,0.30923,0.84414,-0.51597,0.12692,-0.07136,-0.07532,1.71557,-0.30588,
1787040809566673152,38.60846,60.13562,0.29016,0.84507,-0.51573,0.12560,-0.06407,-0.08054,1.73812,-0.26209,
1787040809633337856,38.61077,60.25676,0.27706,0.84075,-0.52276,0.12856,-0.05767,-0.06799,1.74686,-0.11393,
1787040809700005888,38.60924,60.36521,0.27781,0.84051,-0.52124,0.13685,-0.05586,-0.04895,1.73102,0.13652,
1787040809766673152,38.61168,60.48283,0.28982,0.83578,-0.52800,0.13893,-0.05811,-0.01550,1.66206,0.23030,
1787040809833339904,38.61592,60.58896,0.30583,0.82947,-0.53856,0.13556,-0.05961,0.10968,1.61750,0.21995,
1787040809900006912,38.62994,60.70863,0.31508,0.82268,-0.54586,0.14728,-0.05948,0.14608,1.54582,0.04496,
1787040809966672896,38.64352,60.81081,0.31273,0.82132,-0.54550,0.15548,-0.06081,0.13325,1.56522,-0.13923,
1787040810033338112,38.65275,60.91356,0.29915,0.82063,-0.54507,0.16028,-0.06139,0.12760,1.59836,-0.26091,
1787040810100007168,38.66414,61.03091,0.28090,0.82603,-0.53719,0.15947,-0.06062,0.12838,1.61696,-0.25853,
1787040810166671872,38.67244,61.14189,0.26682,0.83074,-0.53117,0.15634,-0.05736,0.13597,1.69888,-0.14363,
1787040810233339136,38.68366,61.26553,0.26353,0.83422,-0.52858,0.14770,-0.05355,0.10784,1.70441,0.05512,
1787040810300007168,38.68976,61.37619,0.27351,0.83529,-0.52988,0.13825,-0.04911,0.06550,1.67032,0.21942,
1787040810366672896,38.70306,61.48120,0.28861,0.83057,-0.53775,0.13720,-0.04631,0.05076,1.67645,0.25535,
1787040810433339136,38.70718,61.58258,0.30177,0.82542,-0.54595,0.13583,-0.04654,-0.01418,1.59639,0.11233,
1787040810500005888,38.71548,61.68959,0.30232,0.82844,-0.54247,0.13070,-0.04830,-0.02849,1.61828,-0.07916,
1787040810566672128,38.71149,61.80167,0.29158,0.82938,-0.54253,0.12311,-0.05125,-0.02854,1.67949,-0.24629,
1787040810633338880,38.70953,61.91679,0.27232,0.83243,-0.53842,0.11984,-0.05299,-0.02874,1.67504,-0.26780,
1787040810700005120,38.71607,62.04120,0.25606,0.83392,-0.53523,0.12280,-0.05502,0.01265,1.73164,-0.16076,
1787040810766673152,38.71857,62.15205,0.25101,0.83361,-0.53306,0.13209,-0.05909,0.02931,1.79859,0.06896,
1787040810833338880,38.71863,62.27147,0.26069,0.82191,-0.54963,0.13558,-0.06318,0.03601,1.73688,0.20588,
1787040810900006144,38.72671,62.40092,0.27384,0.81550,-0.56147,0.12602,-0.06191,0.12856,1.67825,0.23314,
1787040810966671872,38.74506,62.49235,0.28556,0.80926,-0.57026,0.12763,-0.06010,0.19727,1.56057,0.07480,
1787040811033339904,38.75822,62.63041,0.28344,0.80911,-0.56906,0.13557,-0.05599,0.23273,1.58889,-0.13440,
1787040811100007936,38.77518,62.73302,0.26977,0.80598,-0.57110,0.14589,-0.05433,0.23631,1.61246,-0.25954,
1787040811166678784,38.79165,62.84106,0.25364,0.81017,-0.56395,0.14980,-0.05602,0.24260,1.60584,-0.26594,
1787040811233338112,38.80842,62.95367,0.23981,0.80986,-0.56357,0.15215,-0.05800,0.25350,1.66983,-0.15726,
1787040811300005888,38.81994,63.07551,0.23694,0.81349,-0.55942,0.14751,-0.05932,0.22410,1.66046,0.06405,
1787040811366672896,38.83754,63.18008,0.24917,0.81461,-0.55894,0.14421,-0.05660,0.21101,1.61650,0.20078,
1787040811433337856,38.84419,63.28985,0.26182,0.80782,-0.56655,0.15365,-0.05324,0.14837,1.64298,0.23864,
1787040811500005888,38.86040,63.37669,0.28021,0.80275,-0.57283,0.15630,-0.05504,0.08948,1.51148,0.14030,
1787040811566673152,38.86788,63.46678,0.28862,0.80734,-0.56564,0.15669,-0.06083,0.06764,1.52431,-0.05289,
1787040811633338880,38.87240,63.56806,0.27828,0.80684,-0.56669,0.15431,-0.06377,0.08161,1.59444,-0.22577,
1787040811700005888,38.88096,63.67234,0.26239,0.80833,-0.56386,0.15506,-0.06801,0.07790,1.58342,-0.26147,
1787040811766673920,38.89226,63.77162,0.25244,0.81049,-0.55834,0.15967,-0.07658,0.09647,1.57161,-0.10422,
1787040811833338112,38.89848,63.91827,0.25634,0.81790,-0.54308,0.16802,-0.08878,0.13378,1.58473,0.08967,
1787040811900006144,38.91405,63.99984,0.27009,0.81528,-0.54040,0.18123,-0.10217,0.16919,1.50101,0.20400,
1787040811966671872,38.93004,64.14393,0.27327,0.81694,-0.53531,0.18116,-0.11504,0.28478,1.60209,0.20077,
1787040812033338112,38.95646,64.21987,0.28392,0.80253,-0.55090,0.19516,-0.11987,0.33547,1.49921,0.10893,
1787040812100006144,38.97671,64.33909,0.28601,0.79750,-0.55240,0.20672,-0.12693,0.34370,1.46551,-0.06126,
1787040812166671872,38.99227,64.49308,0.27505,0.79268,-0.55241,0.22060,-0.13353,0.33844,1.54736,-0.20656,
1787040812233339136,39.01567,64.57997,0.26000,0.79162,-0.54943,0.22780,-0.13993,0.36286,1.52914,-0.26476,
1787040812300007168,39.03665,64.71706,0.24566,0.79173,-0.54528,0.23361,-0.14582,0.40752,1.61414,-0.19741,
1787040812366672128,39.06498,64.82644,0.23910,0.79023,-0.54349,0.23893,-0.15188,0.43298,1.59330,0.01852,
1787040812433340160,39.09555,64.91558,0.24775,0.78528,-0.54499,0.24792,-0.15767,0.43878,1.52036,0.17212,
1787040812500006912,39.12468,65.00167,0.26122,0.77718,-0.54440,0.26679,-0.16866,0.37219,1.38162,0.27414,
1787040812566673152,39.14893,65.09082,0.28532,0.77871,-0.53072,0.27387,-0.19219,0.33844,1.21073,0.26564,
1787040812633338880,39.17633,65.15306,0.30376,0.78460,-0.50270,0.28581,-0.22363,0.38899,1.19786,0.08501,
1787040812700007936,39.20625,65.21912,0.30921,0.78642,-0.47940,0.29771,-0.25116,0.42381,1.20021,-0.04253,
1787040812766673920,39.23830,65.26938,0.30858,0.78588,-0.45880,0.30601,-0.27974,0.45536,1.15123,-0.14967,
1787040812833338112,39.27088,65.34985,0.30194,0.78643,-0.43112,0.31678,-0.30872,0.48730,1.11235,-0.11984,
1787040812900007936,39.30721,65.40817,0.29812,0.78133,-0.40520,0.33048,-0.34075,0.51147,1.05694,0.01771,
1787040812966674176,39.34730,65.45286,0.30487,0.77262,-0.38105,0.34592,-0.37174,0.64150,0.98722,0.19242,
1787040813033338112,39.39235,65.52018,0.31859,0.76287,-0.36060,0.35693,-0.40076,0.69440,0.93819,0.25568,
1787040813100006144,39.44311,65.58795,0.33539,0.74846,-0.35263,0.36461,-0.42722,0.80147,0.89092,0.21480,
1787040813166671872,39.49746,65.65303,0.34480,0.73368,-0.34788,0.37118,-0.45046,0.81866,0.79161,0.06496,
1787040813233339136,39.55525,65.71705,0.34129,0.72213,-0.33477,0.37646,-0.47407,0.88484,0.71870,-0.07974,
1787040813300007168,39.61816,65.77444,0.33551,0.71434,-0.31599,0.37980,-0.49561,0.97030,0.69255,-0.13874,
1787040813366672896,39.68920,65.82858,0.33058,0.70951,-0.30078,0.37775,-0.51325,1.10630,0.67474,-0.06149,
1787040813433337856,39.76621,65.88382,0.33208,0.70133,-0.29345,0.37538,-0.53020,1.18403,0.63509,0.05764,
1787040813500006912,39.84731,65.93535,0.34269,0.69166,-0.28739,0.37596,-0.54559,1.20578,0.58633,0.18814,
1787040813566673152,39.92849,65.98180,0.35841,0.68069,-0.27985,0.38160,-0.55922,1.22630,0.58731,0.28240,
1787040813633337856,40.01531,65.99602,0.39396,0.67233,-0.28057,0.38574,-0.56609,1.24683,0.56477,0.27292,
1787040813700006912,40.10677,66.04204,0.40472,0.66654,-0.27991,0.38552,-0.57337,1.29902,0.56029,0.10879,
1787040813766671872,40.19627,66.07470,0.40721,0.66138,-0.27767,0.38278,-0.58220,1.38640,0.52628,-0.03791,
1787040813833338880,40.29092,66.10616,0.39886,0.65586,-0.27423,0.38220,-0.59039,1.47118,0.48390,-0.16153,
1787040813900005120,40.39222,66.13701,0.38741,0.65127,-0.27018,0.38475,-0.59567,1.57109,0.46401,-0.16846,
1787040813966671872,40.50380,66.17462,0.38064,0.64774,-0.26407,0.38854,-0.59978,1.62070,0.44297,0.03576,
1787040814033339136,40.61345,66.19993,0.39234,0.64279,-0.25120,0.39682,-0.60519,1.68467,0.38993,0.30011,
1787040814100007936,40.73490,66.23207,0.40727,0.62796,-0.25118,0.41194,-0.61064,1.74841,0.33357,0.32019,
1787040814166672896,40.85262,66.25069,0.42002,0.61033,-0.26280,0.43209,-0.60970,1.77290,0.23468,0.30489,
1787040814233338112,40.96967,66.26494,0.42636,0.59388,-0.27546,0.44981,-0.60754,1.71298,0.16838,0.11516,
1787040814300007168,41.08603,66.27582,0.41844,0.58183,-0.27734,0.46314,-0.60832,1.70480,0.11463,-0.12195,
1787040814366672128,41.20218,66.28465,0.40009,0.57521,-0.27191,0.47178,-0.61043,1.71890,0.09941,-0.26486,
1787040814433339136,41.31178,66.28488,0.37739,0.57438,-0.26330,0.47024,-0.61615,1.75757,0.07403,-0.27729,
1787040814500008960,41.44921,66.32332,0.36532,0.57600,-0.26174,0.46521,-0.61911,1.89960,0.12748,-0.06191,
1787040814566673152,41.55624,66.29541,0.36165,0.57872,-0.26963,0.45816,-0.61844,1.87954,0.12726,0.10557,
1787040814633338880,41.68159,66.30374,0.36873,0.58365,-0.28546,0.44791,-0.61420,1.80656,0.19101,0.23695,
1787040814700005888,41.80351,66.30987,0.38918,0.58562,-0.29115,0.44686,-0.61041,1.85439,0.16962,0.30228,
1787040814766673152,41.93118,66.31826,0.40236,0.58164,-0.29958,0.45762,-0.60210,1.83355,0.23050,0.16209,
1787040814833338112,42.05292,66.33486,0.40543,0.57892,-0.30683,0.46133,-0.59823,1.83814,0.26174,-0.06891,
1787040814900007936,42.17895,66.34009,0.38891,0.57852,-0.31349,0.45910,-0.59689,1.85495,0.23791,-0.25864,
1787040814966671872,42.30075,66.35261,0.37284,0.58160,-0.31140,0.45183,-0.60051,1.83775,0.23005,-0.30818,
1787040815033339136,42.41527,66.34394,0.36125,0.58343,-0.29952,0.44964,-0.60640,1.85583,0.19607,-0.10363,
1787040815100006144,42.53520,66.35586,0.36492,0.58504,-0.28140,0.44592,-0.61620,1.80128,0.19723,0.18542,
1787040815166672896,42.65190,66.34984,0.38753,0.58601,-0.26788,0.44023,-0.62533,1.74790,0.15578,0.29106,
1787040815233338112,42.78099,66.34547,0.40889,0.58839,-0.26726,0.43414,-0.62761,1.81657,0.05716,0.35286,
1787040815300005888,42.92861,66.35474,0.41014,0.58921,-0.26768,0.43882,-0.62338,1.78837,0.03502,0.17536,
1787040815366672896,43.02063,66.33987,0.43445,0.59364,-0.26283,0.43673,-0.62272,1.77779,0.00274,-0.04977,
1787040815433339136,43.13898,66.34010,0.42473,0.59698,-0.25647,0.43611,-0.62262,1.82449,0.01762,-0.23196,
1787040815500006912,43.25879,66.34219,0.40750,0.60257,-0.25077,0.42936,-0.62423,1.83333,0.03240,-0.27149,
1787040815566672128,43.38214,66.33819,0.39355,0.61392,-0.24342,0.41065,-0.62866,1.91814,0.02897,-0.07826,
1787040815633338880,43.51350,66.34801,0.39150,0.62335,-0.25117,0.39745,-0.62481,1.98453,0.06976,0.14108,
1787040815700006912,43.67133,66.39132,0.41870,0.63354,-0.26137,0.38937,-0.61539,1.95177,0.13895,0.28844,
1787040815766671872,43.77036,66.39142,0.43787,0.63682,-0.26608,0.38819,-0.61071,1.92435,0.21524,0.35392,
1787040815833338112,43.90278,66.40619,0.45694,0.64059,-0.27396,0.39007,-0.60203,1.89378,0.25987,0.19830,
1787040815900006144,44.02795,66.42388,0.46345,0.64307,-0.27755,0.39083,-0.59722,1.87651,0.30297,-0.04347,
1787040815966672896,44.15407,66.44089,0.45132,0.64281,-0.27884,0.38756,-0.59903,1.91843,0.32060,-0.24006,
1787040816033339136,44.27962,66.46548,0.43188,0.64352,-0.28085,0.38468,-0.59918,1.94456,0.36065,-0.29679,
1787040816100006144,44.40884,66.49189,0.41791,0.65030,-0.27717,0.38052,-0.59624,1.99660,0.37339,-0.09932,
1787040816166671872,44.54133,66.51615,0.41611,0.65324,-0.27069,0.38330,-0.59422,2.02159,0.35872,0.12533,
1787040816233339136,44.68844,66.54297,0.42741,0.64924,-0.26911,0.38934,-0.59538,1.98473,0.32956,0.27072,
1787040816300005888,44.82115,66.56486,0.44751,0.64393,-0.27269,0.38795,-0.60040,2.00162,0.24053,0.35428,
1787040816366672128,44.95070,66.57948,0.46540,0.63354,-0.28183,0.40065,-0.59890,1.97773,0.16447,0.20516,
1787040816433339136,45.06732,66.58951,0.46618,0.62876,-0.28212,0.40935,-0.59791,1.92656,0.12870,-0.06634,
1787040816500008192,45.16911,66.59493,0.45580,0.62899,-0.27402,0.41370,-0.59845,1.93562,0.12021,-0.26674,
1787040816566673152,45.30157,66.60418,0.43416,0.63241,-0.26724,0.41256,-0.59870,1.97461,0.12686,-0.34784,
1787040816633338880,45.43969,66.62069,0.41750,0.63857,-0.26072,0.40463,-0.60044,2.09417,0.13310,-0.15783,
1787040816700005888,45.58270,66.63263,0.40992,0.64331,-0.26589,0.40035,-0.59597,2.11903,0.15441,0.04280,
1787040816766671872,45.70399,66.64938,0.41892,0.65052,-0.27859,0.39742,-0.58418,2.05140,0.23932,0.20478,
1787040816833338880,45.84515,66.66933,0.43557,0.65603,-0.29080,0.40141,-0.56915,2.04717,0.33376,0.33904,
1787040816900006912,45.93725,66.68726,0.45696,0.65753,-0.30933,0.40426,-0.55547,1.91216,0.39956,0.21613,
1787040816966672896,46.11185,66.73718,0.46332,0.66327,-0.31860,0.39267,-0.55170,1.91257,0.45347,-0.05398,
1787040817033339136,46.21367,66.76521,0.45437,0.67197,-0.32750,0.36958,-0.55191,1.96757,0.46687,-0.26217,
1787040817100007168,46.34230,66.79445,0.43594,0.67749,-0.33807,0.35735,-0.54682,1.99773,0.44604,-0.31440,
1787040817166673920,46.49019,66.82846,0.42037,0.68524,-0.33748,0.34891,-0.54297,2.10638,0.44487,-0.14369,
1787040817233339136,46.64268,66.86145,0.41885,0.68405,-0.33806,0.35661,-0.53910,2.14061,0.40144,0.14832,
1787040817300007168,46.78462,66.88504,0.43094,0.67571,-0.33989,0.37146,-0.53842,2.11377,0.34969,0.22868,
1787040817366672896,46.91978,66.90673,0.44730,0.66685,-0.35138,0.38081,-0.53556,2.06811,0.26941,0.30966,
1787040817433340160,47.05548,66.92662,0.46208,0.65928,-0.35564,0.39748,-0.52998,1.98954,0.21450,0.15556,
1787040817500005888,47.15225,66.93196,0.46832,0.65736,-0.35225,0.40539,-0.52864,1.93990,0.18104,-0.09403,
1787040817566673152,47.27308,66.94547,0.45863,0.65801,-0.34002,0.41245,-0.53038,1.92929,0.18351,-0.26803,
1787040817633338880,47.40818,66.96073,0.43833,0.66271,-0.32648,0.41093,-0.53419,1.94974,0.21179,-0.30769,
1787040817700005888,47.53823,66.98363,0.42971,0.67226,-0.31437,0.39980,-0.53795,2.05192,0.24326,-0.11268,
1787040817766671872,47.68817,67.01361,0.42693,0.67900,-0.31461,0.39171,-0.53530,2.08588,0.30412,0.09248,
1787040817833338112,47.81624,67.03764,0.43558,0.68578,-0.31822,0.38481,-0.52949,1.96102,0.35319,0.23000,
1787040817900006144,47.95714,67.06498,0.45331,0.68930,-0.32030,0.38157,-0.52600,2.05960,0.41901,0.28784,
1787040817966671872,48.06697,67.08913,0.46839,0.68461,-0.33311,0.38937,-0.51840,1.97512,0.48022,0.16882,
1787040818033339136,48.19832,67.12247,0.47270,0.68221,-0.34077,0.38789,-0.51770,1.95626,0.50283,-0.05824,
1787040818100007168,48.33711,67.16235,0.45865,0.68044,-0.34486,0.38155,-0.52201,2.01467,0.49839,-0.26563,
1787040818166672896,48.47298,67.19399,0.43679,0.67666,-0.34178,0.38559,-0.52596,2.04575,0.49860,-0.30337,
1787040818233339904,48.60523,67.22673,0.41892,0.67381,-0.33674,0.38867,-0.53059,2.10052,0.51315,-0.13420,
1787040818300005888,48.74226,67.26021,0.41469,0.66857,-0.33057,0.39994,-0.53271,2.12480,0.49065,0.11303,
1787040818366672896,48.89479,67.30049,0.42211,0.65502,-0.33549,0.41651,-0.53377,2.05756,0.42577,0.22999,
1787040818433339136,49.00944,67.32432,0.43904,0.64747,-0.33601,0.42481,-0.53611,1.98467,0.34699,0.27621,
1787040818500006912,49.15523,67.35784,0.45049,0.64105,-0.33228,0.43029,-0.54175,1.93508,0.32965,0.09880,
1787040818566673152,49.28086,67.38210,0.44949,0.63964,-0.31913,0.43110,-0.55062,1.91168,0.32527,-0.13077,
1787040818633339904,49.37869,67.38840,0.43521,0.64122,-0.30162,0.42682,-0.56186,1.90996,0.33320,-0.28577,
1787040818700005888,49.48168,67.40856,0.41974,0.64449,-0.28842,0.41696,-0.57235,1.93251,0.34480,-0.27174,
1787040818766673152,49.63599,67.44083,0.41721,0.64760,-0.27837,0.40859,-0.57981,2.06774,0.37006,-0.08400,
1787040818833338112,49.76554,67.46615,0.40189,0.64826,-0.28014,0.40453,-0.58107,2.03450,0.43310,0.07565,
1787040818900006912,49.89545,67.49823,0.41460,0.65082,-0.28702,0.39287,-0.58284,1.94639,0.48480,0.22670,
1787040818966671872,50.02513,67.52946,0.43396,0.65292,-0.28977,0.39276,-0.57919,1.97786,0.52189,0.28711,
1787040819033339136,50.15573,67.57010,0.45068,0.65247,-0.30254,0.39555,-0.57122,1.88167,0.60311,0.14366,
1787040819100006144,50.27806,67.61348,0.45575,0.65830,-0.30432,0.38087,-0.57356,1.85185,0.64100,-0.07227,
1787040819166673920,50.39704,67.65768,0.44675,0.66427,-0.30709,0.36623,-0.57474,1.93022,0.63352,-0.26529,
1787040819233339136,50.53141,67.70406,0.42731,0.66748,-0.30612,0.36217,-0.57411,1.96121,0.63255,-0.30356,
1787040819300004864,50.65297,67.74294,0.41131,0.67197,-0.30222,0.36047,-0.57199,2.02223,0.64071,-0.13088,
1787040819366672896,50.78820,67.78383,0.40995,0.67294,-0.29784,0.36641,-0.56937,2.02975,0.60659,0.12043,
1787040819433339136,50.92333,67.82511,0.42142,0.66884,-0.30312,0.37597,-0.56517,2.01918,0.59004,0.23603,
1787040819500005888,51.05643,67.86405,0.43598,0.66526,-0.32237,0.37985,-0.55608,2.04232,0.52030,0.27745,
1787040819566673152,51.19433,67.89967,0.44908,0.66100,-0.33902,0.39302,-0.54192,1.96917,0.44393,0.09721,
1787040819633337856,51.30796,67.92977,0.44637,0.66857,-0.33380,0.39633,-0.53340,1.89943,0.42486,-0.11998,
1787040819700009216,51.44027,67.97128,0.43111,0.67774,-0.32516,0.39602,-0.52737,1.94297,0.47477,-0.28492,
1787040819766671872,51.57080,68.00306,0.40890,0.68536,-0.32045,0.39118,-0.52399,1.96618,0.48708,-0.32120,
1787040819833338880,51.69690,68.04175,0.39123,0.69399,-0.31781,0.38188,-0.52110,2.04807,0.52434,-0.14330,
1787040819900006144,51.82966,68.07569,0.38721,0.70131,-0.32235,0.37263,-0.51518,2.00496,0.54032,0.06087,
1787040819966671872,51.97081,68.12509,0.39576,0.70997,-0.32431,0.36206,-0.50959,1.96479,0.58177,0.20789,
1787040820033339136,52.06602,68.15208,0.41410,0.71408,-0.32579,0.36362,-0.50173,1.91705,0.67436,0.30643,
1787040820100007168,52.16752,68.18848,0.43780,0.71303,-0.33894,0.36417,-0.49405,1.77688,0.73500,0.17772,
1787040820166673920,52.27776,68.23581,0.44274,0.71706,-0.34249,0.35084,-0.49541,1.72089,0.75907,-0.05031,
1787040820233339904,52.35975,68.26858,0.43554,0.71903,-0.34449,0.33541,-0.50182,1.74047,0.74076,-0.24120,
1787040820300007168,52.47646,68.31724,0.41904,0.71828,-0.34055,0.32621,-0.51156,1.76471,0.72884,-0.30811,
1787040820366672896,52.59941,68.36706,0.40659,0.71662,-0.33193,0.32395,-0.52090,1.84292,0.74331,-0.13375,
1787040820433339136,52.67971,68.39133,0.40548,0.71428,-0.32107,0.32871,-0.52789,1.76884,0.68353,0.10574,
1787040820500005888,52.79405,68.43581,0.41721,0.70577,-0.31561,0.34039,-0.53518,1.69999,0.64540,0.20379,
1787040820566673152,52.91626,68.48849,0.43558,0.70341,-0.31051,0.33684,-0.54346,1.69820,0.65136,0.29235,
1787040820633338880,53.02141,68.53109,0.45285,0.69925,-0.31337,0.33655,-0.54734,1.64924,0.62218,0.18447,
1787040820700006912,53.13452,68.57526,0.45707,0.69775,-0.31214,0.33487,-0.55098,1.63433,0.64401,-0.03995,
1787040820766671872,53.24148,68.61868,0.44841,0.70375,-0.30435,0.32574,-0.55317,1.63304,0.65667,-0.21991,
1787040820833338880,53.34060,68.66231,0.43045,0.71268,-0.29753,0.31846,-0.54968,1.72151,0.68409,-0.30484,
1787040820900006912,53.45571,68.71198,0.41309,0.72047,-0.29457,0.31318,-0.54412,1.76994,0.71085,-0.18792,
1787040820966672896,53.57499,68.76066,0.40451,0.72542,-0.29937,0.31145,-0.53586,1.80865,0.76762,-0.01586,
1787040821033339136,53.67099,68.80250,0.40376,0.73043,-0.30997,0.30744,-0.52524,1.76401,0.81620,0.11532,
1787040821100006144,53.79546,68.86834,0.41280,0.73613,-0.32305,0.30688,-0.50949,1.75878,0.93729,0.24695,
1787040821166671872,53.90253,68.93025,0.42353,0.73905,-0.35465,0.31174,-0.48046,1.73301,1.01840,0.15763,
1787040821233338112,54.02519,69.00729,0.42349,0.74298,-0.38499,0.31513,-0.44773,1.66097,1.03991,-0.08832,
1787040821300007168,54.12287,69.07175,0.41087,0.75165,-0.40074,0.30948,-0.42266,1.61809,1.05202,-0.27293,
1787040821366672896,54.22072,69.13523,0.39096,0.75605,-0.41333,0.30727,-0.40390,1.57818,1.07107,-0.36489,
1787040821433339136,54.32601,69.20548,0.37082,0.76034,-0.41931,0.30472,-0.39141,1.57528,1.11588,-0.23837,
1787040821500006912,54.62502,69.46012,0.36983,0.76088,-0.42415,0.30604,-0.38405,1.84589,1.35937,0.02620,
1787040821566672128,54.66065,69.46880,0.38757,0.75947,-0.42620,0.31267,-0.37919,1.69950,1.21490,0.18663,
1787040821633338880,54.81525,69.59101,0.39424,0.75982,-0.43200,0.30999,-0.37412,1.71738,1.22693,0.26243,
1787040821700006912,54.89027,69.63361,0.41423,0.75864,-0.44231,0.31153,-0.36300,1.65531,1.09632,0.19406,
1787040821766673152,54.99436,69.70094,0.42214,0.76565,-0.44184,0.31322,-0.34706,1.61638,1.06484,-0.00324,
1787040821833338880,55.10184,69.77283,0.41644,0.77653,-0.43687,0.31195,-0.32991,1.62519,1.11030,-0.17086,
1787040821900006912,55.18511,69.81406,0.40405,0.79179,-0.42911,0.30240,-0.31222,1.57737,1.08493,-0.24854,
1787040821966675968,55.22879,69.80378,0.39705,0.81537,-0.41238,0.28000,-0.29446,1.52271,1.00108,-0.15837,
1787040822033339136,55.28992,69.81940,0.39647,0.83336,-0.40498,0.26292,-0.26902,1.45838,0.98149,-0.04210,
1787040822100006144,55.33602,69.83168,0.41263,0.84904,-0.40042,0.23937,-0.24798,1.32766,0.96717,0.16410,
1787040822166672896,55.53973,70.06931,0.40191,0.85953,-0.40096,0.21632,-0.23160,1.43962,1.27106,0.26234,
1787040822233340928,55.66810,70.20523,0.41848,0.86319,-0.40783,0.20988,-0.21101,1.46180,1.43393,0.25916,
1787040822300004864,55.76683,70.31256,0.42888,0.85988,-0.42409,0.21006,-0.19141,1.36607,1.51337,0.04371,
1787040822366672128,55.84819,70.40789,0.42427,0.85964,-0.43569,0.19411,-0.18307,1.28218,1.54109,-0.13215,
1787040822433339136,55.92888,70.50559,0.40705,0.85996,-0.44389,0.17814,-0.17807,1.28840,1.53608,-0.28453,
1787040822500006912,56.01487,70.60948,0.38676,0.86545,-0.43808,0.16974,-0.17396,1.28279,1.55722,-0.24250,
1787040822566673920,56.09657,70.71279,0.37709,0.87132,-0.43106,0.16676,-0.16486,1.26637,1.59039,-0.07210,
1787040822633337856,56.17747,70.82077,0.38069,0.87543,-0.42555,0.16895,-0.15488,1.21007,1.60814,0.13893,
1787040822700006912,56.25470,70.92406,0.39270,0.87802,-0.42373,0.16819,-0.14575,1.12071,1.53960,0.23150,
1787040822766671872,56.32056,71.02456,0.41117,0.87951,-0.42790,0.15633,-0.13757,1.13470,1.57091,0.23333,
1787040822833338880,56.39584,71.12711,0.42131,0.87878,-0.43462,0.15475,-0.12204,1.14184,1.55763,0.05694,
1787040822900006144,56.44243,71.21110,0.42135,0.88015,-0.43738,0.15444,-0.10089,1.05456,1.58222,-0.14100,
1787040822966672896,56.48536,71.29617,0.40751,0.88384,-0.43671,0.14675,-0.08108,0.99439,1.62222,-0.27421,
1787040823033339136,56.52513,71.38174,0.38726,0.88303,-0.44335,0.13854,-0.06712,0.95660,1.65173,-0.28332,
1787040823100007936,56.58109,71.49662,0.37307,0.88222,-0.44893,0.13052,-0.05584,0.91631,1.72043,-0.15061,
1787040823166672896,56.62598,71.60296,0.36827,0.87979,-0.45851,0.11877,-0.04049,0.78307,1.73617,0.04695,
1787040823233339904,56.65507,71.69747,0.37540,0.87674,-0.46959,0.10170,-0.02145,0.63545,1.73854,0.19476,
1787040823300007936,56.66790,71.77928,0.38859,0.86805,-0.48809,0.09089,-0.00094,0.45194,1.76497,0.24540,
1787040823366672128,56.68657,71.90055,0.39676,0.85364,-0.51465,0.07760,0.02032,0.29932,1.74087,0.04157,
1787040823433339136,56.69552,72.00886,0.39000,0.84428,-0.53157,0.05874,0.03424,0.18468,1.73911,-0.17607,
1787040823500005888,56.69029,72.09833,0.36815,0.83181,-0.55219,0.03617,0.04328,0.10950,1.71716,-0.34650,
1787040823566673152,56.68934,72.21714,0.34298,0.82179,-0.56728,0.02162,0.04881,0.05510,1.73334,-0.33461,
1787040823633339904,56.68886,72.34644,0.32785,0.81413,-0.57811,0.01423,0.05279,0.01686,1.75524,-0.12983,
1787040823700006912,56.68576,72.47365,0.32746,0.81181,-0.58128,0.01372,0.05369,-0.03742,1.75628,0.07341,
1787040823766673152,56.67910,72.58909,0.33751,0.80362,-0.59230,0.00789,0.05758,-0.06836,1.72422,0.14406,
1787040823833342976,56.67137,72.69534,0.34890,0.78884,-0.61070,-0.00597,0.06880,-0.08115,1.71921,0.14434,
1787040823900006144,56.66583,72.80554,0.35823,0.77294,-0.62877,-0.01182,0.08414,-0.07426,1.64088,0.02121,
1787040823966672896,56.66070,72.90949,0.35697,0.76436,-0.63661,-0.01492,0.10127,-0.11492,1.64373,-0.14922,
1787040824033338112,56.65162,73.05213,0.35891,0.75833,-0.64093,-0.02231,0.11684,-0.13094,1.66641,-0.24288,
1787040824100006144,56.65077,73.13726,0.34220,0.76152,-0.63308,-0.02810,0.13604,-0.12029,1.63381,-0.23286,
1787040824166672896,56.64309,73.24971,0.32996,0.76533,-0.62117,-0.03521,0.16487,-0.16236,1.64708,-0.09805,
1787040824233339904,56.61110,73.40616,0.32502,0.76612,-0.60918,-0.04856,0.19899,-0.29204,1.65964,0.10978,
1787040824300005888,56.60700,73.46226,0.34146,0.76681,-0.59496,-0.06899,0.23080,-0.33949,1.55450,0.23064,
1787040824366672896,56.58261,73.57425,0.35367,0.75519,-0.60117,-0.07865,0.24920,-0.48472,1.64912,0.21438,
1787040824433339136,56.55156,73.68228,0.36085,0.73383,-0.62238,-0.09053,0.25679,-0.55932,1.58000,0.05321,
1787040824500008192,56.51571,73.79313,0.35591,0.72015,-0.63490,-0.10528,0.25924,-0.58311,1.52975,-0.13319,
1787040824566673152,56.48187,73.89191,0.34186,0.71283,-0.63903,-0.12452,0.26078,-0.57863,1.52488,-0.26496,
1787040824633337856,56.42604,74.02951,0.31682,0.71250,-0.63567,-0.13510,0.26461,-0.60465,1.58579,-0.30413,
1787040824700005120,56.39065,74.12860,0.30326,0.71316,-0.63201,-0.13906,0.26949,-0.65329,1.65327,-0.19507,
1787040824766671872,56.34735,74.24325,0.29948,0.70748,-0.63692,-0.13466,0.27506,-0.65913,1.65549,0.02509,
1787040824833338880,56.30422,74.35332,0.30659,0.70563,-0.63850,-0.12920,0.27877,-0.61018,1.57184,0.16648,
1787040824900007936,56.26242,74.45770,0.32290,0.70608,-0.63442,-0.12826,0.28724,-0.64663,1.57440,0.21221,
1787040824966672896,56.22918,74.55167,0.33698,0.69884,-0.63856,-0.12872,0.29547,-0.59564,1.50395,0.14755,
1787040825033339136,56.19677,74.64886,0.34611,0.69781,-0.63585,-0.12541,0.30501,-0.59863,1.48064,-0.02557,
1787040825100007168,56.15745,74.74511,0.33798,0.69898,-0.63042,-0.12471,0.31378,-0.65358,1.49939,-0.19443,
1787040825166671872,56.11332,74.85409,0.32417,0.70096,-0.62426,-0.12933,0.31974,-0.69774,1.53056,-0.27704,
1787040825233339136,56.06794,74.95954,0.30985,0.70243,-0.61864,-0.13438,0.32530,-0.75893,1.57125,-0.21585,
1787040825300004864,56.01970,75.06386,0.30207,0.69855,-0.61790,-0.14091,0.33222,-0.80727,1.51694,-0.01598,
1787040825366672896,55.96187,75.16114,0.30767,0.69863,-0.60915,-0.15607,0.34130,-0.93229,1.45134,0.17343,
1787040825433339136,55.90731,75.24989,0.32228,0.69369,-0.60589,-0.17218,0.34934,-0.99890,1.41513,0.23045,
1787040825500005888,55.84208,75.34400,0.33604,0.67712,-0.61427,-0.18422,0.36089,-1.05173,1.34405,0.13553,
1787040825566674944,55.77433,75.43329,0.34066,0.66493,-0.61433,-0.19353,0.37817,-1.00037,1.24131,-0.02081,
1787040825633339904,55.70929,75.51524,0.33708,0.66155,-0.60171,-0.19810,0.40132,-1.05454,1.23232,-0.15996,
1787040825700006912,55.64755,75.58779,0.32555,0.65580,-0.59480,-0.20768,0.41595,-1.05532,1.18446,-0.22592,
1787040825766671872,55.57623,75.66591,0.31130,0.65720,-0.58566,-0.20925,0.42579,-1.18447,1.22135,-0.18095,
1787040825833338880,55.48940,75.75201,0.30397,0.64872,-0.59053,-0.21623,0.42857,-1.27754,1.22547,0.00621,
1787040825900006144,55.39774,75.83861,0.31257,0.63784,-0.59367,-0.22675,0.43508,-1.29487,1.25541,0.19411,
1787040825966674944,55.31619,75.91826,0.32908,0.63194,-0.59181,-0.23288,0.44292,-1.20054,1.23852,0.26535,
1787040826033339136,55.24094,75.99937,0.34625,0.62153,-0.59658,-0.23549,0.44983,-1.12973,1.27603,0.19655,
1787040826100007168,55.17170,76.07894,0.35341,0.61772,-0.59682,-0.22982,0.45762,-1.13889,1.27243,-0.00544,
1787040826166672896,55.09384,76.16391,0.34522,0.60950,-0.60187,-0.22791,0.46295,-1.18172,1.26726,-0.18867,
1787040826233339136,55.02101,76.24290,0.33129,0.60479,-0.59550,-0.23003,0.47612,-1.15515,1.21687,-0.23898,
1787040826300005888,54.94497,76.32332,0.31807,0.60584,-0.57951,-0.23221,0.49316,-1.16037,1.22422,-0.16664,
1787040826366672896,54.86972,76.40234,0.30854,0.60091,-0.56811,-0.23963,0.50867,-1.15275,1.18279,-0.03392,
1787040826433339136,54.78630,76.48170,0.31374,0.59720,-0.54696,-0.25094,0.53030,-1.25796,1.12632,0.16292,
1787040826500005888,54.69777,76.55571,0.32905,0.58559,-0.53413,-0.26579,0.54877,-1.29885,1.05308,0.30311,
1787040826566672128,54.60914,76.62496,0.34885,0.56775,-0.53166,-0.27603,0.56464,-1.31317,0.96808,0.27036,
1787040826633338880,54.53317,76.68847,0.36423,0.55776,-0.52289,-0.28373,0.57877,-1.24853,0.89835,0.09189,
1787040826700006912,54.43010,76.75227,0.36156,0.55483,-0.50599,-0.29266,0.59202,-1.34579,0.90909,-0.12020,
1787040826766675968,54.36473,76.80458,0.34734,0.54651,-0.49920,-0.30422,0.59965,-1.34773,0.93143,-0.24191,
1787040826833338880,54.27725,76.87260,0.33119,0.54863,-0.48903,-0.30238,0.60698,-1.36613,0.93849,-0.18982,
1787040826900006144,54.19433,76.94634,0.33592,0.55214,-0.48235,-0.30059,0.61002,-1.41329,0.96723,-0.03300,
1787040826966672896,54.10366,77.01289,0.33947,0.56200,-0.48042,-0.29373,0.60586,-1.43772,0.96985,0.14601,
1787040827033339904,54.00871,77.07333,0.35052,0.56656,-0.48619,-0.29463,0.59651,-1.42106,0.91969,0.22060,
1787040827100007168,53.90673,77.14025,0.36288,0.55969,-0.49577,-0.30764,0.58849,-1.44196,0.96345,0.20104,
1787040827166671872,53.81252,77.20505,0.37131,0.55322,-0.51168,-0.30915,0.58014,-1.39812,0.96186,0.04182,
1787040827233339136,53.72817,77.26441,0.36626,0.55426,-0.51985,-0.30726,0.57284,-1.42713,0.92651,-0.14811,
1787040827300004864,53.62297,77.32935,0.34869,0.55473,-0.52415,-0.31030,0.56678,-1.49214,0.91937,-0.29145,
1787040827366672128,53.51440,77.38970,0.32627,0.55700,-0.52288,-0.31441,0.56347,-1.52203,0.90099,-0.27632,
1787040827433337856,53.41361,77.44802,0.31164,0.55617,-0.51918,-0.31819,0.56558,-1.59201,0.87141,-0.17393,
1787040827500005888,53.30390,77.50099,0.30874,0.55195,-0.50940,-0.33124,0.57109,-1.65305,0.74263,0.07113,
1787040827566673920,53.19509,77.54854,0.31944,0.54441,-0.50124,-0.34684,0.57626,-1.68445,0.64098,0.22640,
1787040827633337856,53.08161,77.58273,0.33038,0.52797,-0.50572,-0.36316,0.57760,-1.72529,0.46568,0.25468,
1787040827700005120,52.97336,77.60894,0.34185,0.51077,-0.50146,-0.38178,0.58472,-1.60328,0.36013,0.11087,
1787040827766673152,52.86175,77.63257,0.34277,0.50165,-0.48041,-0.39020,0.60439,-1.58629,0.31559,-0.05930,
1787040827833338112,52.74734,77.65366,0.33078,0.48658,-0.46155,-0.39903,0.62529,-1.63466,0.32839,-0.22676,
1787040827900006144,52.63492,77.67614,0.31605,0.47229,-0.44807,-0.40134,0.64428,-1.66190,0.30026,-0.22645,
1787040827966672896,52.50570,77.68439,0.30564,0.46016,-0.43386,-0.40146,0.66246,-1.76262,0.22015,-0.06517,
1787040828033339136,52.39605,77.69548,0.30826,0.45366,-0.42011,-0.40192,0.67540,-1.81505,0.19414,0.14983,
1787040828100006144,52.28170,77.70958,0.32118,0.44017,-0.42395,-0.40932,0.67748,-1.69636,0.24401,0.26159,
1787040828166672896,52.17855,77.72334,0.34160,0.43563,-0.41771,-0.40943,0.68419,-1.65474,0.23846,0.29578,
1787040828233338112,52.05414,77.73842,0.35699,0.42876,-0.41439,-0.40604,0.69252,-1.68493,0.21563,0.13862,
1787040828300005888,51.95467,77.74692,0.36006,0.41894,-0.41396,-0.40484,0.69945,-1.71720,0.14705,-0.07345,
1787040828366675968,51.83958,77.75511,0.34982,0.40897,-0.40945,-0.40666,0.70691,-1.74884,0.11786,-0.24473,
1787040828433337856,51.71959,77.76011,0.32954,0.40167,-0.40383,-0.40621,0.71454,-1.78443,0.10786,-0.28332,
1787040828500005888,51.60984,77.75673,0.31274,0.39321,-0.39973,-0.40652,0.72135,-1.82026,0.05471,-0.15831,
1787040828566672128,51.48831,77.75565,0.30874,0.38276,-0.39144,-0.40776,0.73075,-1.80442,-0.04687,0.07956,
1787040828633337856,51.38445,77.76025,0.30310,0.37302,-0.37839,-0.41368,0.73929,-1.69501,-0.09279,0.22164,
1787040828700006912,51.23458,77.74394,0.31714,0.36376,-0.37758,-0.41467,0.74375,-1.76423,-0.24483,0.26455,
1787040828766671872,51.15479,77.73939,0.30721,0.35301,-0.37630,-0.42195,0.74548,-1.58994,-0.27760,0.10230,
1787040828833338880,51.02281,77.70345,0.33268,0.35343,-0.36757,-0.42289,0.74910,-1.61135,-0.36097,-0.06671,
1787040828900006912,50.90985,77.67404,0.32033,0.35229,-0.35572,-0.42834,0.75225,-1.65823,-0.40539,-0.23916,
1787040828966672896,50.78876,77.64408,0.29711,0.35130,-0.34636,-0.42817,0.75716,-1.68892,-0.43969,-0.30748,
1787040829033339136,50.61721,77.61048,0.22201,0.35414,-0.34047,-0.42323,0.76127,-1.81156,-0.49638,-0.23432,
1787040829100006144,50.54624,77.55678,0.26952,0.35588,-0.34209,-0.42245,0.76018,-1.74671,-0.55570,0.05218,
1787040829166672896,50.45889,77.51985,0.28148,0.36152,-0.34671,-0.42367,0.75472,-1.66102,-0.52139,0.18431,
1787040829233339136,50.35268,77.48038,0.29437,0.37010,-0.34305,-0.42608,0.75087,-1.66613,-0.53860,0.21634,
1787040829300005888,50.24698,77.44373,0.30456,0.37316,-0.34995,-0.43468,0.74118,-1.63363,-0.48766,0.09499,
1787040829366672896,50.15514,77.40079,0.30803,0.38065,-0.35718,-0.42659,0.73862,-1.60492,-0.53148,-0.07659,
1787040829433340160,50.06700,77.35314,0.30058,0.38693,-0.36106,-0.42105,0.73664,-1.63318,-0.61421,-0.25121,
1787040829500008192,49.99103,77.30677,0.28206,0.38867,-0.36180,-0.41910,0.73647,-1.63647,-0.68056,-0.31936,
1787040829566673152,49.87431,77.25329,0.26302,0.38444,-0.35669,-0.42054,0.74036,-1.71033,-0.75709,-0.23858,
1787040829633337856,49.76525,77.19542,0.25252,0.37427,-0.35437,-0.42976,0.74138,-1.68013,-0.83979,-0.06285,
1787040829700006912,49.66289,77.13311,0.25376,0.36374,-0.34222,-0.44148,0.74543,-1.61791,-0.92870,0.07049,
1787040829766673152,49.56798,77.05040,0.26336,0.35147,-0.33991,-0.45122,0.74655,-1.57327,-1.04836,0.18784,
1787040829833338880,49.51793,76.99201,0.27911,0.33247,-0.34463,-0.47201,0.74020,-1.37283,-1.06919,0.17290,
1787040829900006144,49.45907,76.92994,0.28835,0.32123,-0.33960,-0.48308,0.74035,-1.24936,-1.05048,-0.01792,
1787040829966671872,49.39066,76.86358,0.28692,0.31309,-0.32717,-0.48930,0.74533,-1.24217,-1.06032,-0.18970,
1787040830033339904,49.31160,76.79290,0.27501,0.30756,-0.31794,-0.48802,0.75243,-1.21790,-1.04090,-0.27122,
1787040830100007936,49.24426,76.73402,0.26349,0.30751,-0.31147,-0.47343,0.76439,-1.20683,-1.08536,-0.18576,
1787040830166672896,49.15551,76.65310,0.25894,0.30770,-0.30803,-0.46238,0.77242,-1.20928,-1.17657,0.00362,
1787040830233339136,49.07589,76.57559,0.26492,0.31034,-0.30502,-0.45896,0.77460,-1.25413,-1.18758,0.17001,
1787040830300005888,48.99646,76.50408,0.27828,0.31287,-0.29968,-0.46373,0.77283,-1.23782,-1.07055,0.27434,
1787040830366672896,48.91070,76.43494,0.29610,0.30803,-0.30142,-0.46924,0.77076,-1.26653,-0.95401,0.21720,
1787040830433339136,48.81701,76.36513,0.30032,0.30061,-0.30563,-0.46164,0.77661,-1.26025,-0.93874,0.00908,
1787040830500005888,48.73533,76.30207,0.29621,0.29242,-0.30809,-0.45237,0.78418,-1.27581,-0.97746,-0.19140,
1787040830566672128,48.63592,76.22156,0.27938,0.28439,-0.30751,-0.44181,0.79333,-1.28618,-1.03166,-0.29924,
1787040830633337856,48.55018,76.15004,0.26252,0.27790,-0.29894,-0.42933,0.80565,-1.34242,-1.08960,-0.24368,
1787040830700005888,48.45479,76.06304,0.24612,0.26594,-0.29266,-0.42939,0.81194,-1.33691,-1.18981,-0.13572,
1787040830766673152,48.37069,75.97954,0.23994,0.25313,-0.27793,-0.43341,0.81905,-1.27112,-1.25472,0.07527,
1787040830833338880,48.29008,75.89367,0.25003,0.24119,-0.26214,-0.43867,0.82503,-1.22158,-1.31697,0.27019,
1787040830900006912,48.20513,75.79705,0.26314,0.22713,-0.25966,-0.45586,0.82048,-1.17982,-1.34429,0.23645,
1787040830966672896,48.13027,75.71016,0.26917,0.22066,-0.25843,-0.46937,0.81500,-1.09825,-1.29769,0.03073,
1787040831033339136,48.04956,75.61057,0.26030,0.22194,-0.25058,-0.47403,0.81440,-1.12067,-1.33849,-0.19488,
1787040831100006144,47.97460,75.52352,0.24326,0.22444,-0.24512,-0.47884,0.81256,-1.14810,-1.34404,-0.32240,
1787040831166672896,47.89649,75.43428,0.22310,0.22870,-0.24476,-0.47205,0.81545,-1.17085,-1.36810,-0.25965,
1787040831233339136,47.77336,75.27093,0.20870,0.23400,-0.25248,-0.47006,0.81273,-1.25948,-1.50655,-0.10445,
1787040831300007168,47.69785,75.17968,0.22100,0.24158,-0.26109,-0.47017,0.80772,-1.29590,-1.55470,0.10986,
1787040831366673920,47.62783,75.10275,0.23087,0.24809,-0.27016,-0.48773,0.79221,-1.27920,-1.40164,0.22104,
1787040831433340928,47.54394,75.01302,0.24565,0.25104,-0.27959,-0.50118,0.77950,-1.29759,-1.27810,0.19782,
1787040831500006912,47.45833,74.92645,0.25058,0.25607,-0.29349,-0.50255,0.77184,-1.25127,-1.20430,-0.00483,
1787040831566672128,47.37034,74.83435,0.24068,0.26260,-0.30123,-0.49643,0.77062,-1.27590,-1.25216,-0.22925,
1787040831633338880,47.29051,74.75241,0.22051,0.26567,-0.30711,-0.49334,0.76923,-1.28018,-1.29424,-0.34051,
1787040831700006912,47.19984,74.65664,0.19942,0.26658,-0.30394,-0.48786,0.77366,-1.30559,-1.33623,-0.28500,
1787040831766673152,47.11031,74.55289,0.18202,0.26205,-0.29968,-0.49230,0.77405,-1.31353,-1.42440,-0.17058,
1787040831833338880,47.02610,74.45779,0.18050,0.25688,-0.28547,-0.49518,0.77930,-1.23971,-1.48122,0.08318,
1787040831900006144,46.95031,74.36082,0.18772,0.24942,-0.27883,-0.50139,0.78016,-1.21000,-1.48693,0.22408,
1787040831966671872,46.87200,74.26065,0.19831,0.23659,-0.29001,-0.51518,0.77105,-1.07652,-1.50338,0.24255,
1787040832033339136,46.82995,74.23193,0.21216,0.23129,-0.28324,-0.51773,0.77346,-0.92383,-1.36513,0.08281,
1787040832100006144,46.74877,74.09317,0.20967,0.23276,-0.26890,-0.51132,0.78235,-0.95860,-1.46290,-0.13917,
1787040832166673920,46.69637,74.01861,0.19595,0.23327,-0.25934,-0.50681,0.78833,-0.99613,-1.44035,-0.30219,
1787040832233339136,46.61046,73.89802,0.16259,0.23665,-0.25493,-0.49470,0.79642,-1.03773,-1.49320,-0.28596,
1787040832300005888,46.53554,73.79240,0.14822,0.23754,-0.25942,-0.48794,0.79887,-1.07976,-1.55876,-0.14986,
1787040832366673920,46.46137,73.68638,0.14622,0.24214,-0.26552,-0.48555,0.79694,-1.11427,-1.57675,0.08541,
1787040832433340160,46.38861,73.58668,0.15491,0.24818,-0.27220,-0.49198,0.78884,-1.10710,-1.45609,0.17944,
1787040832500006912,46.31192,73.49244,0.16796,0.25133,-0.27896,-0.50181,0.77923,-1.16320,-1.37466,0.18516,
1787040832566673152,46.23931,73.41626,0.17557,0.25420,-0.29088,-0.50501,0.77184,-1.13677,-1.29096,0.02641,
1787040832633338880,46.16106,73.33231,0.16942,0.25783,-0.30109,-0.50203,0.76866,-1.12784,-1.26609,-0.17058,
1787040832700005888,46.08901,73.25273,0.15516,0.26301,-0.30226,-0.49141,0.77330,-1.13543,-1.30089,-0.32133,
1787040832766673152,46.00677,73.16243,0.13668,0.26691,-0.29967,-0.48356,0.77790,-1.18530,-1.32417,-0.27943,
1787040832833338880,45.92717,73.07710,0.12300,0.26772,-0.29736,-0.48278,0.77900,-1.22573,-1.35316,-0.14476,
1787040832900006144,45.84396,72.99508,0.12408,0.26541,-0.29020,-0.48137,0.78334,-1.19484,-1.40794,0.08914,
1787040832966672896,45.77948,72.96441,0.14633,0.25911,-0.28112,-0.48884,0.78413,-1.12389,-1.35613,0.24920,
1787040833033339136,45.69769,72.83692,0.14972,0.25771,-0.29036,-0.50123,0.77333,-1.01478,-1.39509,0.23927,
1787040833100006144,45.63640,72.77546,0.16190,0.25962,-0.28719,-0.50638,0.77052,-0.93002,-1.31165,0.07180,
1787040833166672896,45.57157,72.70735,0.16252,0.26491,-0.28373,-0.50056,0.77379,-0.94933,-1.29715,-0.11963,
1787040833233339136,45.51018,72.62827,0.15196,0.27671,-0.28218,-0.49152,0.77602,-0.96039,-1.27883,-0.25667,
1787040833300005888,45.43458,72.54268,0.13541,0.29245,-0.28431,-0.47519,0.77964,-0.98742,-1.33246,-0.23921,
1787040833366672128,45.36183,72.46505,0.12521,0.30429,-0.29130,-0.46343,0.77961,-1.00631,-1.33972,-0.09336,
1787040833433337856,45.28558,72.38207,0.12701,0.32047,-0.30048,-0.44864,0.77829,-1.05694,-1.29628,0.10607,
1787040833500005120,45.19810,72.28335,0.13588,0.33728,-0.31594,-0.43942,0.77029,-1.08117,-1.23766,0.20520,
1787040833566674944,45.11129,72.18437,0.14923,0.34176,-0.32355,-0.43713,0.76644,-1.15493,-1.27718,0.23878,
1787040833633339904,45.03427,72.10832,0.16002,0.33807,-0.33561,-0.44851,0.75625,-1.11394,-1.20283,0.08208,
1787040833700006912,44.96593,72.04069,0.16111,0.33738,-0.34323,-0.44324,0.75625,-1.08570,-1.13622,-0.12824,
1787040833766673152,44.87881,71.95439,0.14663,0.33985,-0.35041,-0.43199,0.75835,-1.15351,-1.16655,-0.29876,
1787040833833338880,44.80277,71.87930,0.12542,0.34198,-0.35461,-0.42337,0.76030,-1.18658,-1.19512,-0.30983,
1787040833900006144,44.71346,71.80553,0.10774,0.33842,-0.35399,-0.42105,0.76346,-1.28120,-1.26327,-0.20451,
1787040833966671872,44.63502,71.72920,0.10334,0.33126,-0.34802,-0.42721,0.76593,-1.21961,-1.26808,0.03823,
1787040834033339136,44.54447,71.65434,0.11266,0.32081,-0.34133,-0.43478,0.76912,-1.22679,-1.27549,0.20306,
1787040834100007936,44.44911,71.56527,0.12782,0.31096,-0.34864,-0.44523,0.76389,-1.23117,-1.33610,0.21805,
1787040834166672896,44.36972,71.49236,0.14123,0.30260,-0.35858,-0.46348,0.75169,-1.11801,-1.30801,0.10581,
1787040834233339904,44.29753,71.41993,0.14454,0.30239,-0.35546,-0.47040,0.74896,-1.06692,-1.30267,-0.06864,
1787040834300005888,44.20817,71.31357,0.13659,0.30506,-0.34442,-0.47746,0.74856,-1.11048,-1.33236,-0.23386,
1787040834366674944,44.13501,71.22866,0.11701,0.30647,-0.34375,-0.47767,0.74816,-1.11733,-1.28905,-0.28692,
1787040834433339136,44.05840,71.15162,0.10181,0.30929,-0.34883,-0.46890,0.75020,-1.13156,-1.28028,-0.14761,
1787040834500005888,43.98417,71.06977,0.09799,0.31503,-0.35717,-0.45774,0.75078,-1.13795,-1.27378,0.09028,
1787040834566672128,43.90706,70.99441,0.10786,0.32179,-0.36243,-0.45705,0.74579,-1.11555,-1.21899,0.21965,
1787040834633338880,43.80014,70.87905,0.11640,0.32673,-0.35853,-0.46714,0.73924,-1.26122,-1.18236,0.21058,
1787040834700005888,43.71787,70.80748,0.12721,0.32368,-0.37457,-0.47896,0.72493,-1.21498,-1.03274,0.10167,
1787040834766673152,43.65264,70.76942,0.12924,0.32448,-0.38414,-0.47423,0.72267,-1.15749,-0.95264,-0.06722,
1787040834833338880,43.55066,70.67721,0.11680,0.32849,-0.39231,-0.46410,0.72305,-1.17993,-0.98304,-0.18999,
1787040834900006912,43.47672,70.61829,0.10409,0.33897,-0.38576,-0.44516,0.73357,-1.14865,-0.98115,-0.20949,
1787040834966672896,43.40356,70.57048,0.09505,0.35357,-0.37185,-0.42365,0.74648,-1.21272,-0.98505,-0.13086,
1787040835033339136,43.33310,70.52449,0.09476,0.36732,-0.35834,-0.40944,0.75434,-1.21083,-0.97040,0.01721,
1787040835100006144,43.23544,70.44101,0.09578,0.37521,-0.34958,-0.39945,0.75990,-1.25121,-1.00689,0.15376,
1787040835166672896,43.15604,70.38628,0.10678,0.38109,-0.35711,-0.39629,0.75511,-1.24778,-1.02489,0.27074,
1787040835233338112,43.13238,70.36410,0.18756,0.38318,-0.37431,-0.40742,0.73964,-1.10181,-1.00959,0.31899,
1787040835300005888,42.99686,70.25104,0.13169,0.38806,-0.37837,-0.40448,0.73664,-1.13803,-0.98861,0.00614,
1787040835366672896,42.90631,70.17548,0.12038,0.38195,-0.38971,-0.40148,0.73556,-1.23393,-1.04360,-0.22726,
1787040835433337856,42.82711,70.10760,0.10178,0.37844,-0.39590,-0.39894,0.73545,-1.19597,-1.08520,-0.30398,
1787040835500005120,42.75202,70.05051,0.08500,0.37718,-0.39516,-0.39406,0.73913,-1.21616,-1.08552,-0.22328,
1787040835566672128,42.67191,69.97781,0.07746,0.36412,-0.39449,-0.38772,0.74931,-1.23341,-1.06782,-0.05177,
1787040835633337856,42.58275,69.90872,0.07871,0.33851,-0.38965,-0.37943,0.76787,-1.26086,-1.03051,0.11365,
1787040835700006912,42.48693,69.83622,0.08735,0.32077,-0.37447,-0.37261,0.78616,-1.27606,-0.95289,0.19000,
1787040835766671872,42.38416,69.76894,0.09765,0.30662,-0.37240,-0.37346,0.79236,-1.39438,-0.88726,0.18612,
1787040835833338880,42.28545,69.71142,0.10345,0.29613,-0.38051,-0.37830,0.79020,-1.35033,-0.81848,0.02959,
1787040835900006912,42.19319,69.66252,0.09688,0.29416,-0.38417,-0.37161,0.79233,-1.33166,-0.77561,-0.15542,
1787040835966672896,42.11051,69.61860,0.08265,0.29491,-0.37916,-0.36502,0.79751,-1.34570,-0.80986,-0.28198,
1787040836033339136,42.02064,69.57451,0.06148,0.29404,-0.36441,-0.36016,0.80686,-1.39799,-0.78196,-0.28576,
1787040836100007168,41.92643,69.52391,0.04557,0.28393,-0.35535,-0.36305,0.81321,-1.47595,-0.79438,-0.16589,
1787040836166671872,41.81821,69.46693,0.04301,0.27336,-0.33909,-0.36065,0.82476,-1.46112,-0.76626,0.03312,
1787040836233339136,41.73238,69.43539,0.05072,0.26141,-0.33997,-0.36177,0.82777,-1.44099,-0.79201,0.18691,
1787040836300005888,41.62814,69.37719,0.06437,0.25370,-0.35552,-0.38353,0.81372,-1.30358,-0.78489,0.26685,
1787040836366672896,41.54684,69.33546,0.07979,0.28116,-0.34928,-0.39342,0.80260,-1.22420,-0.67142,0.16037,
1787040836433337856,41.47446,69.32437,0.08145,0.32935,-0.34985,-0.39482,0.78310,-1.27163,-0.53638,-0.05773,
1787040836500008960,41.37128,69.28718,0.07370,0.38862,-0.35813,-0.38461,0.75684,-1.32676,-0.47581,-0.22881,
1787040836566672128,41.26742,69.25225,0.05987,0.44696,-0.36627,-0.36678,0.72908,-1.38815,-0.47287,-0.26857,
1787040836633338880,41.15846,69.21360,0.05085,0.49288,-0.37172,-0.34683,0.70612,-1.44702,-0.46830,-0.16278,
1787040836700007936,41.05358,69.17907,0.04798,0.52544,-0.38312,-0.32069,0.68868,-1.50390,-0.42542,-0.01159,
1787040836766671872,40.95462,69.15381,0.05501,0.55645,-0.39948,-0.29325,0.66692,-1.48517,-0.38511,0.14178,
1787040836833338112,40.85271,69.12875,0.07037,0.58617,-0.40196,-0.27360,0.64805,-1.59292,-0.35203,0.24923,
1787040836900009984,40.74655,69.11090,0.08293,0.60051,-0.42463,-0.28129,0.61640,-1.59277,-0.26387,0.12546,
1787040836966672896,40.67781,69.13154,0.03937,0.60990,-0.43617,-0.26835,0.60479,-1.42677,-0.15725,-0.16464,
1787040837033339136,40.51782,69.08479,0.01131,0.61016,-0.43938,-0.25281,0.60888,-1.61392,-0.22154,-0.35867,
1787040837100007168,40.41885,69.07716,-0.01087,0.60833,-0.43999,-0.24809,0.61220,-1.66773,-0.18842,-0.40539,
1787040837166671872,40.30431,69.06563,-0.03083,0.60398,-0.44394,-0.25139,0.61232,-1.77947,-0.17066,-0.31513,
1787040837233339136,40.17206,69.04868,-0.05079,0.59218,-0.44666,-0.27036,0.61378,-1.87758,-0.17457,-0.21124,
1787040837300005888,40.06426,69.05041,-0.04722,0.56707,-0.44730,-0.29128,0.62730,-1.76601,-0.15680,-0.00816,
1787040837366672896,39.94654,69.03786,-0.04202,0.55721,-0.44371,-0.29583,0.63650,-1.80012,-0.16972,0.15826,
1787040837433337856,39.80661,69.01619,-0.03010,0.52921,-0.46107,-0.31254,0.64006,-1.77720,-0.22833,0.13654,
1787040837500005888,39.69161,69.01009,-0.02184,0.50069,-0.45674,-0.32457,0.65982,-1.64551,-0.25499,0.01583,
1787040837566673152,39.56360,68.98388,-0.02202,0.45900,-0.42807,-0.33633,0.70211,-1.69663,-0.29854,-0.17978,
1787040837633337856,39.44847,68.96058,-0.03267,0.39467,-0.38990,-0.34842,0.75552,-1.66669,-0.30992,-0.31534,
1787040837700005888,39.37487,68.95945,-0.04784,0.33968,-0.35299,-0.35069,0.79814,-1.64779,-0.27494,-0.25243,
1787040837766673152,39.25946,68.95214,-0.05782,0.29789,-0.33282,-0.35331,0.82199,-1.67415,-0.20786,0.03754,
1787040837833339904,39.14101,68.95853,-0.05316,0.26144,-0.31634,-0.36307,0.83651,-1.69707,-0.12472,0.09849,
1787040837900006144,39.04599,68.96137,-0.04188,0.23710,-0.31125,-0.37011,0.84257,-1.56060,0.07273,0.20190,
1787040837966674944,38.94273,68.97843,-0.03619,0.22775,-0.31024,-0.36421,0.84807,-1.52275,0.15451,0.10560,
1787040838033339136,38.83223,68.98583,-0.03212,0.22427,-0.31636,-0.36380,0.84691,-1.54566,0.16612,-0.10047,
1787040838100006144,38.71894,68.99397,-0.04784,0.23179,-0.32235,-0.36018,0.84417,-1.58073,0.15803,-0.34446,
1787040838166675200,38.61979,69.00889,-0.07761,0.24940,-0.33064,-0.36462,0.83398,-1.60736,0.20225,-0.52413,
1787040838233339136,38.53255,69.03248,-0.11307,0.29697,-0.34836,-0.36332,0.81145,-1.56728,0.28711,-0.56728,
1787040838300007936,38.43862,69.05226,-0.14998,0.36585,-0.35612,-0.34881,0.78592,-1.47963,0.26637,-0.48061,
1787040838366672896,38.34088,69.07052,-0.17127,0.43484,-0.35066,-0.32999,0.76096,-1.62837,0.17616,-0.09654,
1787040838433339136,38.19311,69.07069,-0.17069,0.49218,-0.35454,-0.33228,0.72226,-1.76664,0.15681,0.13120,
1787040838500005888,38.07525,69.07584,-0.15740,0.53149,-0.37287,-0.32691,0.68674,-1.77036,0.15712,0.13882,
1787040838566673152,37.92802,69.06864,-0.15853,0.56266,-0.40081,-0.32000,0.64836,-1.73532,0.15299,-0.08484,
1787040838633337856,37.84351,69.08240,-0.16235,0.59639,-0.41044,-0.30254,0.61994,-1.66757,0.15541,-0.33498,
1787040838700005888,37.74274,69.08530,-0.18894,0.62544,-0.41948,-0.28094,0.59493,-1.62144,0.13899,-0.50137,
1787040838766673152,37.62541,69.07673,-0.21793,0.65426,-0.41963,-0.25103,0.57692,-1.69448,0.08306,-0.45057,
1787040838833341952,37.50579,69.07360,-0.24147,0.67437,-0.42625,-0.22582,0.55905,-1.71400,0.04376,-0.27145,
1787040838900006144,37.39059,69.07184,-0.24581,0.68653,-0.43905,-0.20453,0.54229,-1.78649,0.13942,0.06288,
1787040838966679040,37.29531,69.07609,-0.23378,0.69751,-0.44582,-0.19221,0.52705,-1.76190,0.12191,0.26035,
1787040839033339136,37.15439,69.08165,-0.22346,0.70478,-0.46186,-0.19327,0.50261,-1.73805,0.12512,0.06270,
1787040839100007168,37.05560,69.08397,-0.21469,0.72430,-0.46856,-0.17516,0.47451,-1.70162,0.06409,-0.10501,
1787040839166673920,36.94936,69.09774,-0.23326,0.74342,-0.47133,-0.16195,0.44603,-1.67310,0.04404,-0.25216,
1787040839233339136,36.84161,69.10350,-0.24977,0.76605,-0.46172,-0.14005,0.42470,-1.60529,0.03807,-0.22190,
1787040839300007168,36.72346,69.10627,-0.25969,0.79231,-0.44781,-0.11941,0.39680,-1.73193,0.06371,-0.01063,
1787040839366672896,36.59383,69.10651,-0.25425,0.81106,-0.44159,-0.10396,0.36930,-1.72918,0.04723,0.26857,
1787040839433339136,36.47745,69.10748,-0.22908,0.82003,-0.45657,-0.10573,0.32851,-1.74233,-0.04320,0.45402,
1787040839500005888,36.32937,69.09854,-0.20681,0.82405,-0.46351,-0.11395,0.30515,-1.73527,-0.12655,0.27306,
1787040839566673920,36.26108,69.09010,-0.19463,0.82482,-0.45995,-0.12171,0.30546,-1.69561,-0.14742,-0.01625,
1787040839633338880,36.10938,69.07310,-0.20824,0.81518,-0.45763,-0.13601,0.32797,-1.87118,-0.11343,-0.29000,
1787040839700005120,35.97931,69.06469,-0.23221,0.78829,-0.46556,-0.16285,0.36786,-1.95759,-0.13054,-0.34845,
1787040839766673920,35.85057,69.04571,-0.25075,0.74963,-0.47398,-0.19343,0.41950,-1.90969,-0.18591,-0.17434,
1787040839833339904,35.74074,69.03023,-0.25208,0.71262,-0.47393,-0.20728,0.47392,-1.76040,-0.14881,0.10490,
1787040839900006144,35.65085,69.02656,-0.23763,0.67686,-0.47544,-0.22092,0.51673,-1.63188,-0.05451,0.28169,
1787040839966674176,35.53646,69.02607,-0.21956,0.64258,-0.48185,-0.23286,0.54835,-1.54369,0.01529,0.31442,
1787040840033339136,35.49095,69.04367,-0.19746,0.61657,-0.47835,-0.23467,0.57962,-1.39812,0.03995,0.12099,
1787040840100006144,35.39086,69.04939,-0.19844,0.59411,-0.46877,-0.23369,0.61047,-1.44598,0.05201,-0.14458,
1787040840166672896,35.33731,69.06190,-0.17777,0.57293,-0.45911,-0.23220,0.63801,-1.42781,0.06003,-0.24749,
1787040840233338112,35.23006,69.07223,-0.22646,0.56061,-0.44022,-0.23114,0.66219,-1.47146,0.10150,-0.23226,
1787040840300005888,35.13830,69.08342,-0.23090,0.54278,-0.43040,-0.23595,0.68152,-1.51364,0.12153,-0.05990,
1787040840366672128,35.04069,69.09262,-0.22426,0.52755,-0.41737,-0.24215,0.69919,-1.47151,0.08216,0.13528,
1787040840433339136,34.94078,69.09577,-0.20938,0.51370,-0.40958,-0.24220,0.71393,-1.40855,-0.01094,0.33234,
1787040840500005120,34.81247,69.09076,-0.19700,0.49245,-0.41473,-0.25546,0.72127,-1.46915,-0.11908,0.36329,
1787040840566672128,34.71251,69.08330,-0.18795,0.47906,-0.41719,-0.27251,0.72263,-1.37596,-0.17790,0.14440,
1787040840633338880,34.60791,69.06768,-0.19084,0.47681,-0.40857,-0.28597,0.72384,-1.38852,-0.21462,-0.10132,
1787040840700005888,34.51000,69.05217,-0.20686,0.47807,-0.39807,-0.29519,0.72516,-1.41436,-0.19221,-0.29082,
1787040840766673152,34.40581,69.03678,-0.22711,0.48409,-0.38710,-0.29061,0.72894,-1.43423,-0.17453,-0.23131,
1787040840833338880,34.30640,69.02674,-0.23439,0.48894,-0.38178,-0.27769,0.73353,-1.42653,-0.13064,-0.01632,
1787040840900006912,34.19777,69.01608,-0.22775,0.49730,-0.38246,-0.26221,0.73325,-1.44344,-0.07781,0.20706,
1787040840966672896,34.09947,69.01048,-0.21104,0.50724,-0.38570,-0.25750,0.72639,-1.38443,-0.01277,0.30517,
1787040841033338112,34.00859,69.01252,-0.18940,0.51464,-0.39663,-0.26161,0.71372,-1.34997,0.11515,0.28513,
1787040841100006144,33.91781,69.01964,-0.17744,0.52390,-0.41055,-0.25536,0.70126,-1.27880,0.14295,0.06755,
1787040841166671872,33.80884,69.02023,-0.18033,0.53430,-0.41294,-0.24584,0.69539,-1.31924,0.13617,-0.14652,
1787040841233338112,33.71416,69.02414,-0.19272,0.53820,-0.41205,-0.23565,0.69644,-1.39924,0.12866,-0.28967,
1787040841300005888,33.60645,69.03277,-0.20813,0.54029,-0.40709,-0.22980,0.69968,-1.42944,0.15505,-0.23299,
1787040841366673920,33.49649,69.03637,-0.22261,0.54419,-0.40534,-0.22651,0.69875,-1.48679,0.14523,-0.10698,
1787040841433340928,33.40071,69.04461,-0.21885,0.56264,-0.40179,-0.22414,0.68685,-1.40336,0.05626,0.15660,
1787040841500006912,33.29989,69.04485,-0.20263,0.58131,-0.39160,-0.22557,0.67665,-1.43645,0.03265,0.29105,
1787040841566673152,33.19936,69.04563,-0.18289,0.58768,-0.40155,-0.22437,0.66562,-1.47964,-0.02865,0.30373,
1787040841633338880,33.08696,69.03796,-0.17027,0.58849,-0.41520,-0.23563,0.65251,-1.44171,-0.12489,0.13057,
1787040841700005888,32.98281,69.02411,-0.16803,0.59663,-0.40618,-0.24328,0.64797,-1.42278,-0.17823,-0.05028,
1787040841766671872,32.87689,69.00927,-0.17795,0.60088,-0.39396,-0.25384,0.64754,-1.49717,-0.17399,-0.22348,
1787040841833338112,32.77384,68.99642,-0.19528,0.59943,-0.38730,-0.26443,0.64865,-1.54381,-0.17898,-0.28414,
1787040841900006144,32.67005,68.98499,-0.20954,0.59129,-0.38867,-0.27467,0.65105,-1.65064,-0.14801,-0.15076,
1787040841966672896,32.56196,68.97835,-0.21468,0.57540,-0.40623,-0.28276,0.65111,-1.61679,-0.09580,0.01979,
1787040842033339136,32.45008,68.97180,-0.20602,0.56598,-0.41566,-0.28829,0.65099,-1.56795,-0.06798,0.20447,
1787040842100006144,32.35246,68.97242,-0.18981,0.55405,-0.41916,-0.30271,0.65245,-1.52164,0.03594,0.27411,
1787040842166672896,32.24475,68.98021,-0.17671,0.53556,-0.43611,-0.31222,0.65231,-1.45588,0.14005,0.12230,
1787040842233339136,32.11933,68.98689,-0.17601,0.52183,-0.44704,-0.30428,0.65975,-1.42817,0.15271,-0.08983,
1787040842300007168,32.05235,69.00859,-0.18443,0.51307,-0.44961,-0.29043,0.67101,-1.42407,0.14308,-0.21917,
1787040842366673920,31.95654,69.02024,-0.19826,0.50575,-0.44318,-0.28227,0.68421,-1.43896,0.11580,-0.25186,
1787040842433337856,31.86171,69.02682,-0.21105,0.49899,-0.43023,-0.27653,0.69960,-1.45127,0.10106,-0.14434,
1787040842500005888,31.73911,69.02829,-0.21490,0.49112,-0.40871,-0.27191,0.71960,-1.45525,0.06116,0.03382,
1787040842566673920,31.66218,69.03896,-0.20520,0.48204,-0.38060,-0.27324,0.74035,-1.44583,0.00396,0.24019,
1787040842633338880,31.55989,69.04112,-0.18805,0.46888,-0.36459,-0.27565,0.75580,-1.45007,-0.03168,0.31167,
1787040842700006912,31.48433,69.04227,-0.14771,0.44936,-0.36898,-0.28547,0.76186,-1.42514,-0.11692,0.29352,
1787040842766673152,31.36822,69.03088,-0.13987,0.43815,-0.36594,-0.29890,0.76470,-1.36882,-0.15463,0.09218,
1787040842833338880,31.27480,69.02272,-0.14535,0.43699,-0.35190,-0.30623,0.76904,-1.40603,-0.15305,-0.09962,
1787040842900005120,31.17285,69.01372,-0.16175,0.43647,-0.34757,-0.31319,0.76850,-1.49783,-0.14340,-0.23486,
1787040842966672896,31.03300,68.98828,-0.17938,0.44065,-0.34915,-0.31515,0.76460,-1.56679,-0.14242,-0.20712,
1787040843033338112,30.96336,68.99570,-0.19077,0.44928,-0.35553,-0.30807,0.75950,-1.49615,-0.09934,-0.06683,
1787040843100007168,30.86440,68.99056,-0.18780,0.47074,-0.35909,-0.29007,0.75187,-1.45705,-0.07055,0.14989,
1787040843166673920,30.75311,68.98198,-0.17654,0.49237,-0.36638,-0.28414,0.73662,-1.44452,-0.04542,0.25186,
1787040843233339136,30.65487,68.98008,-0.16053,0.50934,-0.37279,-0.28665,0.72072,-1.41786,0.05743,0.25766,
1787040843300007168,30.56360,68.98297,-0.14209,0.52223,-0.38637,-0.27953,0.70701,-1.35784,0.09457,0.10691,
1787040843366672128,30.46698,68.98991,-0.15030,0.53473,-0.39116,-0.26599,0.70021,-1.38253,0.08345,-0.10882,
1787040843433339136,30.36719,68.99345,-0.16308,0.54458,-0.39277,-0.25667,0.69519,-1.47931,0.06195,-0.25440,
1787040843500008960,30.25240,68.99255,-0.18142,0.55033,-0.39809,-0.25535,0.68808,-1.58371,0.04339,-0.27838,
1787040843566673152,30.14681,68.99305,-0.19776,0.54550,-0.40800,-0.26328,0.68312,-1.64201,0.00487,-0.14733,
1787040843633337856,30.04344,68.99153,-0.20142,0.54314,-0.40332,-0.27466,0.68330,-1.55019,-0.05927,0.07378,
1787040843700005888,29.93322,68.98425,-0.18955,0.53966,-0.39562,-0.28539,0.68615,-1.55395,-0.10539,0.23767,
1787040843766671872,29.82977,68.97310,-0.17222,0.53145,-0.39955,-0.29288,0.68713,-1.54990,-0.20000,0.27513,
1787040843833339904,29.72885,68.95617,-0.15707,0.51885,-0.40160,-0.31316,0.68662,-1.46972,-0.29618,0.16175,
1787040843900007936,29.63664,68.93787,-0.15360,0.51576,-0.38896,-0.32870,0.68895,-1.43554,-0.29728,-0.03642,
1787040843966671872,29.54331,68.92178,-0.16148,0.51045,-0.37418,-0.34029,0.69544,-1.45953,-0.25511,-0.18737,
1787040844033338112,29.44767,68.90764,-0.17767,0.50323,-0.36263,-0.34288,0.70547,-1.45816,-0.19536,-0.27513,
1787040844100006144,29.35348,68.89615,-0.19402,0.49830,-0.35816,-0.33476,0.71509,-1.47185,-0.19486,-0.18310,
1787040844166671872,29.24559,68.88093,-0.19860,0.49984,-0.35683,-0.32636,0.71855,-1.46035,-0.19440,0.02636,
1787040844233338112,29.15036,68.86938,-0.18948,0.50784,-0.35570,-0.32010,0.71632,-1.47750,-0.17903,0.19393,
1787040844300007168,29.04987,68.85933,-0.17341,0.51572,-0.35474,-0.32332,0.70969,-1.41514,-0.10827,0.26454,
1787040844366672896,28.95693,68.85698,-0.15653,0.52259,-0.35952,-0.32229,0.70269,-1.37228,0.03479,0.19434,
1787040844433339136,28.86677,68.86137,-0.14929,0.53194,-0.36682,-0.30803,0.69829,-1.33766,0.05173,0.02266,
1787040844500005888,28.76722,68.86380,-0.15635,0.54324,-0.37130,-0.29380,0.69333,-1.38512,0.05655,-0.13408,
1787040844566672128,28.66591,68.86540,-0.17091,0.55375,-0.37702,-0.28218,0.68672,-1.45045,0.03284,-0.23855,
1787040844633338880,28.55848,68.86564,-0.18880,0.56658,-0.37973,-0.27507,0.67759,-1.50263,0.03705,-0.25210,
1787040844700006912,28.45397,68.86777,-0.20085,0.57941,-0.38055,-0.26937,0.66851,-1.52231,0.03767,-0.14899,
1787040844766671872,28.34945,68.86918,-0.20120,0.58986,-0.37335,-0.26225,0.66626,-1.52053,0.01222,0.07503,
1787040844833338112,28.24860,68.87038,-0.18949,0.59094,-0.36867,-0.25791,0.66960,-1.50447,-0.03580,0.23191,
1787040844900006912,28.13110,68.85977,-0.17579,0.58150,-0.37238,-0.25898,0.67537,-1.59060,-0.15159,0.25352,
1787040844966672896,28.02213,68.84294,-0.16482,0.55887,-0.37424,-0.27910,0.68535,-1.55891,-0.25039,0.11731,
1787040845033339136,27.91838,68.82413,-0.16393,0.53571,-0.35998,-0.29299,0.70540,-1.52810,-0.27853,-0.04873,
1787040845100007168,27.80348,68.80334,-0.16920,0.51162,-0.34366,-0.30612,0.72556,-1.59029,-0.27245,-0.19125,
1787040845166671872,27.69728,68.78746,-0.18067,0.48477,-0.33361,-0.31241,0.74572,-1.59245,-0.26539,-0.24931,
1787040845233339904,27.58537,68.77051,-0.19414,0.45976,-0.32530,-0.30981,0.76604,-1.61517,-0.30745,-0.16553,
1787040845300007168,27.47253,68.74937,-0.19890,0.44157,-0.31653,-0.31233,0.77928,-1.63935,-0.35826,0.04241,
1787040845366673920,27.35225,68.72272,-0.19399,0.42403,-0.31719,-0.32344,0.78420,-1.74019,-0.42628,0.14663,
1787040845433339136,27.23148,68.69171,-0.18871,0.40332,-0.32860,-0.36110,0.77392,-1.74499,-0.44886,0.16584,
1787040845500008960,27.11507,68.66553,-0.18210,0.38213,-0.33482,-0.39499,0.76542,-1.65841,-0.31441,0.12061,
1787040845566673152,27.00653,68.64758,-0.18034,0.36287,-0.33974,-0.40033,0.76983,-1.59362,-0.24791,-0.03722,
1787040845633338880,26.90306,68.63163,-0.18647,0.33881,-0.33864,-0.39843,0.78216,-1.58712,-0.26832,-0.15315,
1787040845700005888,26.79756,68.61476,-0.19923,0.31182,-0.32522,-0.39260,0.80179,-1.58995,-0.27493,-0.21915,
1787040845766673152,26.68214,68.59428,-0.21159,0.28767,-0.31003,-0.38662,0.81955,-1.67646,-0.29842,-0.17308,
1787040845833338880,26.56413,68.57193,-0.21548,0.26645,-0.29834,-0.38516,0.83165,-1.75024,-0.35094,0.03400,
1787040845900007936,26.44506,68.54645,-0.20998,0.24589,-0.28951,-0.39343,0.83722,-1.70032,-0.40859,0.17303,
1787040845966672896,26.33258,68.51766,-0.19164,0.23504,-0.26577,-0.39736,0.84630,-1.60082,-0.43847,0.26509,
1787040846033339136,26.21449,68.47694,-0.17552,0.21981,-0.26027,-0.39709,0.85221,-1.70667,-0.58024,0.29456,
1787040846100006144,26.10302,68.43452,-0.15750,0.19541,-0.27571,-0.41285,0.84579,-1.61931,-0.63958,0.14871,
1787040846166675200,25.99992,68.39264,-0.15321,0.18881,-0.26969,-0.41538,0.84798,-1.53490,-0.65357,-0.02712,
1787040846233338112,25.89853,68.34760,-0.16221,0.18239,-0.25672,-0.41759,0.85232,-1.57177,-0.69685,-0.18957,
1787040846300007168,25.79067,68.29927,-0.17539,0.17624,-0.24932,-0.41380,0.85764,-1.63402,-0.75810,-0.14359,
1787040846366672896,25.69157,68.24980,-0.18125,0.16805,-0.25691,-0.41709,0.85545,-1.66279,-0.85214,0.11327,
1787040846433339136,25.58169,68.19252,-0.16424,0.16959,-0.26905,-0.42160,0.84918,-1.60332,-0.84302,0.35300,
1787040846500006912,25.47288,68.13081,-0.13896,0.17357,-0.28888,-0.44580,0.82927,-1.59274,-0.80916,0.45762,
1787040846566673152,25.37099,68.07767,-0.11175,0.17653,-0.31040,-0.46625,0.80938,-1.45149,-0.62738,0.39537,
1787040846633338880,25.27387,68.02914,-0.08856,0.19273,-0.32305,-0.47461,0.79576,-1.37177,-0.59891,0.24062,
1787040846700005888,25.19639,67.98948,-0.07619,0.20465,-0.33339,-0.47550,0.78795,-1.31142,-0.60782,0.03545,
1787040846766673920,25.13505,67.95325,-0.07327,0.21331,-0.33474,-0.47344,0.78632,-1.28395,-0.67662,-0.11347,
1787040846833338112,25.01607,67.87306,-0.08425,0.21781,-0.33155,-0.47635,0.78468,-1.37559,-0.77655,-0.17625,
1787040846900007936,24.92294,67.81835,-0.09579,0.22048,-0.32691,-0.47844,0.78461,-1.43451,-0.81025,-0.11058,
1787040846966674176,24.83056,67.76077,-0.09991,0.21866,-0.32245,-0.48612,0.78224,-1.43090,-0.88026,0.00613,
1787040847033340928,24.82696,67.74144,-0.08426,0.21500,-0.30294,-0.49718,0.78410,-1.17381,-0.89044,0.19320,
1787040847100006144,24.74534,67.67738,-0.06634,0.21077,-0.26540,-0.50417,0.79432,-1.09589,-0.95173,0.25453,
1787040847166672896,24.66885,67.58918,-0.04640,0.19065,-0.25139,-0.52007,0.79371,-1.07490,-1.05375,0.24159,
1787040847233339904,24.59596,67.49671,-0.03479,0.17051,-0.24146,-0.53553,0.79109,-0.96332,-1.05101,0.11268,
1787040847300007168,24.55171,67.42766,-0.03252,0.15486,-0.22316,-0.53617,0.79921,-0.88907,-1.06595,-0.04055,
1787040847366674944,24.53055,67.38621,-0.03792,0.13727,-0.20615,-0.53321,0.80892,-0.86923,-1.05443,-0.16782,
1787040847433339136,24.44375,67.28619,-0.04958,0.12010,-0.19774,-0.52520,0.81893,-0.90608,-1.11212,-0.19445,
1787040847500008960,24.39815,67.21023,-0.06123,0.10590,-0.19340,-0.50926,0.83189,-0.85445,-1.14435,-0.06356,
1787040847566672128,24.36493,67.12030,-0.05794,0.09695,-0.17767,-0.48824,0.84891,-0.77281,-1.18830,0.13829,
1787040847633339904,24.31577,67.05365,-0.04419,0.09060,-0.17150,-0.47620,0.85768,-0.83397,-1.20447,0.24682,
1787040847700012800,24.27385,66.98478,-0.02759,0.08033,-0.17346,-0.47673,0.85801,-0.77716,-1.09186,0.26836,
1787040847766671872,24.22297,66.91073,-0.01101,0.06564,-0.17425,-0.47796,0.85842,-0.81950,-1.02129,0.20871,
1787040847833338880,24.16874,66.84384,-0.00168,0.05133,-0.18189,-0.46973,0.86234,-0.79176,-1.00418,0.05682,
1787040847900006144,24.12530,66.77965,-0.00362,0.03677,-0.18343,-0.46080,0.86756,-0.77543,-1.04819,-0.09716,
1787040847966671872,24.07278,66.70574,-0.01502,0.02317,-0.18025,-0.45465,0.87193,-0.80799,-1.11489,-0.22736,
1787040848033339136,24.02377,66.63120,-0.03273,0.00892,-0.18012,-0.44785,0.87573,-0.83558,-1.14666,-0.25203,
1787040848100004864,23.97604,66.55881,-0.04660,-0.00709,-0.17717,-0.44365,0.87848,-0.81852,-1.20013,-0.13229,
1787040848166671872,23.92278,66.47893,-0.04881,-0.01755,-0.16804,-0.43968,0.88212,-0.77463,-1.23234,0.07607,
1787040848233340928,23.87674,66.39354,-0.03986,-0.01995,-0.16142,-0.44712,0.87956,-0.68330,-1.30950,0.22821,
1787040848300005888,23.83726,66.30277,-0.02674,-0.01044,-0.16602,-0.45979,0.87231,-0.56851,-1.38502,0.26243,
1787040848366672128,23.80208,66.19968,-0.01306,-0.00526,-0.17009,-0.48967,0.85514,-0.47365,-1.42654,0.13642,
1787040848433340160,23.77611,66.10398,-0.01375,0.00156,-0.16696,-0.50824,0.84487,-0.41877,-1.38159,-0.05613,
1787040848500008960,23.74996,66.01732,-0.02676,0.00674,-0.16269,-0.51832,0.83954,-0.43483,-1.38688,-0.22939,
1787040848566672128,23.71934,65.91672,-0.04932,0.00704,-0.16063,-0.52031,0.83870,-0.39595,-1.38096,-0.28495,
1787040848633339904,23.69083,65.81510,-0.06845,-0.00149,-0.15572,-0.51475,0.84308,-0.34076,-1.39567,-0.16586,
1787040848700006912,23.67375,65.72911,-0.07379,-0.01482,-0.14597,-0.50184,0.85243,-0.29713,-1.36687,0.06676,
1787040848766671872,23.65271,65.63572,-0.06324,-0.02731,-0.14028,-0.49719,0.85579,-0.29460,-1.38948,0.22342,
1787040848833338880,23.63085,65.53356,-0.04997,-0.03653,-0.13381,-0.50215,0.85359,-0.28953,-1.28554,0.26453,
1787040848900008960,23.60700,65.44447,-0.03472,-0.04929,-0.12530,-0.50263,0.85395,-0.33293,-1.21197,0.20766,
1787040848966671872,23.58068,65.36758,-0.02756,-0.06441,-0.12499,-0.49686,0.85636,-0.34254,-1.21279,0.03332,
1787040849033339136,23.55041,65.27852,-0.03410,-0.07647,-0.12841,-0.49318,0.85699,-0.35152,-1.27127,-0.13103,
1787040849100006144,23.51917,65.17640,-0.04764,-0.08144,-0.13235,-0.48705,0.85944,-0.35083,-1.33084,-0.24173,
1787040849166671872,23.49344,65.08656,-0.06429,-0.08094,-0.13335,-0.48065,0.86293,-0.35716,-1.36223,-0.25730,
1787040849233339904,23.45883,64.98751,-0.07713,-0.07887,-0.13566,-0.47299,0.86698,-0.37683,-1.40505,-0.11897,
1787040849300007168,23.43755,64.89479,-0.07782,-0.07727,-0.13049,-0.46448,0.87250,-0.30943,-1.40497,0.07565,
1787040849366672128,23.41192,64.77814,-0.06626,-0.07643,-0.11961,-0.45851,0.87728,-0.22613,-1.38606,0.20921,
1787040849433340160,23.39607,64.69791,-0.05207,-0.07313,-0.11914,-0.45320,0.88038,-0.13880,-1.43610,0.25787,
1787040849500005888,23.38362,64.57486,-0.03263,-0.07449,-0.11575,-0.46363,0.87527,-0.02349,-1.43973,0.18713,
1787040849566673152,23.38402,64.48150,-0.02491,-0.07209,-0.10535,-0.46441,0.87637,0.05570,-1.40408,0.00248,
1787040849633337856,23.38810,64.38712,-0.03110,-0.06950,-0.08532,-0.46127,0.88041,0.07460,-1.47296,-0.18358,
1787040849700006912,23.38780,64.27879,-0.04464,-0.07213,-0.07167,-0.46107,0.88152,0.05357,-1.53939,-0.28078,
1787040849766673920,23.38443,64.17450,-0.05995,-0.07791,-0.06636,-0.46081,0.88158,0.04407,-1.59184,-0.22344,
1787040849833339904,23.38023,64.06881,-0.06677,-0.07905,-0.06901,-0.46530,0.87891,0.03449,-1.60687,-0.06166,
1787040849900006912,23.38180,63.96359,-0.06426,-0.07231,-0.07767,-0.46952,0.87652,0.00421,-1.62027,0.12537,
1787040849966674176,23.37949,63.85605,-0.05468,-0.06544,-0.08829,-0.48025,0.87022,-0.06498,-1.50786,0.18261,
1787040850033339904,23.36468,63.73240,-0.04166,-0.06188,-0.10059,-0.48574,0.86609,-0.15275,-1.51522,0.18710,
1787040850100004864,23.34795,63.62428,-0.03167,-0.05843,-0.11791,-0.49472,0.85903,-0.17811,-1.44715,0.07467,
1787040850166680064,23.33481,63.51624,-0.03056,-0.05144,-0.13440,-0.49372,0.85763,-0.17499,-1.42465,-0.09284,
1787040850233339136,23.32035,63.43616,-0.03805,-0.04531,-0.14676,-0.48457,0.86116,-0.14494,-1.42537,-0.23647,
1787040850300005888,23.31686,63.31674,-0.04826,-0.04084,-0.14924,-0.47352,0.86709,-0.13015,-1.50320,-0.28467,
1787040850366673920,23.30988,63.22902,-0.06434,-0.04106,-0.14969,-0.46125,0.87359,-0.12904,-1.55258,-0.16741,
1787040850433340160,23.30236,63.12020,-0.06621,-0.04457,-0.14670,-0.45333,0.87806,-0.09257,-1.59112,0.03470,
1787040850500009984,23.30298,62.99321,-0.05704,-0.05245,-0.13856,-0.45216,0.87955,-0.01126,-1.60451,0.17955,
1787040850566673920,23.30425,62.88881,-0.04276,-0.05917,-0.13885,-0.45043,0.87996,0.06586,-1.60174,0.28271,
1787040850633338880,23.31436,62.77170,-0.02502,-0.06929,-0.13647,-0.46676,0.87104,0.19155,-1.58415,0.24690,
1787040850700006912,23.33104,62.66689,-0.01371,-0.07149,-0.12364,-0.47272,0.86956,0.25788,-1.51719,0.07130,
1787040850766673920,23.32184,62.55086,-0.00730,-0.07209,-0.10470,-0.47335,0.87165,0.20289,-1.60772,-0.10069,
1787040850833339904,23.33907,62.40086,-0.01997,-0.07406,-0.09365,-0.48355,0.86714,0.17456,-1.74604,-0.23436,
1787040850900007936,23.35515,62.24273,-0.03701,-0.07565,-0.09100,-0.49807,0.85903,0.15180,-1.83993,-0.25483,
1787040850966674176,23.36447,62.08762,-0.06132,-0.07543,-0.09642,-0.51124,0.85067,0.12006,-1.87463,-0.14974,
1787040851033339136,23.37439,61.97519,-0.05183,-0.06925,-0.10754,-0.51667,0.84658,0.08612,-1.88008,0.05822,
1787040851100007168,23.37881,61.84114,-0.04303,-0.05938,-0.11743,-0.53668,0.83346,0.00987,-1.85313,0.18412,
1787040851166672896,23.37870,61.70884,-0.02875,-0.05077,-0.12295,-0.55396,0.82185,-0.07245,-1.82136,0.19451,
1787040851233339136,23.35287,61.62193,-0.01577,-0.04369,-0.13301,-0.57346,0.80718,-0.14559,-1.71865,0.04717,
1787040851300007168,23.34137,61.52905,-0.03354,-0.03740,-0.14120,-0.58350,0.79887,-0.15108,-1.66087,-0.13656,
1787040851366672896,23.34985,61.34423,-0.04631,-0.03343,-0.14526,-0.59337,0.79101,-0.08787,-1.78762,-0.20198,
1787040851433339136,23.34703,61.21792,-0.05821,-0.03082,-0.13725,-0.59153,0.79392,-0.09174,-1.80940,-0.21981,
1787040851500005120,23.34219,61.08508,-0.06998,-0.02778,-0.13042,-0.59400,0.79334,-0.11486,-1.93096,-0.15904,
1787040851566672128,23.33452,60.95883,-0.07782,-0.02625,-0.11965,-0.60205,0.78900,-0.10471,-1.91136,-0.01455,
1787040851633339904,23.33092,60.83121,-0.07418,-0.02923,-0.10432,-0.61116,0.78406,-0.00427,-1.88552,0.12945,
1787040851700006912,23.33162,60.71157,-0.06063,-0.03665,-0.08979,-0.61021,0.78628,0.04485,-1.83817,0.22324,
1787040851766673152,23.33634,60.58953,-0.04716,-0.04811,-0.08321,-0.62197,0.77712,0.14188,-1.81682,0.20005,
1787040851833338880,23.34536,60.47145,-0.03731,-0.05563,-0.07240,-0.62589,0.77455,0.18826,-1.73157,0.06662,
1787040851900007936,23.34413,60.38709,-0.03876,-0.05918,-0.06164,-0.62378,0.77692,0.19011,-1.70497,-0.06826,
1787040851966672896,23.34217,60.26473,0.00194,-0.05878,-0.05319,-0.61436,0.78504,0.15888,-1.69366,-0.08448,
1787040852033339904,23.37275,60.10760,-0.00401,-0.05690,-0.05246,-0.59767,0.79800,0.17384,-1.74318,-0.10177,
1787040852100007168,23.37492,60.00434,-0.01092,-0.05406,-0.05852,-0.58157,0.80959,0.17826,-1.77028,0.00690,
1787040852166672896,23.38386,59.88817,-0.00589,-0.04829,-0.06685,-0.56299,0.82234,0.15114,-1.80358,0.18916,
1787040852233341952,23.38669,59.77829,0.01169,-0.04214,-0.08089,-0.55776,0.82498,0.09159,-1.78334,0.31808,
1787040852300005888,23.39773,59.62187,0.03359,-0.03976,-0.08701,-0.54612,0.83223,0.06446,-1.81329,0.32454,
1787040852366672128,23.39805,59.50003,0.05224,-0.04016,-0.09825,-0.54832,0.82950,-0.00474,-1.73655,0.22764,
1787040852433339136,23.40276,59.34871,0.06158,-0.03899,-0.10816,-0.53609,0.83630,-0.01759,-1.80654,0.04955,
1787040852500005120,23.40112,59.23082,0.06032,-0.04022,-0.11980,-0.52798,0.83980,-0.01407,-1.83518,-0.07158,
1787040852566672128,23.39535,59.11934,0.05165,-0.04264,-0.12672,-0.51643,0.84583,-0.00515,-1.85745,-0.15583,
1787040852633338880,23.39485,58.98072,0.03925,-0.04477,-0.12709,-0.50336,0.85351,-0.02009,-1.92513,-0.14345,
1787040852700005888,23.39315,58.84224,0.03231,-0.04979,-0.12390,-0.49509,0.85852,-0.00904,-1.97523,-0.04947,
1787040852766671872,23.39276,58.70339,0.03386,-0.05338,-0.11390,-0.48325,0.86640,0.02926,-1.98079,0.11160,
1787040852833338880,23.35486,58.63592,0.02991,-0.06087,-0.10643,-0.47488,0.87147,0.01598,-1.86378,0.24684,
1787040852900006144,23.34690,58.53640,0.05171,-0.06627,-0.11093,-0.47384,0.87108,0.05028,-1.86678,0.31835,
1787040852966674944,23.31947,58.40652,0.05228,-0.07068,-0.11259,-0.48192,0.86607,0.09654,-1.80075,0.19625,
1787040853033339136,23.38283,58.19562,0.08010,-0.06619,-0.10113,-0.47522,0.87152,0.22550,-1.91274,0.03395,
1787040853100006144,23.39720,58.06597,0.07663,-0.06477,-0.08557,-0.46689,0.87778,0.22316,-1.98173,-0.14738,
1787040853166672896,23.40642,57.93896,0.06174,-0.06554,-0.07733,-0.46015,0.88204,0.19359,-2.06866,-0.22871,
1787040853233339136,23.40846,57.80115,0.04520,-0.06846,-0.07894,-0.46308,0.88014,0.18776,-2.16146,-0.14873,
1787040853300008960,23.41598,57.67408,0.03813,-0.06801,-0.08486,-0.47454,0.87349,0.18062,-2.15086,0.02340,
1787040853366672128,23.42396,57.53659,0.04493,-0.06443,-0.09412,-0.47745,0.87122,0.15352,-2.10958,0.19533,
1787040853433339136,23.41575,57.41729,0.05583,-0.06117,-0.09692,-0.48563,0.86662,0.09722,-2.01533,0.25524,
1787040853500005888,23.41917,57.29094,0.07353,-0.06349,-0.09883,-0.48985,0.86386,0.01678,-1.96502,0.22293,
1787040853566673152,23.42443,57.10055,0.08123,-0.06674,-0.10526,-0.49120,0.86208,0.00666,-1.99272,0.05599,
1787040853633338880,23.42171,56.98113,0.08052,-0.06752,-0.11390,-0.48929,0.86201,0.01037,-1.99883,-0.10486,
1787040853700006912,23.42211,56.84967,0.07110,-0.06879,-0.11868,-0.48333,0.86463,0.03165,-2.02667,-0.19584,
1787040853766673152,23.41561,56.71304,0.05408,-0.07092,-0.12000,-0.47789,0.86729,0.02499,-2.06093,-0.24677,
1787040853833338880,23.41284,56.58520,0.04117,-0.07155,-0.11761,-0.47067,0.87151,0.01066,-2.12094,-0.12983,
1787040853900006912,23.41053,56.44715,0.03771,-0.07216,-0.11122,-0.46599,0.87480,0.00336,-2.14018,0.03970,
1787040853966672896,23.38032,56.33910,0.04468,-0.07311,-0.10881,-0.47008,0.87283,0.03959,-2.16147,0.18341,
1787040854033339904,23.39620,56.19723,0.05008,-0.06778,-0.11111,-0.48293,0.86593,0.14238,-2.23317,0.24916,
1787040854100007168,23.41110,56.04316,0.06012,-0.06488,-0.11348,-0.51217,0.84888,0.26196,-2.18973,0.16876,
1787040854166671872,23.42708,55.87322,0.05906,-0.05858,-0.10547,-0.52418,0.84302,0.31970,-2.12260,-0.01561,
1787040854233339136,23.43603,55.75495,0.05024,-0.05317,-0.09138,-0.52365,0.84535,0.32734,-2.11335,-0.14702,
1787040854300009984,23.46058,55.56841,0.03421,-0.05138,-0.08051,-0.52023,0.84867,0.32141,-2.14642,-0.22580,
1787040854366672896,23.48161,55.42285,0.02299,-0.04894,-0.07791,-0.50835,0.85622,0.31351,-2.10335,-0.17468,
1787040854433337856,23.50131,55.29352,0.02061,-0.04276,-0.08270,-0.49140,0.86594,0.31026,-2.09153,-0.01524,
1787040854500006912,23.53100,55.10513,0.02892,-0.03807,-0.08768,-0.47725,0.87355,0.29735,-2.21614,0.20427,
1787040854566673920,23.53752,55.00758,0.04509,-0.03886,-0.08766,-0.48038,0.87180,0.24245,-2.12528,0.26179,
1787040854633339904,23.56005,54.82628,0.06114,-0.04095,-0.08501,-0.48084,0.87172,0.15062,-2.11686,0.25661,
1787040854700005120,23.56293,54.69108,0.07554,-0.04034,-0.09086,-0.47902,0.87215,0.09141,-2.09458,0.10997,
1787040854766673152,23.56505,54.55866,0.07728,-0.03932,-0.09921,-0.47893,0.87134,0.08350,-2.11241,-0.06960,
1787040854833338880,23.56957,54.41945,0.06911,-0.03849,-0.10597,-0.47454,0.87298,0.08769,-2.14741,-0.18610,
1787040854900006144,23.57437,54.27670,0.05457,-0.03464,-0.11041,-0.46842,0.87589,0.08628,-2.18197,-0.23683,
1787040854966672896,23.57004,54.15854,0.04149,-0.02960,-0.11303,-0.45805,0.88122,0.06638,-2.19088,-0.14399,
1787040855033339136,23.57419,54.01836,0.03570,-0.02485,-0.11286,-0.45030,0.88537,0.05826,-2.22676,-0.06147,
1787040855100007936,23.60006,53.81017,0.03241,-0.02717,-0.11012,-0.44490,0.88837,0.16772,-2.26428,0.09450,
1787040855166673920,23.61123,53.66093,0.04365,-0.03014,-0.10223,-0.43642,0.89341,0.19265,-2.33875,0.25028,
1787040855233339136,23.61795,53.53795,0.05237,-0.03969,-0.10468,-0.44761,0.88719,0.25121,-2.34581,0.21755,
1787040855300005888,23.64149,53.38132,0.06212,-0.05125,-0.10062,-0.46082,0.88028,0.34502,-2.27269,0.03408,
1787040855366672896,23.65813,53.26290,0.04928,-0.05784,-0.08670,-0.46003,0.88177,0.37091,-2.29563,-0.14196,
1787040855433339136,23.67894,53.11675,0.02504,-0.06603,-0.07723,-0.46883,0.87742,0.38472,-2.31097,-0.25853,
1787040855500006912,23.71337,52.92340,-0.00427,-0.07295,-0.07287,-0.46954,0.87687,0.38577,-2.34568,-0.25932,
1787040855566673152,23.73660,52.76328,-0.02643,-0.07669,-0.07452,-0.47203,0.87507,0.39105,-2.35914,-0.12870,
1787040855633338880,23.75774,52.62019,-0.02770,-0.07588,-0.08436,-0.47173,0.87441,0.38148,-2.35075,0.07936,
1787040855700005888,23.78915,52.45210,-0.01764,-0.07313,-0.08943,-0.48180,0.86863,0.36081,-2.28359,0.18653,
1787040855766673152,23.81877,52.28580,-0.00317,-0.06964,-0.08624,-0.48383,0.86811,0.30388,-2.29173,0.22077,
1787040855833338880,23.81667,52.19486,0.00021,-0.06982,-0.08859,-0.49165,0.86345,0.24308,-2.23296,0.05898,
1787040855900006912,23.97555,51.89886,-0.03918,-0.07084,-0.09631,-0.49928,0.85815,0.35356,-2.36086,-0.17362,
1787040855966672896,24.02844,51.68880,-0.05702,-0.07405,-0.09981,-0.50145,0.85621,0.40106,-2.42615,-0.28850,
1787040856033339136,23.97927,51.71985,-0.06219,-0.07780,-0.09687,-0.49527,0.85981,0.32979,-2.27265,-0.32894,
1787040856100007168,24.00104,51.56506,-0.08193,-0.08246,-0.09730,-0.48730,0.86387,0.31381,-2.33840,-0.24559,
1787040856166672896,24.08654,51.27665,-0.10760,-0.08571,-0.09224,-0.48611,0.86478,0.40122,-2.45699,-0.08346,
1787040856233339136,24.07585,51.23022,-0.10813,-0.09006,-0.08322,-0.48276,0.86712,0.38969,-2.35044,0.04648,
1787040856300007936,24.08068,51.12388,-0.08948,-0.09441,-0.08494,-0.48081,0.86758,0.41910,-2.29911,0.18324,
1787040856366676992,24.14237,50.90821,-0.08182,-0.09788,-0.08334,-0.49158,0.86129,0.54238,-2.37060,0.14907,
1787040856433339136,24.17409,50.76083,-0.07397,-0.09682,-0.07472,-0.49884,0.85802,0.58320,-2.29079,-0.01944,
1787040856500006912,24.19691,50.66124,-0.07799,-0.09312,-0.06197,-0.49723,0.86038,0.56305,-2.29227,-0.19830,
1787040856566673152,24.23095,50.51955,-0.09507,-0.09165,-0.05657,-0.49570,0.86179,0.53317,-2.26928,-0.32176,
1787040856633339904,24.26302,50.37359,-0.11677,-0.09052,-0.05880,-0.48772,0.86630,0.51072,-2.29122,-0.30609,
1787040856700007936,24.30041,50.21281,-0.13498,-0.08890,-0.06952,-0.48703,0.86607,0.51228,-2.29328,-0.18310,
1787040856766673152,24.33145,50.06721,-0.13843,-0.08267,-0.08224,-0.47908,0.86999,0.50124,-2.33318,0.04989,
1787040856833340928,24.37060,49.89963,-0.13651,-0.07432,-0.08852,-0.48366,0.86759,0.46507,-2.29926,0.14929,
1787040856900006912,24.41033,49.71955,-0.12758,-0.06665,-0.08800,-0.48897,0.86529,0.35575,-2.34902,0.18148,
1787040856966676992,24.41777,49.60217,-0.11751,-0.06190,-0.09753,-0.49886,0.85895,0.26045,-2.22819,0.01440,
1787040857033339904,24.42944,49.46341,-0.12077,-0.05762,-0.10970,-0.49918,0.85759,0.22644,-2.20875,-0.17275,
1787040857100007168,24.45350,49.29433,-0.13878,-0.05538,-0.12115,-0.49877,0.85644,0.23283,-2.27407,-0.30136,
1787040857166672896,24.46441,49.15856,-0.15891,-0.05313,-0.12491,-0.49709,0.85701,0.21243,-2.27754,-0.34222,
1787040857233342976,24.47639,49.00828,-0.18023,-0.05099,-0.12793,-0.49635,0.85713,0.17836,-2.33682,-0.22762,
1787040857300007168,24.41995,48.92331,-0.17034,-0.05218,-0.12533,-0.49635,0.85744,0.10143,-2.22321,-0.01810,
1787040857366672896,24.50581,48.69973,-0.18559,-0.05600,-0.11906,-0.49708,0.85767,0.22146,-2.26716,0.08396,
1787040857433339136,24.51314,48.56292,-0.17591,-0.05956,-0.11894,-0.49415,0.85914,0.24650,-2.26403,0.17903,
1787040857500005888,24.52795,48.41878,-0.16477,-0.06255,-0.12027,-0.50207,0.85414,0.31610,-2.20673,0.13439,
1787040857566674944,24.54787,48.27882,-0.16127,-0.05856,-0.11280,-0.50015,0.85656,0.35115,-2.15942,-0.03554,
1787040857633338880,24.55414,48.18121,-0.16282,-0.05423,-0.10114,-0.49447,0.86158,0.33148,-2.16306,-0.19168,
1787040857700006912,24.57085,48.04382,-0.17664,-0.05112,-0.09402,-0.48858,0.86593,0.29684,-2.18278,-0.29554,
1787040857766673920,24.58980,47.88816,-0.19284,-0.04750,-0.09532,-0.48166,0.86986,0.27683,-2.23204,-0.25888,
1787040857833340928,24.59979,47.75737,-0.20420,-0.04656,-0.09976,-0.47761,0.87165,0.25845,-2.22255,-0.11369,
1787040857900006912,24.61425,47.60919,-0.20308,-0.04595,-0.10606,-0.46987,0.87514,0.22403,-2.26425,0.12630,
1787040857966672896,24.63286,47.43487,-0.18890,-0.04347,-0.10923,-0.47449,0.87237,0.17247,-2.21594,0.19004,
1787040858033338112,24.63008,47.31162,-0.17463,-0.03511,-0.11172,-0.48152,0.86858,0.02854,-2.14136,0.18396,
1787040858100006144,24.62275,47.18422,-0.16148,-0.02581,-0.12830,-0.48560,0.86433,-0.04864,-2.06624,0.01897,
1787040858166672896,24.61656,47.03207,-0.15810,-0.01385,-0.14840,-0.48631,0.86098,-0.07777,-2.07865,-0.14947,
1787040858233339904,24.58174,46.96296,-0.17738,-0.00141,-0.16466,-0.48508,0.85883,-0.09293,-2.06156,-0.25665,
1787040858300007168,24.58353,46.77736,-0.19232,0.01143,-0.17278,-0.48248,0.85862,-0.09862,-2.11978,-0.28863,
1787040858366672128,24.57077,46.63368,-0.20436,0.02088,-0.17827,-0.47794,0.85986,-0.13139,-2.17348,-0.17891,
1787040858433339136,24.54855,46.52699,-0.20858,0.02524,-0.17807,-0.47176,0.86319,-0.11794,-2.13073,0.00197,
1787040858500005888,24.53862,46.38697,-0.20035,0.02439,-0.17099,-0.46897,0.86616,-0.04327,-2.14174,0.15411,
1787040858566673152,24.53774,46.24119,-0.18309,0.02043,-0.16344,-0.46836,0.86805,0.01785,-2.18043,0.24733,
1787040858633338880,24.54586,46.08776,-0.16723,0.01167,-0.15641,-0.48164,0.86222,0.11280,-2.16364,0.22016,
1787040858700005888,24.55357,45.95003,-0.15031,0.00889,-0.14256,-0.48670,0.86182,0.18467,-2.07664,0.06574,
1787040858766671872,24.56876,45.78875,-0.14886,0.00654,-0.12321,-0.48724,0.86451,0.18944,-2.13634,-0.10297,
1787040858833338880,24.57071,45.66341,-0.15681,-0.00094,-0.10794,-0.48489,0.86789,0.15971,-2.09742,-0.21797,
1787040858900006144,24.57690,45.51657,-0.16984,-0.00928,-0.10168,-0.47399,0.87459,0.15198,-2.11062,-0.21088,
1787040858966675968,24.57351,45.39774,-0.17158,-0.01371,-0.09796,-0.46264,0.88101,0.13289,-2.07223,-0.05647,
1787040859033339136,24.56370,45.30136,-0.16239,-0.01409,-0.10142,-0.44654,0.88889,0.08074,-2.03055,0.15314,
1787040859100007936,24.56639,45.15665,-0.14251,-0.00933,-0.10742,-0.44338,0.88983,0.05738,-1.98202,0.24922,
1787040859166672896,24.63607,44.87772,-0.12599,0.00032,-0.10638,-0.43940,0.89197,0.10802,-2.19634,0.29247,
1787040859233339136,24.57136,44.88777,-0.10326,0.00553,-0.10510,-0.44580,0.88892,-0.03713,-1.97508,0.16880,
1787040859300004864,24.57035,44.75522,-0.09796,0.00609,-0.11362,-0.44748,0.88702,-0.06393,-1.96995,-0.02440,
1787040859366672128,24.57673,44.60147,-0.13641,0.00256,-0.12407,-0.44295,0.88792,-0.01976,-2.01911,-0.20209,
1787040859433341952,24.57110,44.49346,-0.15067,0.00257,-0.12548,-0.43829,0.89003,-0.01615,-2.00962,-0.27182,
1787040859500006912,24.56948,44.35453,-0.16853,0.00290,-0.12583,-0.43113,0.89347,-0.02778,-2.05922,-0.19722,
1787040859566673920,24.56928,44.21391,-0.17791,-0.00179,-0.12283,-0.42767,0.89555,0.00993,-2.07647,-0.05026,
1787040859633338880,24.57262,44.07828,-0.17599,-0.00740,-0.10826,-0.42217,0.90000,0.09069,-2.10205,0.13875,
1787040859700007936,24.58269,43.93642,-0.16300,-0.02003,-0.09578,-0.42300,0.90083,0.15359,-2.06748,0.26306,
1787040859766673152,24.59066,43.80280,-0.14646,-0.03964,-0.08493,-0.42794,0.89894,0.17996,-2.06060,0.25375,
1787040859833341952,24.60110,43.64437,-0.15055,-0.06058,-0.09017,-0.43702,0.89287,0.13548,-2.04203,0.00950,
1787040859900005120,24.61478,43.48071,-0.15737,-0.08221,-0.09786,-0.43584,0.89091,0.17121,-2.05592,-0.17550,
1787040859966672896,24.62229,43.32911,-0.17295,-0.10850,-0.09878,-0.43057,0.89055,0.18651,-2.08379,-0.32893,
1787040860033338112,24.65046,43.14424,-0.19368,-0.12834,-0.09950,-0.42331,0.89131,0.24513,-2.17087,-0.28201,
1787040860100007168,24.65817,43.02792,-0.20617,-0.14200,-0.10007,-0.42368,0.88900,0.23535,-2.16802,-0.11260,
1787040860166673920,24.68075,42.83636,-0.20830,-0.14991,-0.10662,-0.42409,0.88674,0.22104,-2.22093,0.04391,
1787040860233339904,24.69837,42.67933,-0.20156,-0.15189,-0.11317,-0.43072,0.88238,0.17866,-2.18116,0.13750,
1787040860300014848,24.71160,42.52645,-0.18960,-0.14960,-0.11744,-0.43162,0.88178,0.11895,-2.20296,0.21920,
1787040860366673920,24.71794,42.39767,-0.17514,-0.14347,-0.12306,-0.44873,0.87345,0.09835,-2.18368,0.10623,
1787040860433339136,24.72896,42.24443,-0.17597,-0.12966,-0.13095,-0.46483,0.86601,0.11877,-2.14006,-0.10521,
1787040860500006912,24.73817,42.13754,-0.21186,-0.11206,-0.13527,-0.46594,0.86721,0.13571,-2.10045,-0.28876,
1787040860566673152,24.73280,42.03728,-0.26785,-0.09837,-0.13924,-0.46589,0.86827,0.10272,-2.09045,-0.40926,
1787040860633338880,24.74788,41.86534,-0.29296,-0.09090,-0.14577,-0.46731,0.86724,0.09764,-2.20513,-0.30434,
1787040860700006912,24.78043,41.64797,-0.31118,-0.09242,-0.14266,-0.47616,0.86277,0.19178,-2.29615,-0.12286,
1787040860766673920,24.79490,41.51659,-0.31200,-0.09508,-0.12388,-0.48718,0.85923,0.26183,-2.23530,0.06009,
1787040860833338880,24.82044,41.35805,-0.30338,-0.09472,-0.10880,-0.49887,0.85459,0.27565,-2.23505,0.15785,
1787040860900007936,24.84415,41.21363,-0.29108,-0.09706,-0.10702,-0.51905,0.84244,0.33396,-2.19071,0.12230,
1787040860966672896,24.87083,41.07916,-0.28466,-0.09683,-0.10028,-0.53172,0.83537,0.38794,-2.08898,-0.05425,
1787040861033341952,24.89887,40.94781,-0.28876,-0.09570,-0.08932,-0.53336,0.83570,0.40600,-2.09721,-0.22643,
1787040861100006144,24.93220,40.80123,-0.30460,-0.09461,-0.08418,-0.53458,0.83558,0.41262,-2.07928,-0.33395,
1787040861166672896,24.95683,40.66860,-0.32724,-0.09254,-0.08376,-0.52692,0.84070,0.40974,-2.06816,-0.25596,
1787040861233339136,24.98526,40.53604,-0.33029,-0.08971,-0.08770,-0.52763,0.84016,0.38967,-2.02049,-0.07199,
1787040861300007936,25.00854,40.41031,-0.33203,-0.08360,-0.09406,-0.52446,0.84209,0.34937,-1.92934,0.09866,
1787040861366672896,25.03260,40.28211,-0.32294,-0.07436,-0.09293,-0.51767,0.84726,0.28013,-1.88661,0.17767,
1787040861433339136,25.05172,40.16295,-0.30063,-0.06838,-0.08987,-0.51918,0.84717,0.20758,-1.84442,0.21822,
1787040861500008960,25.05984,40.04998,-0.28830,-0.06314,-0.08793,-0.51847,0.84821,0.13779,-1.75759,0.04821,
1787040861566672128,25.06770,39.94891,-0.28309,-0.05865,-0.09222,-0.50529,0.85600,0.10641,-1.74860,-0.15228,
1787040861633339904,25.07339,39.83207,-0.29698,-0.05541,-0.09903,-0.49161,0.86339,0.10432,-1.82494,-0.28971,
1787040861700005888,25.07727,39.73567,-0.29945,-0.05202,-0.10192,-0.48021,0.86966,0.09167,-1.85804,-0.27095,
1787040861766673152,25.08255,39.61712,-0.31256,-0.04999,-0.10495,-0.47263,0.87356,0.10419,-1.91562,-0.11900,
1787040861833338880,25.10838,39.44427,-0.31513,-0.04876,-0.09966,-0.46869,0.87637,0.15892,-1.95916,0.00411,
1787040861900007936,25.12225,39.30879,-0.31019,-0.05355,-0.09264,-0.46614,0.87821,0.22394,-1.98632,0.19568,
1787040861966675968,25.13889,39.16884,-0.29798,-0.06102,-0.08977,-0.48404,0.86828,0.27365,-2.01354,0.23250,
1787040862033339904,25.15882,39.04722,-0.28411,-0.06335,-0.08756,-0.50754,0.85482,0.34398,-1.93913,0.12150,
1787040862100006144,25.18466,38.92179,-0.28301,-0.06005,-0.07583,-0.51577,0.85125,0.34232,-1.86534,-0.07061,
1787040862166672896,25.19950,38.80561,-0.29339,-0.05694,-0.07029,-0.51532,0.85221,0.28716,-1.90136,-0.25338,
1787040862233338112,25.20856,38.70235,-0.31035,-0.05510,-0.07218,-0.51222,0.85404,0.28018,-1.85410,-0.27457,
1787040862300007168,25.22704,38.58210,-0.32369,-0.05155,-0.07467,-0.49557,0.86382,0.25944,-1.82993,-0.12475,
1787040862366672128,25.24199,38.46049,-0.32503,-0.04544,-0.08590,-0.47714,0.87344,0.21285,-1.79201,0.08825,
1787040862433339136,25.25227,38.34149,-0.31349,-0.03351,-0.09921,-0.46610,0.87851,0.16894,-1.74574,0.21916,
1787040862500006912,25.28099,38.16828,-0.29661,-0.02003,-0.10005,-0.46052,0.88177,0.12601,-1.80011,0.28280,
1787040862566673152,25.28265,38.05904,-0.27988,-0.01122,-0.10720,-0.46261,0.87998,0.05403,-1.74574,0.16024,
1787040862633341184,25.29348,37.92044,-0.27586,-0.00334,-0.11751,-0.45925,0.88050,0.05210,-1.73114,-0.05631,
1787040862700005888,25.29371,37.81967,-0.28278,0.00338,-0.13089,-0.45004,0.88336,0.05783,-1.74522,-0.21253,
1787040862766671872,25.30520,37.69008,-0.29419,0.00936,-0.13918,-0.44054,0.88683,0.07749,-1.78264,-0.28547,
1787040862833338880,25.30644,37.58612,-0.31095,0.01494,-0.14524,-0.42540,0.89315,0.04906,-1.84724,-0.15397,
1787040862900005120,25.31512,37.44548,-0.31751,0.01513,-0.14476,-0.42136,0.89514,0.05233,-1.91611,0.03583,
1787040862966671872,25.31867,37.31117,-0.30903,0.00993,-0.14385,-0.43010,0.89119,0.05394,-1.98302,0.21659,
1787040863033338112,25.32452,37.17676,-0.29265,0.00435,-0.15410,-0.45697,0.87602,0.12621,-1.97640,0.28529,
1787040863100007168,25.34419,37.02560,-0.27754,0.00328,-0.15463,-0.49079,0.85744,0.24324,-1.92705,0.17928,
1787040863166672896,25.38310,36.85741,-0.26852,0.00427,-0.14253,-0.50442,0.85160,0.30598,-1.91349,-0.02629,
1787040863233339136,25.39360,36.76588,-0.27781,0.00318,-0.12869,-0.50580,0.85299,0.26669,-1.88853,-0.20304,
1787040863300005888,25.41463,36.62346,-0.29780,-0.00061,-0.12134,-0.50476,0.85469,0.23015,-1.89962,-0.29846,
1787040863366673920,25.43041,36.49095,-0.31568,-0.00468,-0.12356,-0.49761,0.85854,0.20553,-1.92330,-0.18787,
1787040863433340160,25.43877,36.36728,-0.32062,-0.00641,-0.13548,-0.49420,0.85870,0.13573,-1.92329,0.07073,
1787040863500005888,25.44347,36.24052,-0.30829,-0.00209,-0.15008,-0.49926,0.85336,0.07283,-1.92711,0.25299,
1787040863566673152,25.44588,36.11638,-0.29387,0.00769,-0.15069,-0.51511,0.84374,-0.04134,-1.83949,0.24781,
1787040863633338880,25.43174,36.00384,-0.28370,0.01385,-0.16609,-0.53506,0.82821,-0.16502,-1.71822,0.09606,
1787040863700006912,25.41455,35.89663,-0.28861,0.01754,-0.18194,-0.53990,0.82164,-0.17346,-1.65647,-0.09861,
1787040863766674944,25.39107,35.80923,-0.30252,0.02259,-0.19510,-0.54228,0.81692,-0.19054,-1.63586,-0.22745,
1787040863833338880,25.35430,35.74931,-0.31338,0.02466,-0.20226,-0.53463,0.82016,-0.20536,-1.51399,-0.27065,
1787040863900006912,25.33174,35.65831,-0.33758,0.03136,-0.20080,-0.50950,0.83613,-0.20615,-1.49446,-0.15237,
1787040863966672896,25.32558,35.55062,-0.33260,0.04496,-0.18805,-0.48566,0.85250,-0.14118,-1.50888,0.05470,
1787040864033338112,25.31105,35.42481,-0.32953,0.05471,-0.16329,-0.46786,0.86686,-0.14633,-1.51857,0.19434,
1787040864100007168,25.28490,35.36430,-0.29659,0.05889,-0.14794,-0.44709,0.88020,-0.26156,-1.47359,0.32190,
1787040864166671872,25.26125,35.24968,-0.27471,0.04943,-0.15766,-0.44408,0.88062,-0.27085,-1.51691,0.28262,
1787040864233339904,25.24367,35.13570,-0.26082,0.04676,-0.15880,-0.44439,0.88041,-0.20648,-1.51534,0.08924,
1787040864300005888,25.23136,35.03966,-0.25971,0.05130,-0.15104,-0.43569,0.88585,-0.19087,-1.52101,-0.10082,
1787040864366672128,25.21561,34.94311,-0.25656,0.05580,-0.14214,-0.42681,0.89135,-0.23420,-1.55851,-0.23277,
1787040864433339136,25.20255,34.81570,-0.28720,0.05795,-0.13857,-0.41332,0.89811,-0.25866,-1.62463,-0.18353,
1787040864500008192,25.18688,34.68956,-0.28991,0.05849,-0.13945,-0.40515,0.90166,-0.29749,-1.65579,0.05090,
1787040864566673152,25.16641,34.55684,-0.27970,0.05971,-0.14631,-0.39565,0.90470,-0.35560,-1.68049,0.30622,
1787040864633338880,25.14241,34.44749,-0.25613,0.06415,-0.14805,-0.40106,0.90173,-0.40927,-1.57209,0.36901,
1787040864700009216,25.11411,34.34463,-0.23411,0.06853,-0.15121,-0.40615,0.89860,-0.50347,-1.40493,0.29752,
1787040864766673152,25.07859,34.25097,-0.22142,0.07375,-0.16112,-0.39905,0.89965,-0.54227,-1.34832,0.07362,
1787040864833338112,25.04348,34.12826,-0.22430,0.07730,-0.17099,-0.38929,0.90180,-0.56788,-1.40079,-0.12195,
1787040864900012032,25.00603,34.02010,-0.23565,0.07850,-0.17596,-0.37790,0.90558,-0.59135,-1.46067,-0.22541,
1787040864966674944,24.96676,33.92991,-0.24920,0.08196,-0.17814,-0.36761,0.90907,-0.63931,-1.50303,-0.21142,
1787040865033339136,24.92667,33.83653,-0.25362,0.08459,-0.17756,-0.36136,0.91145,-0.65755,-1.52799,-0.00994,
1787040865100007168,24.88144,33.73335,-0.24929,0.08817,-0.17004,-0.35632,0.91452,-0.69259,-1.54304,0.15870,
1787040865166673920,24.83707,33.62147,-0.23408,0.08670,-0.17202,-0.36615,0.91040,-0.67135,-1.53127,0.26526,
1787040865233340928,24.79202,33.52320,-0.20765,0.08570,-0.17908,-0.37388,0.90598,-0.61578,-1.52133,0.34375,
1787040865300007168,24.75558,33.41877,-0.19695,0.08807,-0.18262,-0.38868,0.89879,-0.54562,-1.53233,0.17921,
1787040865366672896,24.72046,33.31836,-0.19449,0.09722,-0.18022,-0.40045,0.89315,-0.51132,-1.53580,-0.04276,
1787040865433339136,24.68719,33.20980,-0.20454,0.10859,-0.16994,-0.40673,0.89101,-0.54082,-1.57255,-0.20474,
1787040865500006912,24.64951,33.11968,-0.22359,0.11537,-0.16483,-0.41080,0.88925,-0.58013,-1.54519,-0.28438,
1787040865566673920,24.60579,32.99616,-0.24035,0.11737,-0.16819,-0.41336,0.88717,-0.63166,-1.58494,-0.16309,
1787040865633338880,24.56309,32.88967,-0.24277,0.12307,-0.17572,-0.41251,0.88533,-0.66814,-1.54136,0.08903,
1787040865700005888,24.49864,32.80508,-0.20764,0.13095,-0.19120,-0.41825,0.87827,-0.78482,-1.50077,0.29867,
1787040865766673920,24.46484,32.68563,-0.21574,0.14282,-0.20217,-0.43659,0.86494,-0.81836,-1.43341,0.26899,
1787040865833339904,24.40435,32.65071,-0.23313,0.15072,-0.22448,-0.45772,0.84699,-0.88176,-1.23380,0.09232,
1787040865900006144,24.33791,32.54489,-0.23257,0.16049,-0.24269,-0.46124,0.83821,-0.85695,-1.17809,-0.10374,
1787040865966671872,24.27865,32.49104,-0.24405,0.16845,-0.25561,-0.45773,0.83473,-0.90094,-1.16338,-0.26202,
1787040866033339136,24.22272,32.37661,-0.25932,0.17480,-0.26664,-0.45284,0.83264,-0.90564,-1.22766,-0.33156,
1787040866100006144,24.16011,32.27424,-0.27415,0.17984,-0.27240,-0.44625,0.83326,-0.95509,-1.29556,-0.22836,
1787040866166675200,24.09444,32.19367,-0.27369,0.18095,-0.27076,-0.44514,0.83414,-0.93554,-1.30543,-0.01959,
1787040866233339136,24.03612,32.08715,-0.27130,0.17998,-0.25910,-0.44327,0.83904,-0.89310,-1.34827,0.18931,
1787040866300005888,23.97654,31.99737,-0.24588,0.17669,-0.25399,-0.43938,0.84333,-0.82622,-1.30934,0.29264,
1787040866366672128,23.92632,31.90071,-0.22881,0.16866,-0.25537,-0.44422,0.84202,-0.70842,-1.34630,0.28752,
1787040866433339136,23.88241,31.80999,-0.20926,0.16505,-0.24219,-0.44769,0.84480,-0.61876,-1.32310,0.12298,
1787040866500005120,23.84174,31.71771,-0.20788,0.16635,-0.22487,-0.44659,0.84990,-0.61083,-1.34315,-0.06727,
1787040866566673152,23.78567,31.60336,-0.23202,0.16963,-0.20717,-0.44266,0.85578,-0.65915,-1.37973,-0.25605,
1787040866633339904,23.72828,31.47630,-0.25450,0.17145,-0.19861,-0.43326,0.86223,-0.70516,-1.42524,-0.26463,
1787040866700006912,23.67488,31.37056,-0.26631,0.17363,-0.19798,-0.42119,0.86791,-0.74206,-1.41538,-0.08512,
1787040866766671872,23.63057,31.29263,-0.26120,0.18153,-0.20481,-0.40192,0.87382,-0.77734,-1.40538,0.21396,
1787040866833338880,23.57499,31.19016,-0.24351,0.19013,-0.20985,-0.40932,0.86733,-0.80740,-1.33052,0.29908,
1787040866900006144,23.51811,31.10004,-0.22476,0.19818,-0.21370,-0.41247,0.86309,-0.88293,-1.19405,0.28166,
1787040866966674176,23.45564,31.01363,-0.21429,0.20044,-0.23108,-0.41306,0.85779,-0.91171,-1.13288,0.06965,
1787040867033339136,23.39462,30.93511,-0.21573,0.20102,-0.24633,-0.40813,0.85577,-0.90983,-1.16022,-0.13033,
1787040867100007936,23.33816,30.85287,-0.22799,0.19950,-0.25600,-0.40397,0.85526,-0.90880,-1.22242,-0.25343,
1787040867166671872,23.28107,30.76659,-0.24269,0.19930,-0.25737,-0.39718,0.85807,-0.91064,-1.24098,-0.28541,
1787040867233339136,23.21684,30.68521,-0.25707,0.19813,-0.25713,-0.38983,0.86178,-0.96937,-1.27513,-0.14551,
1787040867300007168,23.15456,30.59653,-0.25619,0.19658,-0.24998,-0.38331,0.86715,-0.97413,-1.28165,0.05820,
1787040867366672896,23.08911,30.51022,-0.24885,0.19039,-0.24852,-0.38565,0.86791,-0.93737,-1.27711,0.20424,
1787040867433339136,23.03243,30.42376,-0.22930,0.18984,-0.25338,-0.38895,0.86515,-0.85634,-1.31146,0.32717,
1787040867500006912,22.97954,30.33551,-0.21006,0.19009,-0.25335,-0.40263,0.85882,-0.74399,-1.28228,0.24083,
1787040867566673920,22.93112,30.24854,-0.19961,0.19602,-0.24569,-0.40569,0.85827,-0.72385,-1.26064,0.02419,
1787040867633338880,22.88537,30.16793,-0.20374,0.20129,-0.23769,-0.40454,0.85985,-0.77401,-1.27776,-0.18008,
1787040867700005888,22.83103,30.08173,-0.22003,0.20374,-0.23688,-0.40135,0.86099,-0.79274,-1.27942,-0.28040,
1787040867766673152,22.78065,29.99717,-0.23135,0.20372,-0.23797,-0.39475,0.86374,-0.79752,-1.32457,-0.11406,
1787040867833338880,22.72475,29.89123,-0.23115,0.20334,-0.23652,-0.38802,0.86727,-0.81317,-1.35872,0.12481,
1787040867900006912,22.66954,29.79144,-0.21495,0.20374,-0.23872,-0.38946,0.86592,-0.85094,-1.35731,0.28667,
1787040867966672896,22.61295,29.66845,-0.18861,0.20516,-0.23049,-0.40111,0.86249,-0.83892,-1.27085,0.35430,
1787040868033339136,22.55151,29.58816,-0.16798,0.20572,-0.22876,-0.41528,0.85609,-0.92896,-1.13599,0.25594,
1787040868100006144,22.49037,29.48226,-0.15331,0.20051,-0.23612,-0.42401,0.85103,-0.93467,-1.12253,0.05263,
1787040868166671872,22.43254,29.39451,-0.15403,0.19323,-0.24207,-0.42741,0.84934,-0.95964,-1.14824,-0.13806,
1787040868233339136,22.36619,29.31997,-0.16749,0.18375,-0.24481,-0.42935,0.84969,-0.97179,-1.16846,-0.26440,
1787040868300007168,22.30323,29.21858,-0.18374,0.17816,-0.23996,-0.43023,0.85181,-1.02585,-1.20415,-0.25511,
1787040868366672896,22.23336,29.13732,-0.19845,0.17206,-0.23356,-0.43056,0.85467,-1.04356,-1.19865,-0.15176,
1787040868433339136,22.17032,29.05574,-0.20486,0.16796,-0.22275,-0.42366,0.86179,-1.06451,-1.21963,0.00906,
1787040868500006912,22.10207,28.97608,-0.19762,0.15707,-0.21823,-0.42875,0.86248,-1.01871,-1.26092,0.22078,
1787040868566672128,22.04133,28.88807,-0.17959,0.14903,-0.21965,-0.43518,0.86032,-0.89888,-1.27256,0.29068,
1787040868633338880,21.98326,28.79006,-0.16139,0.13805,-0.21292,-0.44496,0.85885,-0.79366,-1.28817,0.17065,
1787040868700005888,21.93101,28.69708,-0.15636,0.13061,-0.19987,-0.44780,0.86167,-0.75724,-1.28665,-0.03414,
1787040868766671872,21.88323,28.60858,-0.16175,0.12511,-0.18437,-0.44756,0.86605,-0.75340,-1.31081,-0.17308,
1787040868833338880,21.83424,28.52395,-0.17565,0.12548,-0.17341,-0.44211,0.87105,-0.77703,-1.32489,-0.22395,
1787040868900006144,21.77533,28.41729,-0.18690,0.12718,-0.17017,-0.43302,0.87599,-0.79063,-1.36152,-0.09853,
1787040868966672896,21.72358,28.33625,-0.18587,0.13239,-0.17102,-0.42266,0.88010,-0.81338,-1.35645,0.12785,
1787040869033339136,21.66694,28.24060,-0.17384,0.13960,-0.17832,-0.43026,0.87384,-0.84894,-1.31046,0.25952,
1787040869100007936,21.61375,28.15731,-0.15429,0.14492,-0.18512,-0.43762,0.86788,-0.87372,-1.20330,0.32838,
1787040869166673920,21.55225,28.06506,-0.13817,0.14538,-0.19894,-0.44562,0.86064,-0.89290,-1.16841,0.17149,
1787040869233339904,21.49393,27.98785,-0.13369,0.14509,-0.21260,-0.44570,0.85738,-0.86219,-1.16401,-0.04906,
1787040869300007936,21.44002,27.90362,-0.14367,0.14672,-0.21821,-0.44069,0.85828,-0.86352,-1.24387,-0.20694,
1787040869366672128,21.38067,27.81524,-0.16032,0.14810,-0.22163,-0.43946,0.85780,-0.86403,-1.26712,-0.26350,
1787040869433339136,21.32342,27.71556,-0.17439,0.15080,-0.21967,-0.43510,0.86005,-0.89797,-1.33757,-0.14125,
1787040869500005888,21.26394,27.62197,-0.17749,0.14775,-0.21553,-0.43780,0.86026,-0.86873,-1.35741,0.07638,
1787040869566673152,21.20882,27.52873,-0.16842,0.14075,-0.20845,-0.44696,0.85847,-0.80224,-1.38875,0.22394,
1787040869633341184,21.15992,27.43491,-0.15114,0.13273,-0.20693,-0.45804,0.85426,-0.70340,-1.40789,0.33023,
1787040869700006912,21.12839,27.34971,-0.13187,0.12477,-0.20329,-0.47240,0.84849,-0.57407,-1.35452,0.23225,
1787040869766673152,21.09525,27.25679,-0.12623,0.12397,-0.19301,-0.47586,0.84908,-0.51472,-1.34477,0.00753,
1787040869833338880,21.05921,27.15502,-0.13312,0.12482,-0.17831,-0.47535,0.85245,-0.54596,-1.38087,-0.17263,
1787040869900007936,21.01939,27.05958,-0.14813,0.12553,-0.17038,-0.47046,0.85667,-0.57091,-1.37784,-0.26819,
1787040869966678016,20.97747,26.95156,-0.16369,0.12657,-0.16898,-0.45981,0.86255,-0.58234,-1.40573,-0.12250,
1787040870033339136,20.93616,26.85544,-0.16452,0.12704,-0.17217,-0.44360,0.87031,-0.60373,-1.40716,0.09368,
1787040870100014848,20.89057,26.74795,-0.15169,0.12980,-0.17972,-0.43923,0.87059,-0.64256,-1.42965,0.25682,
1787040870166673920,20.83960,26.63212,-0.13129,0.13348,-0.18395,-0.43964,0.86894,-0.66592,-1.35781,0.31361,
1787040870233339136,20.79248,26.54015,-0.11252,0.13539,-0.19175,-0.44883,0.86224,-0.75039,-1.33670,0.22421,
1787040870300005888,20.73823,26.44211,-0.10530,0.13395,-0.20565,-0.46110,0.85273,-0.76793,-1.33793,-0.01080,
1787040870366672128,20.68170,26.32822,-0.11455,0.13423,-0.21993,-0.46972,0.84438,-0.78928,-1.37736,-0.18863,
1787040870433337856,20.63117,26.22179,-0.13405,0.13374,-0.22738,-0.47217,0.84111,-0.77132,-1.40291,-0.27822,
1787040870500005888,20.57771,26.11383,-0.15067,0.13290,-0.22662,-0.46909,0.84317,-0.80672,-1.44017,-0.19882,
1787040870566673920,20.52134,26.01526,-0.15606,0.12877,-0.22392,-0.47049,0.84375,-0.81424,-1.44120,-0.05097,
1787040870633338880,20.46842,25.91609,-0.15091,0.12536,-0.21685,-0.46614,0.84851,-0.78750,-1.49403,0.16576,
1787040870700006912,20.41690,25.80345,-0.13470,0.11493,-0.21303,-0.46853,0.84964,-0.70339,-1.49065,0.27510,
1787040870766671872,20.37044,25.69895,-0.11749,0.10285,-0.21722,-0.47589,0.84603,-0.61937,-1.52923,0.28561,
1787040870833339904,20.33155,25.59958,-0.10373,0.09867,-0.21405,-0.48209,0.84382,-0.51757,-1.46333,0.12527,
1787040870900006144,20.29462,25.48904,-0.10292,0.10226,-0.20580,-0.47604,0.84887,-0.50041,-1.47218,-0.05849,
1787040870966671872,20.26122,25.38903,-0.11177,0.10611,-0.19721,-0.46218,0.85804,-0.50271,-1.46799,-0.19080,
1787040871033339136,20.22942,25.30187,-0.12624,0.10896,-0.19497,-0.44369,0.86790,-0.47905,-1.48034,-0.20432,
1787040871100007168,20.19175,25.18315,-0.13315,0.10747,-0.19085,-0.42632,0.87766,-0.45874,-1.57587,-0.01942,
1787040871166672896,20.15822,25.08316,-0.12558,0.10926,-0.18608,-0.41614,0.88333,-0.50766,-1.58986,0.19980,
1787040871233339904,20.11464,24.95443,-0.10865,0.11209,-0.18642,-0.42297,0.87965,-0.56786,-1.50793,0.27017,
1787040871300005888,20.07057,24.84092,-0.08964,0.11456,-0.18473,-0.41837,0.88188,-0.68805,-1.49782,0.30769,
1787040871366673920,20.02296,24.73549,-0.07654,0.11740,-0.19572,-0.42556,0.87568,-0.71099,-1.45096,0.14679,
1787040871433340160,19.97613,24.64195,-0.07431,0.12326,-0.20512,-0.43042,0.87033,-0.71035,-1.44458,-0.07280,
1787040871500005120,19.92757,24.53052,-0.09267,0.12801,-0.21251,-0.43104,0.86756,-0.71847,-1.51542,-0.25178,
1787040871566672128,19.88023,24.42114,-0.11690,0.13297,-0.21324,-0.43017,0.86707,-0.72636,-1.55346,-0.29040,
1787040871633338880,19.82997,24.31653,-0.12891,0.13497,-0.21315,-0.42841,0.86765,-0.77793,-1.63237,-0.12388,
1787040871700006912,19.77965,24.19897,-0.13142,0.13257,-0.20521,-0.42919,0.86954,-0.75851,-1.65036,0.06849,
1787040871766673152,19.73014,24.08384,-0.11968,0.12296,-0.19563,-0.43094,0.87230,-0.68383,-1.60824,0.24098,
1787040871833338880,19.68479,23.98301,-0.10058,0.11622,-0.19060,-0.42807,0.87574,-0.65442,-1.64065,0.33512,
1787040871900006912,19.64322,23.88444,-0.08127,0.10928,-0.19219,-0.43794,0.87140,-0.54542,-1.58168,0.22707,
1787040871966672896,19.60956,23.78692,-0.07446,0.11132,-0.18238,-0.43443,0.87499,-0.47903,-1.54318,0.00321,
1787040872033339136,19.57166,23.69017,-0.08449,0.11301,-0.16935,-0.42984,0.87965,-0.51237,-1.57915,-0.19625,
1787040872100004864,19.53937,23.57595,-0.09866,0.10908,-0.15966,-0.42232,0.88558,-0.50331,-1.60343,-0.28138,
1787040872166672896,19.50087,23.47037,-0.11746,0.10206,-0.15373,-0.40937,0.89351,-0.51608,-1.64081,-0.17068,
1787040872233338112,19.46112,23.36292,-0.12264,0.09646,-0.15214,-0.39744,0.89977,-0.54303,-1.64976,0.05762,
1787040872300004864,19.41923,23.24878,-0.11010,0.09433,-0.15455,-0.39616,0.90015,-0.56512,-1.66368,0.23545,
1787040872366672128,19.37306,23.12035,-0.08414,0.09273,-0.14640,-0.40539,0.89757,-0.60801,-1.61871,0.34583,
1787040872433339136,19.32769,22.97422,-0.06960,0.08721,-0.14554,-0.41757,0.89266,-0.67603,-1.55968,0.19989,
1787040872500005120,19.28712,22.91641,-0.06769,0.07829,-0.15341,-0.41973,0.89116,-0.65106,-1.48408,-0.03329,
1787040872566673152,19.23052,22.74058,-0.07576,0.07457,-0.15729,-0.41408,0.89344,-0.66606,-1.59200,-0.20850,
1787040872633341952,19.17059,22.78902,-0.09819,0.06985,-0.15961,-0.40749,0.89644,-0.70949,-1.50371,-0.28693,
1787040872700005120,19.14165,22.63104,-0.12593,0.06945,-0.16088,-0.40320,0.89818,-0.71654,-1.61165,-0.20074,
1787040872766671872,19.10153,22.50446,-0.12485,0.06322,-0.16147,-0.40647,0.89706,-0.68057,-1.63509,-0.04624,
1787040872833338880,19.05874,22.39362,-0.12135,0.05636,-0.15512,-0.40652,0.89861,-0.60889,-1.70714,0.14013,
1787040872900006144,19.02326,22.26544,-0.10395,0.05198,-0.15320,-0.41632,0.89471,-0.46056,-1.74341,0.30843,
1787040872966672896,18.99639,22.14902,-0.08337,0.04625,-0.14980,-0.43993,0.88424,-0.35073,-1.75705,0.27256,
1787040873033339136,18.97712,22.01883,-0.06531,0.04485,-0.14172,-0.46220,0.87423,-0.27848,-1.73414,0.03208,
1787040873100013056,18.96120,21.90984,-0.06953,0.04278,-0.12821,-0.47226,0.87103,-0.25111,-1.72503,-0.16528,
1787040873166673920,18.94147,21.79359,-0.08756,0.04145,-0.11678,-0.47407,0.87172,-0.26047,-1.70905,-0.29196,
1787040873233339136,18.92590,21.67652,-0.10507,0.03711,-0.11252,-0.46558,0.87704,-0.26110,-1.73659,-0.21056,
1787040873300004864,18.90717,21.55665,-0.11182,0.03081,-0.11925,-0.45447,0.88220,-0.29022,-1.72654,-0.00408,
1787040873366672128,18.88483,21.43828,-0.10377,0.02554,-0.13417,-0.44163,0.88674,-0.33364,-1.69977,0.24943,
1787040873433337856,18.86586,21.33002,-0.08685,0.01948,-0.14130,-0.44060,0.88630,-0.32334,-1.59896,0.29186,
1787040873500005888,18.83966,21.22725,-0.06643,0.01207,-0.13881,-0.44298,0.88564,-0.38763,-1.52940,0.24410,
1787040873566673920,18.81144,21.12510,-0.05895,0.00251,-0.14517,-0.43846,0.88694,-0.39703,-1.51596,0.05045,
1787040873633338880,18.84339,20.93978,-0.07020,-0.00410,-0.14997,-0.43554,0.88758,-0.32703,-1.63657,-0.14455,
1787040873700005888,18.75865,20.91953,-0.07821,-0.00996,-0.15419,-0.42728,0.89082,-0.36093,-1.59904,-0.27083,
1787040873766673920,18.73096,20.79212,-0.09869,-0.01432,-0.15290,-0.41839,0.89519,-0.36622,-1.68719,-0.26615,
1787040873833340928,18.70876,20.67645,-0.11133,-0.02362,-0.14923,-0.41417,0.89757,-0.37055,-1.75964,-0.10486,
1787040873900005120,18.69044,20.54982,-0.10853,-0.03580,-0.13944,-0.40897,0.90112,-0.32577,-1.80222,0.12790,
1787040873966671872,18.67187,20.43193,-0.09359,-0.05056,-0.13416,-0.41447,0.89870,-0.23720,-1.74391,0.30328,
1787040874033339136,18.64885,20.31163,-0.09266,-0.06073,-0.13373,-0.42238,0.89444,-0.14421,-1.73516,0.32417,
1787040874100004864,18.64060,20.17135,-0.07716,-0.06370,-0.12786,-0.43483,0.88911,-0.05924,-1.70877,0.12812,
1787040874166671872,18.63956,20.04346,-0.07794,-0.06163,-0.11596,-0.43511,0.89075,0.00007,-1.70347,-0.10942,
1787040874233338112,18.64142,19.89557,-0.09405,-0.05616,-0.10263,-0.42785,0.89624,0.00078,-1.76870,-0.27822,
1787040874300005888,18.64078,19.77538,-0.11417,-0.04117,-0.10273,-0.42007,0.90072,-0.02516,-1.79359,-0.29393,
1787040874366672896,18.63676,19.64629,-0.13131,-0.00616,-0.12184,-0.41367,0.90222,-0.08367,-1.78195,-0.15744,
1787040874433339136,18.62860,19.52479,-0.13631,0.03302,-0.15478,-0.40557,0.90026,-0.10470,-1.77479,0.04743,
1787040874500006912,18.62134,19.40204,-0.12742,0.05937,-0.17861,-0.40355,0.89539,-0.12865,-1.76075,0.16186,
1787040874566672128,18.62954,19.20794,-0.11604,0.06847,-0.18796,-0.40365,0.89277,-0.16890,-1.82422,0.26047,
1787040874633338880,18.63296,19.05315,-0.08920,0.07487,-0.20392,-0.41024,0.88573,-0.15581,-1.84927,0.18287,
1787040874700005120,18.61709,18.98029,-0.07786,0.08089,-0.21403,-0.41187,0.88205,-0.13064,-1.76940,-0.03056,
1787040874766670848,18.63953,18.76160,-0.08432,0.08471,-0.22146,-0.40897,0.88120,-0.06148,-1.93632,-0.21219,
1787040874833338112,18.63257,18.64579,-0.10308,0.08303,-0.22441,-0.39962,0.88490,-0.01442,-1.94726,-0.30816,
1787040874900006912,18.60994,18.62212,-0.11724,0.08535,-0.21986,-0.38237,0.89340,-0.08309,-1.88045,-0.18417,
1787040874966671872,18.59129,18.48871,-0.13091,0.08070,-0.21361,-0.38332,0.89495,-0.14125,-2.01494,-0.02573,
1787040875033339136,18.58320,18.34587,-0.12755,0.06866,-0.20631,-0.40615,0.88756,-0.14539,-2.16577,0.12335,
1787040875100006144,18.57663,18.19789,-0.11899,0.05250,-0.20643,-0.44800,0.86829,-0.05086,-2.17541,0.22202,
1787040875166671872,18.57926,18.04490,-0.10538,0.04935,-0.19942,-0.49588,0.84374,0.05555,-2.23341,0.20355,
1787040875233340928,18.58473,17.89982,-0.09839,0.04920,-0.18997,-0.54052,0.81812,0.08105,-2.09595,0.01236,
1787040875300005888,18.59215,17.76096,-0.10495,0.04604,-0.18394,-0.56288,0.80449,0.09452,-2.07986,-0.17420,
1787040875366672896,18.59482,17.64256,-0.12297,0.04472,-0.17890,-0.57929,0.79399,0.12377,-1.99813,-0.29662,
1787040875433339136,18.59929,17.51696,-0.14473,0.04644,-0.17151,-0.58829,0.78889,0.11547,-1.99246,-0.30202,
1787040875500006912,18.60591,17.37139,-0.15718,0.04787,-0.17076,-0.59670,0.78262,0.07428,-2.02991,-0.15113,
1787040875566672128,18.60672,17.24730,-0.16378,0.05449,-0.17709,-0.60170,0.77694,-0.00578,-2.00424,0.04799,
1787040875633337856,18.60055,17.11466,-0.15549,0.06412,-0.18831,-0.61569,0.76247,-0.08047,-1.88052,0.15847,
1787040875700005888,18.59268,16.96915,-0.14585,0.07055,-0.19340,-0.62171,0.75571,-0.19398,-1.86640,0.16466,
1787040875766673152,18.57038,16.86964,-0.13054,0.07166,-0.20705,-0.62975,0.74526,-0.22124,-1.76371,0.05904,
1787040875833338880,18.55587,16.74217,-0.12953,0.06981,-0.21625,-0.63420,0.73902,-0.21346,-1.74415,-0.09083,
1787040875900007936,18.54324,16.61459,-0.13743,0.06715,-0.22520,-0.63394,0.73681,-0.22151,-1.75942,-0.18891,
1787040875966672896,18.53554,16.48148,-0.15451,0.06591,-0.23084,-0.62573,0.74218,-0.19038,-1.79692,-0.23449,
1787040876033339904,18.51817,16.37009,-0.16706,0.06396,-0.23307,-0.61707,0.74887,-0.20474,-1.87542,-0.14538,
1787040876100007168,18.50371,16.24760,-0.17175,0.05916,-0.22471,-0.61514,0.75340,-0.19374,-1.93028,0.01060,
1787040876166672896,18.48829,16.12549,-0.16540,0.04690,-0.21414,-0.61756,0.75535,-0.16577,-1.91484,0.14614,
1787040876233339136,18.47498,16.00453,-0.15266,0.03376,-0.21184,-0.61849,0.75595,-0.14427,-1.89644,0.21563,
1787040876300005888,18.45788,15.89476,-0.13722,0.02464,-0.21565,-0.62786,0.74745,-0.07657,-1.84351,0.22193,
1787040876366672896,18.44433,15.79475,-0.12293,0.02579,-0.20934,-0.62807,0.74903,-0.03090,-1.76250,0.08912,
1787040876433339136,18.43467,15.68236,-0.12139,0.02826,-0.20107,-0.62507,0.75369,-0.04133,-1.80379,-0.09489,
1787040876500005120,18.42955,15.56605,-0.13084,0.02945,-0.19561,-0.62315,0.75667,-0.04306,-1.81177,-0.18117,
1787040876566674944,18.42079,15.44250,-0.14414,0.03129,-0.19294,-0.61879,0.76085,-0.05959,-1.84389,-0.17478,
1787040876633338880,18.40888,15.33587,-0.14937,0.03417,-0.19348,-0.61531,0.76341,-0.09399,-1.79810,0.02194,
1787040876700005888,18.39601,15.21815,-0.14085,0.04229,-0.20018,-0.60205,0.77180,-0.20137,-1.81380,0.20542,
1787040876766671872,18.37044,15.10255,-0.12182,0.05103,-0.20947,-0.60463,0.76678,-0.23958,-1.73896,0.29368,
1787040876833338880,18.33314,15.01755,-0.10230,0.05842,-0.21323,-0.60451,0.76530,-0.36256,-1.58467,0.25806,
1787040876900006144,18.29043,14.93830,-0.08975,0.06466,-0.22768,-0.59573,0.76752,-0.38640,-1.47708,0.09519,
1787040876966672896,18.26315,14.84933,-0.08926,0.06994,-0.23967,-0.58014,0.77531,-0.38096,-1.49541,-0.07553,
1787040877033339136,18.22567,14.74034,-0.09846,0.07341,-0.24657,-0.56920,0.78091,-0.38189,-1.59681,-0.17470,
1787040877100007168,18.18228,14.65594,-0.10975,0.07842,-0.24459,-0.55603,0.79048,-0.39898,-1.56656,-0.17238,
1787040877166671872,18.14130,14.55827,-0.11254,0.07539,-0.23830,-0.53551,0.80669,-0.41331,-1.60408,0.03097,
1787040877233338112,18.10670,14.44932,-0.10584,0.06826,-0.21409,-0.50923,0.83077,-0.41342,-1.60118,0.18778,
1787040877300005888,18.06596,14.36369,-0.08971,0.05772,-0.20040,-0.49129,0.84566,-0.38462,-1.55807,0.32652,
1787040877366672128,18.04205,14.23383,-0.06756,0.05089,-0.19102,-0.48158,0.85382,-0.32421,-1.62126,0.36217,
1787040877433339136,18.02182,14.11680,-0.04404,0.04222,-0.18164,-0.47941,0.85755,-0.25207,-1.60318,0.26172,
1787040877500005888,18.00536,14.00537,-0.03099,0.03196,-0.16504,-0.46942,0.86682,-0.22808,-1.59272,0.05773,
1787040877566673152,17.98927,13.90494,-0.03312,0.02012,-0.14558,-0.45691,0.87729,-0.25797,-1.63971,-0.12854,
1787040877633338880,17.97057,13.79328,-0.04492,0.00803,-0.13025,-0.44308,0.88693,-0.27264,-1.66232,-0.23069,
1787040877700006912,17.94930,13.68112,-0.05666,0.00018,-0.12064,-0.42680,0.89626,-0.29884,-1.71940,-0.11770,
1787040877766671872,17.92477,13.56488,-0.05746,-0.00015,-0.11921,-0.41624,0.90141,-0.35888,-1.72609,0.07957,
1787040877833338112,17.89524,13.45663,-0.04460,0.00945,-0.13032,-0.41346,0.90110,-0.41401,-1.68411,0.23025,
1787040877900006144,17.88856,13.28467,-0.01676,0.02775,-0.13388,-0.40909,0.90219,-0.39616,-1.70771,0.33313,
1787040877966671872,17.85588,13.23452,0.00192,0.04333,-0.13695,-0.41308,0.89930,-0.48681,-1.60703,0.24387,
1787040878033339136,17.82080,13.12803,0.00919,0.05381,-0.14796,-0.41972,0.89390,-0.52518,-1.59103,0.01959,
1787040878100007168,17.78376,13.03067,0.00044,0.06148,-0.15881,-0.41679,0.89291,-0.54060,-1.59126,-0.15627,
1787040878166671872,17.73567,13.00167,-0.02265,0.06093,-0.16313,-0.41017,0.89523,-0.57575,-1.53634,-0.27813,
1787040878233338112,17.66580,13.05158,-0.03836,0.05593,-0.16390,-0.40026,0.89989,-0.65251,-1.34584,-0.19378,
1787040878300005888,17.65927,12.67168,-0.04482,0.05169,-0.15934,-0.39711,0.90236,-0.59275,-1.75696,-0.06790,
1787040878366672128,17.62411,12.54162,-0.04062,0.05530,-0.14996,-0.38975,0.90694,-0.53657,-1.79868,0.15223,
1787040878433339136,17.59002,12.43241,-0.02645,0.06394,-0.14625,-0.38700,0.90816,-0.47009,-1.78595,0.32100,
1787040878500005888,17.53422,12.43617,0.01175,0.06342,-0.15391,-0.39993,0.90130,-0.43479,-1.68012,0.33761,
1787040878566673152,17.53522,12.18521,0.00307,0.06742,-0.15330,-0.41518,0.89419,-0.30226,-1.76421,0.07607,
1787040878633338880,17.51588,12.06097,-0.00425,0.07560,-0.14248,-0.41189,0.89685,-0.27275,-1.79278,-0.13108,
1787040878700005888,17.49702,11.89968,-0.02954,0.08124,-0.13188,-0.40973,0.89896,-0.29138,-1.87200,-0.28382,
1787040878766671872,17.47581,11.79539,-0.03490,0.08121,-0.12823,-0.40476,0.90174,-0.29507,-1.88161,-0.21237,
1787040878833338880,17.45313,11.65059,-0.04260,0.07886,-0.13219,-0.40416,0.90164,-0.29977,-1.89905,-0.04364,
1787040878900006144,17.43188,11.52678,-0.03942,0.08400,-0.13901,-0.40014,0.90195,-0.34387,-1.89287,0.18415,
1787040878966672896,17.40851,11.40606,-0.02901,0.09068,-0.14525,-0.40962,0.89604,-0.36898,-1.84358,0.25536,
1787040879033339904,17.38087,11.28666,-0.01569,0.09589,-0.14643,-0.42837,0.88649,-0.46127,-1.81300,0.25199,
1787040879100006144,17.34390,11.17871,-0.00711,0.09453,-0.15711,-0.43844,0.87986,-0.48189,-1.69924,0.04806,
1787040879166671872,17.30813,11.05282,-0.00927,0.08943,-0.16615,-0.43272,0.88156,-0.47462,-1.71433,-0.14869,
1787040879233339136,17.27478,10.93065,-0.02402,0.08015,-0.17155,-0.42634,0.88453,-0.45528,-1.78718,-0.27784,
1787040879300005888,17.24506,10.81465,-0.04326,0.07268,-0.16971,-0.41956,0.88876,-0.43915,-1.81409,-0.28472,
1787040879366672128,17.21252,10.68286,-0.06156,0.06534,-0.16618,-0.41654,0.89141,-0.46259,-1.90630,-0.13806,
1787040879433339136,17.18297,10.55954,-0.06715,0.05749,-0.15862,-0.42025,0.89159,-0.41268,-1.92294,0.03710,
1787040879500005888,17.15627,10.42368,-0.06283,0.04568,-0.14562,-0.43238,0.88868,-0.34533,-1.94408,0.19085,
1787040879566673152,17.13326,10.28730,-0.04248,0.03524,-0.14028,-0.44158,0.88549,-0.30127,-1.96147,0.27555,
1787040879633338880,17.11134,10.14790,-0.02802,0.02838,-0.13936,-0.45969,0.87662,-0.23165,-1.95725,0.13733,
1787040879700005888,17.08927,10.01415,-0.02717,0.02661,-0.13081,-0.46890,0.87310,-0.17762,-1.93059,-0.08881,
1787040879766671872,17.07458,9.87281,-0.03869,0.02160,-0.11289,-0.47006,0.87512,-0.14987,-1.97075,-0.24202,
1787040879833338880,17.06509,9.74262,-0.05523,0.01114,-0.09566,-0.46314,0.88104,-0.14414,-1.93551,-0.29562,
1787040879900006144,17.05181,9.60543,-0.06633,0.00398,-0.08404,-0.44907,0.88953,-0.15222,-1.95508,-0.15358,
1787040879966671872,17.03646,9.46303,-0.06793,0.00451,-0.08413,-0.43483,0.89656,-0.18408,-1.97372,0.06731,
1787040880033339136,17.01883,9.31184,-0.05424,0.01079,-0.08719,-0.43277,0.89721,-0.24672,-1.99185,0.23318,
1787040880100006144,16.99833,9.16140,-0.03829,0.01531,-0.08557,-0.43278,0.89730,-0.32402,-1.94755,0.29096,
1787040880166672896,16.97357,9.03483,-0.02303,0.01212,-0.09329,-0.43646,0.89479,-0.41745,-1.89587,0.15823,
1787040880233338112,16.94452,8.90921,-0.02114,0.00434,-0.10943,-0.43487,0.89381,-0.43924,-1.90018,-0.06067,
1787040880300005888,16.91748,8.78478,-0.03009,-0.00117,-0.12487,-0.42977,0.89426,-0.38934,-1.94922,-0.20968,
1787040880366673920,16.89104,8.64204,-0.05053,-0.00431,-0.13051,-0.42556,0.89546,-0.34201,-2.03107,-0.30637,
1787040880433337856,16.87110,8.50197,-0.06729,-0.00354,-0.13040,-0.41948,0.89834,-0.30948,-2.07380,-0.21795,
1787040880500005888,16.85145,8.34848,-0.07548,0.00192,-0.12079,-0.41750,0.90061,-0.27094,-2.09895,-0.07257,
1787040880566673920,16.83347,8.20861,-0.07351,0.00435,-0.11003,-0.41500,0.90313,-0.29156,-2.09058,0.12560,
1787040880633338880,16.81467,8.07272,-0.06334,-0.00003,-0.10542,-0.41716,0.90270,-0.30426,-2.09806,0.28197,
1787040880700006912,16.79376,7.91552,-0.04325,-0.01063,-0.10576,-0.42909,0.89699,-0.26408,-2.11876,0.25666,
1787040880766675968,16.77837,7.77949,-0.03429,-0.02177,-0.10058,-0.43860,0.89277,-0.20283,-2.05897,0.04132,
1787040880833338880,16.76069,7.62591,-0.03554,-0.03190,-0.09080,-0.43639,0.89460,-0.19797,-2.07771,-0.13384,
1787040880900006912,16.74159,7.47598,-0.05176,-0.03383,-0.08593,-0.43372,0.89630,-0.24421,-2.09482,-0.27823,
1787040880966671872,16.70645,7.32214,-0.07879,-0.02872,-0.08949,-0.42511,0.90025,-0.26736,-2.10800,-0.26198,
1787040881033339904,16.70295,7.17820,-0.08488,-0.01979,-0.10079,-0.41568,0.90369,-0.22308,-2.15937,-0.10269,
1787040881100007168,16.68249,7.01938,-0.08527,-0.00710,-0.10992,-0.40912,0.90581,-0.23846,-2.21343,0.19323,
1787040881166671872,16.66547,6.85858,-0.07505,0.00789,-0.11739,-0.41419,0.90256,-0.31135,-2.17152,0.24577,
1787040881233339136,16.63684,6.71713,-0.05826,0.01923,-0.13457,-0.41900,0.89775,-0.42740,-2.13678,0.20801,
1787040881300005888,16.60977,6.57376,-0.05302,0.02271,-0.15841,-0.41770,0.89438,-0.42205,-2.06803,0.01133,
1787040881366672896,16.58340,6.42496,-0.06201,0.02373,-0.17452,-0.40922,0.89528,-0.42190,-2.11230,-0.19647,
1787040881433339136,16.56059,6.26689,-0.07936,0.01582,-0.18455,-0.40105,0.89713,-0.41433,-2.17490,-0.33848,
1787040881500005888,16.53888,6.11649,-0.10186,0.00038,-0.18779,-0.38921,0.90181,-0.42113,-2.20586,-0.31924,
1787040881566673152,16.51007,5.96961,-0.11824,-0.01541,-0.18925,-0.38185,0.90451,-0.39634,-2.26595,-0.16290,
1787040881633339904,16.49308,5.81122,-0.12102,-0.03044,-0.17983,-0.37976,0.90693,-0.29159,-2.29523,0.04476,
1787040881700007936,16.47993,5.65881,-0.11274,-0.05726,-0.16399,-0.37967,0.90867,-0.16585,-2.26306,0.20351,
1787040881766671872,16.47219,5.50538,-0.09554,-0.08672,-0.14685,-0.38348,0.90767,-0.10463,-2.33507,0.30061,
1787040881833338880,16.46586,5.35241,-0.07841,-0.11286,-0.12904,-0.40182,0.89953,-0.06895,-2.35087,0.16080,
1787040881900006144,16.46011,5.18913,-0.07744,-0.13070,-0.11221,-0.41999,0.89103,-0.05952,-2.33357,-0.07447,
1787040881966672896,16.45270,5.03138,-0.08822,-0.13671,-0.09436,-0.42811,0.88833,-0.08675,-2.32898,-0.25857,
1787040882033339136,16.44220,4.87029,-0.11058,-0.13656,-0.08320,-0.43015,0.88848,-0.13177,-2.36032,-0.33659,
1787040882100007168,16.43110,4.69520,-0.13138,-0.14107,-0.08480,-0.42962,0.88788,-0.15702,-2.43471,-0.21444,
1787040882166671872,16.42340,4.53115,-0.13886,-0.14260,-0.09115,-0.43230,0.88571,-0.12090,-2.42879,0.02361,
1787040882233338112,16.41237,4.37080,-0.13050,-0.13227,-0.09547,-0.44147,0.88232,-0.17393,-2.39203,0.21006,
1787040882300005888,16.39603,4.21464,-0.11748,-0.11268,-0.10179,-0.45790,0.87594,-0.25310,-2.33081,0.24559,
1787040882366672896,16.39814,3.93093,-0.10927,-0.08547,-0.11561,-0.47622,0.86749,-0.33329,-2.43074,0.09594,
1787040882433339136,16.35742,3.85722,-0.10669,-0.05701,-0.13570,-0.47835,0.86575,-0.37016,-2.29267,-0.11131,
1787040882500006912,16.32988,3.69442,-0.11979,-0.02954,-0.14806,-0.47205,0.86855,-0.38637,-2.32067,-0.26565,
1787040882566673152,16.30446,3.52005,-0.14106,-0.00303,-0.15460,-0.46350,0.87250,-0.39662,-2.39408,-0.31012,
1787040882633338880,16.27468,3.36328,-0.15575,0.01221,-0.15752,-0.45954,0.87399,-0.45370,-2.47399,-0.21948,
1787040882700005888,16.24584,3.18924,-0.16204,0.01675,-0.15506,-0.46218,0.87297,-0.43582,-2.49364,-0.04260,
1787040882766673152,16.22267,3.00488,-0.15622,0.02427,-0.14262,-0.45928,0.87643,-0.36020,-2.47962,0.14845,
1787040882833339904,16.19767,2.84137,-0.14292,0.02901,-0.13645,-0.45914,0.87734,-0.37446,-2.52719,0.25372,
1787040882900006912,16.17389,2.67277,-0.12745,0.02747,-0.14054,-0.47872,0.86621,-0.33360,-2.53987,0.18929,
1787040882966674944,16.14928,2.51622,-0.11999,0.03059,-0.14136,-0.49544,0.85651,-0.30782,-2.47957,-0.02373,
1787040883033338112,16.11278,2.43143,-0.12195,0.03558,-0.13804,-0.49947,0.85452,-0.34193,-2.40550,-0.20151,
1787040883100007168,16.07916,2.28548,-0.13888,0.03952,-0.13647,-0.50431,0.85175,-0.39461,-2.38267,-0.31199,
1787040883166672896,16.05095,2.12966,-0.15743,0.04202,-0.13878,-0.49852,0.85466,-0.44230,-2.37543,-0.23481,
1787040883233338112,16.00999,1.98311,-0.16395,0.04524,-0.15035,-0.48858,0.85828,-0.50793,-2.34472,-0.04049,
1787040883300004864,15.97340,1.82711,-0.15893,0.05589,-0.16675,-0.48023,0.85933,-0.59333,-2.31932,0.15951,
1787040883366672896,15.92176,1.69357,-0.14274,0.07149,-0.18246,-0.47371,0.85860,-0.65530,-2.26081,0.24186,
1787040883433339136,15.86821,1.53883,-0.12574,0.08745,-0.19329,-0.47745,0.85266,-0.76594,-2.23179,0.20627,
1787040883500005888,15.80979,1.39977,-0.11526,0.10612,-0.21071,-0.47623,0.84708,-0.76704,-2.09447,0.02542,
1787040883566673152,15.75391,1.27461,-0.11382,0.13069,-0.22331,-0.45939,0.84971,-0.78874,-2.07532,-0.15370,
1787040883633338880,15.69905,1.14928,-0.12476,0.14989,-0.23343,-0.44287,0.85259,-0.78944,-2.09105,-0.24017,
1787040883700005888,15.64300,1.01257,-0.13657,0.16466,-0.23559,-0.42257,0.85955,-0.84906,-2.11855,-0.16099,
1787040883766673920,15.58494,0.88997,-0.13859,0.17458,-0.23287,-0.40958,0.86460,-0.85668,-2.11012,-0.03281,
1787040883833338880,15.52450,0.77839,-0.12952,0.18200,-0.22785,-0.39638,0.87054,-0.86150,-2.08751,0.17730,
1787040883900006144,15.45380,0.77413,-0.09873,0.18934,-0.22533,-0.38601,0.87428,-0.86110,-1.88710,0.35262,
1787040883966671872,15.39344,0.65409,-0.07388,0.19188,-0.23127,-0.39143,0.86976,-0.83450,-1.90814,0.34788,
1787040884033338112,15.32832,0.44263,-0.05945,0.19742,-0.23092,-0.39872,0.86529,-0.78052,-1.99869,0.12650,
1787040884100006144,15.27987,0.33116,-0.05675,0.20652,-0.22082,-0.39337,0.86825,-0.78841,-2.01479,-0.07044,
1787040884166672896,15.21590,0.16069,-0.06949,0.20949,-0.21323,-0.39045,0.87074,-0.83238,-2.09363,-0.21676,
1787040884233339136,15.16026,0.02313,-0.08411,0.21274,-0.20399,-0.38075,0.87645,-0.88274,-2.12337,-0.18280,
1787040884300007936,15.09819,-0.12173,-0.09063,0.21455,-0.20210,-0.38011,0.87672,-0.95281,-2.12995,0.01328,
1787040884366672128,15.03219,-0.25402,-0.08179,0.22361,-0.20905,-0.38439,0.87094,-1.07548,-2.04257,0.20392,
1787040884433337856,14.95727,-0.38883,-0.06735,0.22949,-0.22811,-0.39438,0.86010,-1.13240,-1.97884,0.29970,
1787040884500005888,14.87917,-0.51905,-0.04856,0.23155,-0.23946,-0.40450,0.85172,-1.18287,-1.95942,0.27917,
1787040884566673152,14.79849,-0.65211,-0.03996,0.22903,-0.25026,-0.41602,0.84371,-1.17696,-1.95012,0.02854,
1787040884633338880,14.71741,-0.78453,-0.04749,0.22845,-0.25905,-0.41314,0.84263,-1.17981,-1.95631,-0.17479,
1787040884700005888,14.64132,-0.89684,-0.06348,0.22769,-0.26082,-0.40778,0.84489,-1.18922,-1.96854,-0.27655,
1787040884766673920,14.56274,-1.02385,-0.07933,0.22861,-0.25642,-0.39816,0.85056,-1.22883,-1.98729,-0.17372,
1787040884833338880,14.47968,-1.15753,-0.08526,0.22331,-0.25067,-0.39567,0.85483,-1.25486,-2.03882,0.01153,
1787040884900007936,14.39461,-1.28370,-0.08087,0.21245,-0.24227,-0.39816,0.85886,-1.24753,-2.09014,0.21642,
1787040884966672896,14.31607,-1.42010,-0.06414,0.20110,-0.23948,-0.40557,0.85891,-1.14795,-2.14146,0.31973,
1787040885033338112,14.24262,-1.54288,-0.05152,0.19017,-0.23664,-0.42873,0.85090,-1.04339,-2.18244,0.28139,
1787040885100007936,14.17418,-1.66541,-0.04615,0.18516,-0.22468,-0.45074,0.84384,-0.97323,-2.11849,0.04974,
1787040885166672896,14.10245,-1.80170,-0.05440,0.18126,-0.21046,-0.46127,0.84266,-0.98912,-2.12614,-0.16103,
1787040885233339136,14.02975,-1.93719,-0.07015,0.17823,-0.19814,-0.46708,0.84309,-1.01226,-2.11425,-0.29378,
1787040885300007168,13.95672,-2.07896,-0.09129,0.17976,-0.19172,-0.46514,0.84533,-1.04237,-2.14494,-0.24644,
1787040885366673920,13.88299,-2.22080,-0.10130,0.18497,-0.19353,-0.46607,0.84327,-1.06939,-2.11110,-0.02800,
1787040885433339136,13.80874,-2.36759,-0.09458,0.19615,-0.20256,-0.46377,0.83989,-1.11338,-2.08551,0.22348,
1787040885500005888,13.73748,-2.50327,-0.07727,0.20770,-0.20666,-0.46494,0.83545,-1.08651,-1.94030,0.30093,
1787040885566672128,13.66060,-2.63103,-0.05756,0.21082,-0.21045,-0.46581,0.83324,-1.14690,-1.81363,0.26202,
1787040885633339904,13.57515,-2.78821,-0.04733,0.21106,-0.22374,-0.45451,0.83595,-1.14946,-1.82908,0.04988,
1787040885700006912,13.49880,-2.91387,-0.04981,0.20875,-0.23281,-0.44143,0.84105,-1.16141,-1.88588,-0.16656,
1787040885766673152,13.43337,-3.01291,-0.06221,0.20289,-0.24059,-0.42982,0.84629,-1.16083,-1.93221,-0.29985,
1787040885833338880,13.36579,-3.12402,-0.08056,0.19620,-0.24047,-0.41663,0.85446,-1.18200,-1.98568,-0.25233,
1787040885900006144,13.28739,-3.26012,-0.09445,0.18304,-0.24046,-0.41626,0.85756,-1.19493,-2.09350,-0.08596,
1787040885966674176,13.22042,-3.38516,-0.09041,0.16990,-0.22780,-0.42059,0.86160,-1.15304,-2.12477,0.15241,
1787040886033338112,13.15384,-3.51434,-0.08003,0.15567,-0.22120,-0.43144,0.86064,-1.09117,-2.09962,0.25430,
1787040886100006144,13.08823,-3.64583,-0.06432,0.14786,-0.22504,-0.44602,0.85356,-1.00646,-2.10961,0.25286,
1787040886166672896,13.02479,-3.78286,-0.05244,0.14817,-0.22164,-0.46201,0.84585,-0.91444,-2.07225,0.07849,
1787040886233338112,12.96481,-3.91734,-0.04999,0.15169,-0.20603,-0.46730,0.84627,-0.90276,-2.08807,-0.10616,
1787040886300005888,12.90586,-4.04958,-0.06208,0.15430,-0.19177,-0.47165,0.84673,-0.94266,-2.08838,-0.25841,
1787040886366672128,12.84242,-4.18361,-0.07988,0.15637,-0.18605,-0.46941,0.84887,-0.96897,-2.07826,-0.24808,
1787040886433339136,12.77486,-4.32403,-0.08954,0.15721,-0.18798,-0.46021,0.85332,-0.99671,-2.03781,-0.06825,
1787040886500005888,12.70745,-4.46221,-0.08480,0.15779,-0.19759,-0.44361,0.85981,-1.04072,-2.04477,0.20970,
1787040886566673920,12.64258,-4.59270,-0.07046,0.15635,-0.20466,-0.44630,0.85702,-1.04148,-1.96478,0.28542,
1787040886633338880,12.57237,-4.72947,-0.04968,0.15528,-0.20770,-0.45221,0.85338,-1.10357,-1.84351,0.28630,
1787040886700005888,12.49696,-4.84641,-0.03430,0.15152,-0.22340,-0.44702,0.85282,-1.08938,-1.76615,0.08606,
1787040886766673920,12.44015,-4.93437,-0.02725,0.15027,-0.22998,-0.43136,0.85933,-1.03455,-1.76100,-0.09477,
1787040886833338880,12.38260,-5.03335,-0.03341,0.14857,-0.23244,-0.41730,0.86589,-1.02153,-1.80680,-0.23621,
1787040886900006912,12.31802,-5.15838,-0.04801,0.14275,-0.22973,-0.40222,0.87468,-1.04026,-1.84730,-0.24151,
1787040886966674944,12.25696,-5.27407,-0.05713,0.13146,-0.22674,-0.39099,0.88229,-1.05813,-1.91346,-0.07354,
1787040887033339136,12.19084,-5.40120,-0.05497,0.12110,-0.21780,-0.38658,0.88795,-1.00949,-1.94879,0.12565,
1787040887100007168,12.12598,-5.53134,-0.04373,0.11537,-0.21102,-0.38892,0.88933,-0.97905,-1.99385,0.23674,
1787040887166671872,12.05972,-5.66781,-0.02543,0.11657,-0.21427,-0.40297,0.88211,-0.92558,-2.06076,0.28854,
1787040887233338112,11.99920,-5.81406,-0.01118,0.12162,-0.21525,-0.42156,0.87245,-0.87796,-2.08320,0.17260,
1787040887300007168,11.94361,-5.96092,-0.00850,0.11918,-0.21316,-0.43551,0.86642,-0.84095,-2.08078,-0.02553,
1787040887366672128,11.89255,-6.08819,-0.01535,0.11793,-0.20151,-0.43947,0.86738,-0.82354,-2.07420,-0.17732,
1787040887433339136,11.83772,-6.22982,-0.03191,0.12428,-0.19184,-0.43828,0.86929,-0.84617,-2.07805,-0.26319,
1787040887500005888,11.77762,-6.37158,-0.04730,0.13395,-0.19057,-0.43348,0.87054,-0.90110,-2.10828,-0.14408,
1787040887566673920,11.71890,-6.51011,-0.04964,0.14545,-0.19569,-0.42741,0.87056,-0.93049,-2.09726,0.10530,
1787040887633338880,11.65796,-6.65135,-0.03814,0.15609,-0.20350,-0.43001,0.86563,-0.96329,-2.06575,0.25609,
1787040887700005888,11.60353,-6.78016,-0.01963,0.16456,-0.20086,-0.43931,0.85999,-0.99531,-1.96482,0.32094,
1787040887766671872,11.54175,-6.91804,-0.00313,0.16939,-0.20860,-0.44830,0.85253,-1.04806,-1.87383,0.17527,
1787040887833338112,11.48683,-7.00964,0.00433,0.17490,-0.22451,-0.44342,0.84993,-1.05184,-1.78423,-0.06086,
1787040887900006144,11.42296,-7.13709,-0.00613,0.17465,-0.24432,-0.43791,0.84737,-1.06214,-1.86147,-0.22178,
1787040887966671872,11.36346,-7.25017,-0.02063,0.17318,-0.25728,-0.43618,0.84472,-1.02655,-1.88007,-0.27045,
1787040888033339136,11.30216,-7.37029,-0.03541,0.17527,-0.25987,-0.43014,0.84660,-1.04297,-1.92941,-0.15926,
1787040888100006144,11.23296,-7.50379,-0.03977,0.17620,-0.25675,-0.43009,0.84738,-1.00210,-1.93898,0.02284,
1787040888166672896,11.17786,-7.62323,-0.03276,0.17456,-0.24499,-0.42982,0.85133,-0.93996,-1.93805,0.18898,
1787040888233338112,11.11765,-7.75264,-0.01759,0.16785,-0.23605,-0.42601,0.85710,-0.92366,-1.95706,0.30681,
1787040888300005888,11.05821,-7.90290,0.00172,0.15834,-0.24111,-0.43177,0.85462,-0.86130,-1.97616,0.26697,
1787040888366673920,11.00880,-8.02276,0.01673,0.16233,-0.24042,-0.43117,0.85436,-0.75441,-1.92501,0.06007,
1787040888433339136,10.95941,-8.14703,0.01781,0.17219,-0.22991,-0.42373,0.85904,-0.75069,-1.96283,-0.11563,
1787040888500005888,10.90689,-8.28606,0.00484,0.18157,-0.22253,-0.41682,0.86243,-0.76404,-1.99495,-0.24571,
1787040888566672128,10.85570,-8.42742,-0.01150,0.19095,-0.21732,-0.41033,0.86484,-0.78260,-2.02751,-0.17276,
1787040888633337856,10.81166,-8.53598,-0.01100,0.19783,-0.21935,-0.40222,0.86658,-0.80868,-1.96496,0.00411,
1787040888700006912,10.75466,-8.67542,-0.00446,0.20660,-0.22760,-0.39234,0.86694,-0.85875,-1.99755,0.22721,
1787040888766671872,10.70359,-8.81335,0.00919,0.21738,-0.23072,-0.40390,0.85812,-0.90971,-1.97643,0.27743,
1787040888833338112,10.64435,-8.93367,0.02296,0.22429,-0.23871,-0.42458,0.84407,-1.01387,-1.90063,0.24089,
1787040888900006912,10.58608,-9.05968,0.02545,0.22610,-0.25480,-0.44169,0.82998,-1.00655,-1.83993,0.02134,
1787040888966672896,10.52120,-9.17981,0.01996,0.22399,-0.26957,-0.45227,0.82013,-0.99983,-1.84447,-0.16660,
1787040889033339136,10.45335,-9.31856,0.00683,0.21972,-0.27693,-0.45516,0.81723,-0.98366,-1.86201,-0.24174,
1787040889100004864,10.38660,-9.43228,-0.00575,0.21754,-0.27555,-0.45017,0.82103,-1.02483,-1.84962,-0.22407,
1787040889166672896,10.31617,-9.55282,-0.01575,0.21543,-0.27568,-0.44100,0.82650,-1.06048,-1.86018,-0.05608,
1787040889233338112,10.24759,-9.67595,-0.01159,0.21647,-0.26004,-0.43467,0.83462,-1.02692,-1.85971,0.12071,
1787040889300007168,10.17963,-9.76149,0.00766,0.21585,-0.24786,-0.42543,0.84320,-1.00097,-1.78566,0.23857,
1787040889366672128,10.10495,-9.91065,0.02371,0.21683,-0.24675,-0.42065,0.84567,-1.01507,-1.90172,0.27547,
1787040889433337856,10.03590,-10.03034,0.03755,0.21591,-0.25135,-0.42970,0.83998,-0.96704,-1.90961,0.16100,
1787040889500005888,9.97473,-10.15681,0.04443,0.21814,-0.24807,-0.43184,0.83928,-0.90955,-1.89991,-0.00551,
1787040889566673920,9.91502,-10.27795,0.04000,0.22474,-0.23825,-0.42840,0.84214,-0.93622,-1.93555,-0.16260,
1787040889633337856,9.84939,-10.41363,0.02329,0.23137,-0.23268,-0.42741,0.84241,-0.98632,-1.98257,-0.25238,
1787040889700006912,9.78003,-10.55472,0.00582,0.23293,-0.23389,-0.42814,0.84127,-1.04049,-2.02899,-0.14449,
1787040889766673152,9.70802,-10.65947,0.00116,0.23315,-0.23982,-0.43080,0.83818,-1.07813,-1.98284,0.06031,
1787040889833339904,9.63349,-10.78471,0.00878,0.23631,-0.25216,-0.43810,0.82985,-1.13921,-1.93128,0.16779,
1787040889900006144,9.55691,-10.91210,0.02027,0.24449,-0.25995,-0.44637,0.82061,-1.17046,-1.85626,0.21431,
1787040889966674176,9.47293,-11.02291,0.02747,0.24733,-0.27184,-0.46385,0.80609,-1.24586,-1.79038,0.13071,
1787040890033339136,9.38490,-11.13222,0.02983,0.24536,-0.28426,-0.48169,0.79182,-1.22628,-1.72151,-0.03929,
1787040890100006144,9.29186,-11.26643,0.01919,0.24113,-0.29117,-0.48987,0.78556,-1.25674,-1.76169,-0.19981,
1787040890166672896,9.20013,-11.39825,0.00093,0.23290,-0.29509,-0.49860,0.78108,-1.29090,-1.79131,-0.30259,
1787040890233339904,9.10857,-11.54493,-0.02054,0.22751,-0.29609,-0.50260,0.77972,-1.33522,-1.83749,-0.22588,
1787040890300007168,9.01286,-11.68884,-0.02889,0.21879,-0.29206,-0.51418,0.77618,-1.29997,-1.85023,-0.04466,
1787040890366673920,8.93435,-11.78051,-0.02569,0.20877,-0.27513,-0.52102,0.78055,-1.29376,-1.85885,0.10213,
1787040890433337856,8.84434,-11.89894,-0.01276,0.19601,-0.26687,-0.53105,0.77996,-1.28032,-1.83687,0.19198,
1787040890500005888,8.76170,-11.98986,0.00008,0.18794,-0.27279,-0.54424,0.77075,-1.22755,-1.83264,0.18051,
1787040890566672128,8.70256,-12.04365,0.01323,0.18634,-0.27179,-0.55836,0.76134,-1.09728,-1.68302,0.07991,
1787040890633341184,8.64123,-12.11555,0.01925,0.18993,-0.26016,-0.55952,0.76366,-1.08485,-1.63556,-0.07133,
1787040890700005888,8.56047,-12.23672,0.01205,0.19275,-0.25274,-0.56026,0.76490,-1.13510,-1.64800,-0.19504,
1787040890766673152,8.48081,-12.35372,-0.00270,0.19711,-0.25190,-0.55464,0.76816,-1.16954,-1.64187,-0.19831,
1787040890833338880,8.40590,-12.45213,-0.00564,0.20232,-0.25970,-0.54444,0.77150,-1.17933,-1.60465,-0.03100,
1787040890900005120,8.32644,-12.55790,-0.00082,0.21195,-0.27224,-0.52424,0.77854,-1.19715,-1.55945,0.16209,
1787040890966674176,8.24001,-12.67795,0.01808,0.22289,-0.28844,-0.50908,0.77972,-1.15391,-1.49884,0.30395,
1787040891033339136,8.16212,-12.78332,0.04333,0.23404,-0.28652,-0.49109,0.78865,-1.21078,-1.49063,0.30288,
1787040891100004864,8.07094,-12.91052,0.06404,0.23885,-0.29684,-0.48318,0.78827,-1.23726,-1.46302,0.20042,
1787040891166671872,8.01644,-12.95308,0.07583,0.24754,-0.30443,-0.46815,0.79176,-1.20655,-1.38754,0.01678,
1787040891233339136,7.92834,-13.07042,0.07278,0.25630,-0.31506,-0.45605,0.79187,-1.24333,-1.48036,-0.11596,
1787040891300004864,7.86119,-13.14666,0.06398,0.26476,-0.32024,-0.44718,0.79207,-1.23150,-1.50488,-0.17636,
1787040891366672128,7.77212,-13.27285,0.05056,0.27157,-0.32141,-0.43839,0.79420,-1.26730,-1.57559,-0.10789,
1787040891433339136,7.70214,-13.35677,0.04701,0.27573,-0.31568,-0.43456,0.79717,-1.22831,-1.57169,0.02534,
1787040891500006912,7.61974,-13.46422,0.05455,0.27902,-0.30341,-0.43057,0.80293,-1.18648,-1.56217,0.16938,
1787040891566672128,7.55883,-13.53566,0.06878,0.28253,-0.29336,-0.42019,0.81090,-1.15635,-1.56340,0.27163,
1787040891633338880,7.48172,-13.64482,0.08556,0.27981,-0.29456,-0.42228,0.81032,-1.12118,-1.61297,0.27534,
1787040891700006912,7.40996,-13.75643,0.09891,0.28123,-0.28987,-0.42621,0.80947,-1.00984,-1.61588,0.15198,
1787040891766673152,7.34571,-13.86158,0.10581,0.28978,-0.27209,-0.42215,0.81473,-1.00252,-1.64868,-0.00565,
1787040891833338880,7.27679,-13.97475,0.10004,0.29821,-0.25699,-0.41952,0.81795,-1.04594,-1.66619,-0.13985,
1787040891900006144,7.22815,-14.04319,0.08654,0.30449,-0.24981,-0.41169,0.82182,-1.04439,-1.60266,-0.14667,
1787040891966674176,7.15350,-14.15629,0.07991,0.30940,-0.25318,-0.40289,0.82332,-1.08426,-1.60401,-0.02934,
1787040892033339136,7.07896,-14.27218,0.07897,0.31728,-0.26053,-0.39072,0.82389,-1.09777,-1.59981,0.18185,
1787040892100004864,7.00079,-14.38820,0.09344,0.32495,-0.27093,-0.38624,0.81965,-1.12415,-1.56885,0.22943,
1787040892166673920,6.92602,-14.49307,0.10270,0.33300,-0.27899,-0.39122,0.81131,-1.22781,-1.53453,0.23227,
1787040892233338112,6.85044,-14.58984,0.11277,0.33670,-0.29767,-0.40047,0.79853,-1.26590,-1.47419,0.10895,
1787040892300005888,6.78083,-14.65601,0.11294,0.33687,-0.31967,-0.40856,0.78575,-1.27257,-1.41651,-0.05896,
1787040892366672896,6.69961,-14.74617,0.10766,0.33678,-0.34084,-0.40721,0.77755,-1.24711,-1.42238,-0.16733,
1787040892433340160,6.61890,-14.83701,0.09691,0.34273,-0.34708,-0.40361,0.77406,-1.27087,-1.44215,-0.22732,
1787040892500005888,6.53576,-14.92437,0.08362,0.34576,-0.35257,-0.40174,0.77120,-1.34167,-1.45153,-0.15476,
1787040892566673152,6.44616,-15.02083,0.07821,0.34691,-0.35601,-0.40256,0.76867,-1.34856,-1.44687,0.03104,
1787040892633338880,6.35810,-15.11144,0.08581,0.34636,-0.35778,-0.40436,0.76715,-1.33710,-1.45924,0.19385,
1787040892700005888,6.27501,-15.20163,0.09995,0.34365,-0.36075,-0.40514,0.76657,-1.24643,-1.44471,0.21488,
1787040892766673152,6.19326,-15.30547,0.11454,0.33742,-0.36556,-0.41288,0.76292,-1.16609,-1.54723,0.21648,
1787040892833338880,6.11684,-15.42408,0.12578,0.32119,-0.35136,-0.42878,0.76781,-1.09686,-1.62429,0.09171,
1787040892900006144,6.05421,-15.51369,0.13021,0.28111,-0.32392,-0.44576,0.78572,-1.07114,-1.64903,-0.02696,
1787040892966674176,5.98875,-15.60938,0.12631,0.23767,-0.29161,-0.45493,0.80717,-1.06007,-1.61030,-0.12817,
1787040893033338112,5.91217,-15.71530,0.11672,0.20397,-0.26932,-0.45039,0.82644,-1.12079,-1.51503,-0.18966,
1787040893100007168,5.83573,-15.81091,0.10651,0.17828,-0.26687,-0.43850,0.83948,-1.16522,-1.54783,-0.08852,
1787040893166673920,5.74373,-15.93542,0.10372,0.16456,-0.26643,-0.43446,0.84450,-1.20646,-1.59597,0.07592,
1787040893233339136,5.66308,-16.02478,0.10889,0.16468,-0.27753,-0.44554,0.83508,-1.21316,-1.46900,0.16395,
1787040893300007168,5.56873,-16.12916,0.11642,0.19123,-0.28579,-0.44209,0.82844,-1.27829,-1.36522,0.20659,
1787040893366672896,5.48564,-16.19346,0.12604,0.23543,-0.31419,-0.44124,0.80695,-1.32186,-1.21308,0.12416,
1787040893433340160,5.40823,-16.25335,0.12759,0.28229,-0.34576,-0.43161,0.78389,-1.29278,-1.13848,-0.02949,
1787040893500005120,5.33589,-16.30406,0.12027,0.31679,-0.37531,-0.41460,0.76609,-1.27219,-1.10403,-0.12620,
1787040893566673152,5.25506,-16.37656,0.10807,0.34603,-0.39389,-0.39574,0.75400,-1.28480,-1.16065,-0.18802,
1787040893633338880,5.16613,-16.46216,0.09246,0.36955,-0.40715,-0.38384,0.74184,-1.31746,-1.19424,-0.19602,
1787040893700005888,5.07671,-16.54167,0.08207,0.38741,-0.41722,-0.37032,0.73397,-1.33754,-1.22157,-0.07797,
1787040893766673152,4.99939,-16.60029,0.08159,0.39896,-0.41759,-0.35853,0.73342,-1.35589,-1.21773,0.07464,
1787040893833338880,4.90615,-16.68547,0.08655,0.39843,-0.42375,-0.35753,0.73066,-1.28446,-1.22357,0.15324,
1787040893900006912,4.81849,-16.76882,0.09355,0.40133,-0.43182,-0.35506,0.72554,-1.24621,-1.26276,0.15189,
1787040893966674944,4.73650,-16.85325,0.10187,0.40730,-0.43693,-0.36246,0.71542,-1.20430,-1.27790,0.07543,
1787040894033339904,4.63674,-16.95952,0.09828,0.41572,-0.43950,-0.36508,0.70763,-1.23830,-1.29670,-0.06437,
1787040894100007936,4.55301,-17.04893,0.09013,0.42413,-0.44439,-0.36399,0.70010,-1.26637,-1.31768,-0.16325,
1787040894166672896,4.44539,-17.16408,0.07422,0.43207,-0.45038,-0.36280,0.69199,-1.33254,-1.35440,-0.22228,
1787040894233339136,4.35635,-17.25758,0.05941,0.43799,-0.46072,-0.35812,0.68385,-1.30652,-1.35614,-0.17245,
1787040894300005888,4.27636,-17.34042,0.05242,0.44619,-0.46835,-0.34810,0.67852,-1.23982,-1.31015,-0.03322,
1787040894366672896,4.18918,-17.43252,0.05415,0.45854,-0.47847,-0.32949,0.67249,-1.27060,-1.22639,0.09266,
1787040894433337856,4.11177,-17.50251,0.06323,0.47327,-0.48918,-0.31254,0.66260,-1.26980,-1.15503,0.12593,
1787040894500006912,4.02658,-17.57503,0.07108,0.48820,-0.50249,-0.29834,0.64820,-1.34427,-1.08433,0.08471,
1787040894566672128,3.93086,-17.65596,0.07374,0.49724,-0.52268,-0.29528,0.62638,-1.36287,-1.05531,-0.00650,
1787040894633338880,3.86242,-17.69855,0.07152,0.50836,-0.53708,-0.28599,0.60936,-1.30035,-0.95444,-0.11018,
1787040894700005120,3.78525,-17.75245,0.06301,0.51711,-0.55498,-0.26916,0.59341,-1.28989,-0.91719,-0.17242,
1787040894766671872,3.71849,-17.78857,0.05097,0.52771,-0.56712,-0.25132,0.58029,-1.28631,-0.87501,-0.20625,
1787040894833338880,3.66525,-17.80292,0.03999,0.53610,-0.57497,-0.23839,0.57024,-1.25244,-0.78776,-0.17396,
1787040894900006912,3.59347,-17.83909,0.03175,0.54153,-0.58058,-0.22231,0.56590,-1.27212,-0.74522,-0.09330,
1787040894966672896,3.50365,-17.89332,0.02736,0.53898,-0.58299,-0.21537,0.56854,-1.32393,-0.74810,-0.02460,
1787040895033339136,3.43644,-17.92206,0.02814,0.53623,-0.58364,-0.21130,0.57199,-1.24620,-0.70418,0.02491,
1787040895100004864,3.35203,-17.96758,0.03047,0.53095,-0.59412,-0.20768,0.56744,-1.24392,-0.72352,0.07107,
1787040895166672896,3.26174,-18.01993,0.03352,0.53124,-0.60187,-0.20973,0.55817,-1.23860,-0.71083,0.06819,
1787040895233338112,3.18001,-18.06437,0.03579,0.53662,-0.60771,-0.21024,0.54637,-1.23232,-0.65450,-0.00869,
1787040895300005888,3.11260,-18.08400,0.03059,0.54935,-0.61764,-0.20464,0.52427,-1.20705,-0.55765,-0.10442,
1787040895366672128,3.04538,-18.10192,0.02049,0.56729,-0.62977,-0.19506,0.49348,-1.19262,-0.47206,-0.19494,
1787040895433337856,2.96486,-18.13066,0.00463,0.58247,-0.64433,-0.17925,0.46200,-1.15821,-0.44265,-0.21314,
1787040895500006912,2.89474,-18.15196,-0.00895,0.59734,-0.65732,-0.15942,0.43094,-1.11539,-0.43321,-0.15786,
1787040895566672128,2.82728,-18.17476,-0.01602,0.61462,-0.66559,-0.13248,0.40209,-1.07831,-0.41187,-0.03036,
1787040895633339904,2.75885,-18.19787,-0.01416,0.63039,-0.67200,-0.10344,0.37461,-1.07070,-0.39653,0.07312,
1787040895700005120,2.69709,-18.21510,-0.00951,0.64824,-0.67434,-0.08002,0.34445,-1.00974,-0.30997,0.05535,
1787040895766671872,2.64796,-18.22120,-0.00543,0.66568,-0.67760,-0.05316,0.30808,-0.92825,-0.19861,0.02980,
1787040895833339904,2.60335,-18.22057,-0.00394,0.67893,-0.68189,-0.02812,0.27071,-0.88927,-0.09880,-0.02245,
1787040895900006912,2.55072,-18.22197,-0.00665,0.68577,-0.68786,-0.00853,0.23769,-0.84398,-0.03155,-0.07670,
1787040895966674176,2.49120,-18.22604,-0.01226,0.69066,-0.69170,0.01144,0.21074,-0.81122,0.01200,-0.11047,
1787040896033339136,2.44972,-18.21801,-0.01720,0.69515,-0.69293,0.02948,0.18907,-0.75362,0.07140,-0.12139,
1787040896100007168,2.40783,-18.20909,-0.02399,0.70048,-0.69135,0.04623,0.17096,-0.72036,0.11145,-0.10273,
1787040896166673920,2.37497,-18.19148,-0.02513,0.70692,-0.68692,0.06161,0.15686,-0.71227,0.21594,-0.02205,
1787040896233339136,2.34212,-18.16982,-0.02480,0.70820,-0.68768,0.06929,0.14404,-0.68741,0.19620,-0.05253,
1787040896300005888,2.32845,-18.13430,-0.02284,0.70411,-0.69384,0.07999,0.12813,-0.64972,0.25573,-0.00957,
1787040896366672128,2.29548,-18.11073,-0.02241,0.70125,-0.69923,0.08661,0.10872,-0.64270,0.25706,-0.00698,
1787040896433340160,2.27579,-18.07740,-0.01948,0.69993,-0.70293,0.08843,0.09030,-0.61154,0.29022,-0.02176,
1787040896500005888,2.26035,-18.04385,-0.01762,0.69950,-0.70481,0.09315,0.07252,-0.56214,0.32184,-0.03635,
1787040896566672128,2.25871,-18.00685,-0.01619,0.70169,-0.70360,0.10140,0.04788,-0.55485,0.35944,-0.04709,
1787040896633338880,2.24150,-17.97320,-0.01892,0.70107,-0.70500,0.10459,0.02298,-0.54734,0.37620,-0.06634,
1787040896700005120,2.22414,-17.94449,-0.02291,0.69876,-0.70625,0.11378,0.00174,-0.51453,0.34861,-0.04079,
1787040896766671872,2.19402,-17.91804,-0.02435,0.69625,-0.70589,0.12867,-0.02017,-0.51194,0.33508,0.01933,
1787040896833338880,2.17665,-17.89873,-0.02115,0.69773,-0.70183,0.13750,-0.04121,-0.47074,0.31455,0.06511,
1787040896900006144,2.13624,-17.86854,-0.01921,0.69680,-0.70098,0.13995,-0.05926,-0.41916,0.35002,0.01832,
1787040896966672896,2.11095,-17.84510,-0.01903,0.68957,-0.70638,0.14301,-0.07118,-0.32471,0.33257,-0.00717,
1787040897033338112,2.09147,-17.82392,-0.02014,0.68290,-0.71076,0.15021,-0.07685,-0.26187,0.29532,-0.00968,
1787040897100004864,2.08203,-17.80678,-0.02343,0.68028,-0.71072,0.15878,-0.08301,-0.21119,0.27155,-0.01766,
1787040897166671872,2.06967,-17.78983,-0.02258,0.67812,-0.71080,0.16333,-0.09074,-0.16339,0.27369,-0.03764,
1787040897233339136,2.07297,-17.77568,-0.02610,0.67472,-0.71240,0.16678,-0.09708,-0.09679,0.24162,-0.03308,
1787040897300007168,2.06205,-17.76050,-0.02831,0.67311,-0.71300,0.16835,-0.10100,-0.05722,0.22709,-0.02225,
1787040897366671104,2.06820,-17.75254,-0.02944,0.67352,-0.71232,0.16985,-0.10065,0.01057,0.21250,-0.01361,
1787040897433337856,2.08228,-17.73878,-0.03342,0.67338,-0.71219,0.17133,-0.09996,0.08389,0.20963,-0.00866,
1787040897500005120,2.09001,-17.73084,-0.03153,0.67400,-0.71138,0.17290,-0.09881,0.13957,0.23605,-0.01660,
1787040897566672128,2.10687,-17.71736,-0.03380,0.67343,-0.71267,0.17282,-0.09340,0.20874,0.27821,-0.03840,
1787040897633338880,2.12822,-17.70012,-0.03826,0.67035,-0.71731,0.17105,-0.08268,0.28917,0.31330,-0.06972,
1787040897700005120,2.15478,-17.68176,-0.04377,0.66539,-0.72360,0.17006,-0.06889,0.35186,0.31497,-0.06111,
1787040897766671872,2.18994,-17.66922,-0.04397,0.66284,-0.72798,0.16648,-0.05456,0.36280,0.29811,-0.02972,
1787040897833338880,2.22042,-17.65381,-0.04268,0.66226,-0.73097,0.15968,-0.03992,0.34964,0.29844,-0.03343,
1787040897900006912,2.24307,-17.63354,-0.04472,0.65783,-0.73642,0.15568,-0.02656,0.30930,0.27814,-0.03392,
1787040897966674176,2.26306,-17.61508,-0.04688,0.65354,-0.74126,0.15225,-0.01559,0.25806,0.25566,-0.02814,
1787040898033339136,2.27784,-17.59847,-0.04756,0.64914,-0.74577,0.14966,-0.00667,0.21773,0.24820,-0.02546,
1787040898100007936,2.29076,-17.58292,-0.04851,0.64431,-0.75019,0.14862,-0.00009,0.17576,0.22278,-0.02062,
1787040898166672896,2.29884,-17.57161,-0.04922,0.63914,-0.75470,0.14806,0.00370,0.12870,0.17773,-0.02453,
1787040898233339904,2.30599,-17.56213,-0.05051,0.63575,-0.75731,0.14924,0.00595,0.09524,0.11390,-0.02593,
1787040898300005888,2.30880,-17.55578,-0.05158,0.63268,-0.75902,0.15346,0.00730,0.04951,0.05957,0.00615,
1787040898366672128,2.31165,-17.55361,-0.04981,0.63476,-0.75608,0.15931,0.00574,0.00546,0.00695,0.05922,
1787040898433339136,2.31145,-17.55415,-0.04665,0.64050,-0.75025,0.16394,-0.00059,-0.04350,-0.03992,0.10611,
1787040898500005120,2.31060,-17.55703,-0.04231,0.65029,-0.74057,0.16908,-0.00927,-0.07592,-0.07184,0.12594,
1787040898566672128,2.29185,-17.59694,-0.01013,0.66375,-0.72720,0.17384,-0.01985,-0.11831,-0.09448,0.15153,
1787040898633338880,2.27388,-17.59817,0.00412,0.67950,-0.71190,0.17537,-0.02686,-0.14748,-0.09718,0.17857,
1787040898700006912,2.25734,-17.60327,0.01295,0.69760,-0.69486,0.17242,-0.02813,-0.12501,-0.10483,0.20294,
1787040898766673152,2.24925,-17.61189,0.02765,0.71974,-0.67334,0.16716,-0.02534,-0.07802,-0.15574,0.23443,
1787040898833338112,2.24439,-17.62178,0.04180,0.74202,-0.64997,0.16270,-0.02168,-0.03434,-0.20880,0.22844,
1787040898900006144,2.24144,-17.63534,0.05461,0.76833,-0.62091,0.15453,-0.01619,0.00262,-0.19858,0.20082,
1787040898966672896,2.24267,-17.64686,0.06461,0.78998,-0.59641,0.14192,-0.00949,0.05774,-0.17856,0.16819,
1787040899033339136,2.24629,-17.65736,0.07333,0.80737,-0.57571,0.12922,-0.00270,0.11663,-0.17627,0.14259,
1787040899100004864,2.25332,-17.66863,0.08030,0.82329,-0.55401,0.12351,0.00454,0.14367,-0.17437,0.10300,
1787040899166671872,2.25905,-17.67908,0.08423,0.83531,-0.53657,0.11950,0.00875,0.10253,-0.14701,0.08266,
1787040899233339136,2.26292,-17.68830,0.08652,0.84395,-0.52317,0.11800,0.01111,0.07175,-0.13780,0.04981,
1787040899300005888,2.26588,-17.69829,0.08954,0.85256,-0.50775,0.12296,0.01465,0.05122,-0.15893,0.05531,
1787040899366672896,2.26620,-17.70737,0.09190,0.86053,-0.49141,0.13313,0.01669,-0.01707,-0.11827,0.03377,
1787040899433339136,2.26188,-17.71547,0.09427,0.86756,-0.47862,0.13383,0.01884,-0.07594,-0.10166,0.04095,
1787040899500005888,2.25710,-17.72370,0.09568,0.87603,-0.46331,0.13240,0.01970,-0.07156,-0.08580,0.04403,
1787040899566672128,2.25508,-17.73579,0.08104,0.88211,-0.45073,0.13603,0.01517,-0.06615,-0.09604,0.02151,
1787040899633338880,2.25071,-17.74224,0.08233,0.88789,-0.43824,0.13991,0.00420,-0.06279,-0.07480,0.01018,
1787040899700005888,2.23447,-17.74643,0.08904,0.89171,-0.42953,0.14256,-0.00535,-0.06566,-0.04024,-0.00036,
1787040899766671872,2.24095,-17.74276,0.09310,0.89158,-0.42744,0.14916,-0.01149,-0.03800,0.00406,0.00008,
1787040899833338880,2.23891,-17.74178,0.09165,0.89459,-0.41975,0.15213,-0.01922,-0.03750,-0.03026,0.00175,
1787040899900006912,2.23449,-17.74190,0.09329,0.89837,-0.41023,0.15498,-0.02498,-0.04378,-0.04214,0.01605,
1787040899966671872,2.22838,-17.74002,0.09511,0.90336,-0.39906,0.15480,-0.02702,-0.04365,-0.05464,0.01289,
1787040900033338112,2.22535,-17.74444,0.09803,0.90751,-0.38968,0.15433,-0.02765,-0.03407,-0.05646,0.01669,
1787040900100007168,2.22250,-17.75013,0.10011,0.91172,-0.37997,0.15377,-0.02734,-0.02952,-0.05966,0.01060,
1787040900166672896,2.22172,-17.75245,0.10010,0.91481,-0.37261,0.15363,-0.02599,-0.00866,-0.01863,-0.00301,
1787040900233339904,2.22065,-17.75362,0.10006,0.91639,-0.36847,0.15452,-0.02434,-0.00428,0.00488,-0.00515,
1787040900300007168,2.21983,-17.75263,0.09870,0.91613,-0.36914,0.15434,-0.02501,0.00763,0.02127,0.00054,
1787040900366672128,2.22024,-17.75117,0.09727,0.91365,-0.37479,0.15513,-0.02668,0.01453,0.03372,-0.00086,
1787040900433339136,2.22024,-17.75025,0.09709,0.91127,-0.38074,0.15441,-0.02798,0.01632,0.00340,-0.00737,
1787040900500006912,2.22040,-17.75022,0.09793,0.91052,-0.38273,0.15388,-0.02807,0.02884,0.00108,-0.00582,
1787040900566673152,2.22109,-17.75036,0.09781,0.90974,-0.38472,0.15364,-0.02753,0.03352,-0.00086,-0.01376,
1787040900633338880,2.22271,-17.75128,0.09726,0.91004,-0.38405,0.15367,-0.02689,0.03649,-0.00048,-0.02355,
1787040900700005888,2.22484,-17.75165,0.09551,0.90998,-0.38416,0.15401,-0.02502,0.04034,0.02930,-0.02358,
1787040900766671872,2.22584,-17.75027,0.09370,0.90847,-0.38800,0.15375,-0.02234,0.03531,0.04605,-0.02283,
1787040900833339904,2.22702,-17.74836,0.09186,0.90576,-0.39483,0.15256,-0.02092,0.02887,0.05380,-0.02373,
1787040900900006912,2.22921,-17.74719,0.09042,0.90242,-0.40258,0.15187,-0.02253,0.03730,0.02999,-0.02945,
1787040900966671872,2.22898,-17.74828,0.09377,0.89984,-0.40760,0.15344,-0.02458,0.03031,0.02584,-0.02163,
1787040901033339136,2.22828,-17.74598,0.09276,0.89617,-0.41580,0.15282,-0.02515,-0.00018,0.03007,-0.01123,
1787040901100007168,2.22536,-17.74610,0.09592,0.89434,-0.42197,0.14652,-0.02491,-0.03292,0.01278,-0.00492,
1787040901166672896,2.22281,-17.74477,0.09519,0.89358,-0.42700,0.13668,-0.02246,-0.04053,0.01884,-0.01068,
1787040901233339136,2.21703,-17.74487,0.09777,0.89200,-0.43243,0.13020,-0.01940,-0.04000,0.04688,-0.01110,
1787040901300005888,2.21512,-17.74100,0.09531,0.88942,-0.43921,0.12528,-0.01819,-0.02885,0.06882,-0.01876,
1787040901366673920,2.21118,-17.73726,0.09589,0.88531,-0.44902,0.11943,-0.01879,-0.00138,0.07744,-0.02266,
1787040901433337856,2.21310,-17.73405,0.09477,0.88194,-0.45650,0.11614,-0.01743,0.03752,0.04856,-0.02685,
1787040901500006912,2.21436,-17.73361,0.09518,0.87955,-0.46114,0.11627,-0.01507,0.04951,0.03406,-0.02423,
1787040901566673152,2.21708,-17.73132,0.09367,0.87765,-0.46454,0.11721,-0.01368,0.04664,0.03012,-0.02149,
1787040901633339904,2.21647,-17.73260,0.09583,0.87627,-0.46674,0.11892,-0.01301,0.03977,0.02094,-0.01433,
1787040901700005888,2.21816,-17.73031,0.09426,0.87536,-0.46819,0.12005,-0.01157,0.02037,0.03277,-0.01181,
1787040901766673920,2.21850,-17.72877,0.09359,0.87525,-0.46881,0.11869,-0.00826,0.01093,0.02487,-0.00644,
1787040901833338112,2.21856,-17.72778,0.09362,0.87535,-0.46904,0.11717,-0.00621,0.01082,0.02143,-0.00776,
1787040901900006144,2.21908,-17.72701,0.09326,0.87493,-0.46977,0.11741,-0.00615,0.01884,0.01871,-0.01110,
1787040901966671872,2.21443,-17.73287,0.09756,0.87473,-0.46995,0.11807,-0.00678,0.02195,0.00583,-0.00503,
1787040902033338112,2.21616,-17.73164,0.09690,0.87485,-0.46939,0.11947,-0.00579,0.02041,0.00340,-0.00367,
1787040902100004864,2.21693,-17.73095,0.09641,0.87487,-0.46893,0.12118,-0.00520,0.01415,0.01475,-0.00538,
1787040902166671872,2.21655,-17.72956,0.09614,0.87432,-0.46968,0.12225,-0.00498,0.00558,0.02397,-0.00509,
1787040902233338112,2.21536,-17.72778,0.09636,0.87355,-0.47115,0.12210,-0.00405,-0.00584,0.02575,-0.00435,
1787040902300005888,2.21360,-17.72624,0.09682,0.87287,-0.47286,0.12039,-0.00300,-0.01443,0.02861,-0.00276,
1787040902366672896,2.21296,-17.72608,0.09719,0.87260,-0.47386,0.11843,-0.00202,-0.00513,0.01635,-0.00188,
1787040902433337856,2.21287,-17.72552,0.09676,0.87241,-0.47442,0.11761,-0.00145,0.00252,0.01264,-0.00151,
1787040902500005120,2.21255,-17.72415,0.09652,0.87214,-0.47467,0.11860,-0.00163,0.00976,0.01043,-0.00429,
1787040902566672128,2.21230,-17.72199,0.09683,0.87184,-0.47476,0.12037,-0.00224,0.00165,0.01453,-0.00281,
1787040902633338880,2.21123,-17.72027,0.09726,0.87145,-0.47539,0.12070,-0.00239,-0.00681,0.01429,-0.00033,
1787040902700005888,2.21023,-17.71987,0.09750,0.87139,-0.47549,0.12076,-0.00205,-0.00632,0.00421,0.00243,
1787040902766671872,2.20975,-17.71997,0.09737,0.87152,-0.47529,0.12062,-0.00231,-0.00161,0.00184,0.00185,
1787040902833338112,2.20962,-17.72154,0.09771,0.87151,-0.47528,0.12074,-0.00253,-0.00260,-0.00182,0.00051,
1787040902900006912,2.20930,-17.72268,0.09848,0.87298,-0.47328,0.11789,-0.00219,0.00160,-0.00001,0.00290,
1787040902966672896,2.20973,-17.72344,0.09882,0.87404,-0.47192,0.11557,0.00041,0.01627,-0.00339,0.00426,
