1787040627633338880,-0.06686,0.18715,-0.01373,0.85941,-0.50839,-0.01494,0.05237,
1787040627700005888,-0.09195,0.33179,-0.01895,0.86653,-0.49361,-0.05365,0.05087,
1787040627900007936,-0.02102,0.29162,0.02492,0.87358,-0.45077,-0.18326,-0.00893,
1787040627966672896,0.00553,0.30631,0.03655,0.88210,-0.45055,-0.13746,0.00169,
1787040628033338112,0.02498,0.34568,0.04878,0.88354,-0.45780,-0.09873,-0.00582,
1787040628100007936,0.04168,0.38242,0.06058,0.89209,-0.44640,-0.06584,-0.02369,
1787040628166671872,0.05625,0.40747,0.06606,0.89488,-0.44192,-0.03504,-0.05159,
1787040628233338112,0.07373,0.44056,0.07466,0.89710,-0.43216,-0.00444,-0.09181,
1787040628300007168,0.09142,0.47509,0.07806,0.89921,-0.41590,0.02398,-0.13368,
1787040628366672896,0.10857,0.50879,0.08129,0.89631,-0.40409,0.05648,-0.17365,
1787040628433339136,0.13279,0.55342,0.07963,0.88661,-0.40067,0.09651,-0.20995,
1787040628500005888,0.15598,0.60369,0.07770,0.87305,-0.39614,0.14034,-0.24732,
1787040628566673152,0.17366,0.64925,0.07573,0.85776,-0.38319,0.17641,-0.29376,
1787040628633337856,0.19407,0.69031,0.07872,0.83941,-0.36471,0.21480,-0.34094,
1787040628700006912,0.21322,0.73081,0.08939,0.81654,-0.34181,0.25471,-0.38930,
1787040628766673152,0.22957,0.76752,0.09877,0.79093,-0.32255,0.28437,-0.43534,
1787040628833338880,0.25495,0.80870,0.10907,0.76425,-0.31181,0.30480,-0.47518,
1787040628900007936,0.28443,0.84064,0.11801,0.74016,-0.30071,0.32161,-0.50824,
1787040628966672896,0.32077,0.86539,0.12078,0.71783,-0.28090,0.34004,-0.53869,
1787040629033339136,0.36692,0.89492,0.12052,0.69689,-0.26597,0.35187,-0.56550,
1787040629100007168,0.42600,0.92178,0.11957,0.68046,-0.25441,0.36032,-0.58517,
1787040629166672896,0.48016,0.96038,0.11595,0.66698,-0.24721,0.36329,-0.60169,
1787040629233338112,0.54492,0.98901,0.11337,0.65759,-0.23924,0.36242,-0.61563,
1787040629300005888,0.60908,1.00860,0.11920,0.64841,-0.23288,0.36203,-0.62791,
1787040629366672896,0.67297,1.02774,0.12770,0.63208,-0.22484,0.36825,-0.64368,
1787040629433339136,0.72785,1.04298,0.14146,0.61488,-0.21846,0.37580,-0.65800,
1787040629500005888,0.78516,1.05796,0.15007,0.59808,-0.21725,0.38055,-0.67103,
1787040629566673920,0.83431,1.07443,0.14654,0.58649,-0.21719,0.38111,-0.68089,
1787040629633338880,0.88016,1.08201,0.13918,0.57896,-0.20859,0.37673,-0.69237,
1787040629700006912,0.93646,1.08721,0.12494,0.57168,-0.20155,0.37431,-0.70175,
1787040629766674944,1.01651,1.09107,0.11073,0.56590,-0.19393,0.37581,-0.70775,
1787040629833338880,1.10180,1.09288,0.10313,0.56168,-0.18454,0.37660,-0.71318,
1787040629900006912,1.17861,1.08690,0.10804,0.56110,-0.17030,0.37915,-0.71582,
1787040630033339904,1.33924,1.06052,0.14602,0.54531,-0.15587,0.39930,-0.72035,
1787040630100006144,1.41506,1.04103,0.15969,0.53333,-0.14841,0.40794,-0.72603,
1787040630166671872,1.49215,1.01568,0.15819,0.52657,-0.13538,0.41830,-0.72762,
1787040630233339136,1.58193,0.98916,0.14741,0.52473,-0.12001,0.42645,-0.72691,
1787040630366672128,1.74613,0.92896,0.11606,0.52182,-0.10560,0.43346,-0.72709,
1787040630500005120,1.92156,0.86455,0.11271,0.52245,-0.12083,0.43089,-0.72580,
1787040630633338880,2.10182,0.80754,0.14542,0.52034,-0.14182,0.42660,-0.72605,
1787040630700007936,2.19629,0.78589,0.15112,0.51692,-0.15752,0.42467,-0.72638,
1787040630766671872,2.28078,0.76768,0.14631,0.51890,-0.16955,0.41560,-0.72751,
1787040630833339904,2.38999,0.74276,0.13385,0.52321,-0.18111,0.40898,-0.72539,
1787040630966671104,2.57214,0.69636,0.10238,0.53299,-0.19530,0.40673,-0.71579,
1787040631100006144,2.77199,0.64219,0.11099,0.53632,-0.20676,0.41534,-0.70506,
1787040631233338112,2.94662,0.56627,0.14383,0.53673,-0.19901,0.43267,-0.69650,
1787040631366672128,3.11393,0.48547,0.13741,0.54195,-0.17704,0.43394,-0.69760,
1787040631500006912,3.27583,0.40632,0.10301,0.55371,-0.17243,0.42087,-0.69752,
1787040631566672128,3.36769,0.36557,0.09750,0.56267,-0.17827,0.40814,-0.69645,
1787040631633337856,3.44916,0.33107,0.10508,0.57639,-0.18978,0.39473,-0.68989,
1787040631700006912,3.53921,0.29906,0.12367,0.58876,-0.19704,0.38105,-0.68508,
1787040631766673152,3.63403,0.26972,0.14388,0.59692,-0.21026,0.38385,-0.67241,
1787040631833338880,3.73898,0.24092,0.14928,0.59930,-0.22581,0.38987,-0.66170,
1787040631900006144,3.84475,0.21337,0.13896,0.60072,-0.23781,0.39400,-0.65371,
1787040631966672896,3.95755,0.18534,0.11779,0.59565,-0.25224,0.40842,-0.64403,
1787040632166671872,4.28351,0.10723,0.10058,0.58403,-0.24700,0.41173,-0.65451,
1787040632366671104,4.56998,0.01473,0.15023,0.58894,-0.23535,0.42677,-0.64470,
1787040632433339136,4.65465,-0.01087,0.14831,0.59348,-0.22774,0.41922,-0.64820,
1787040632500005120,4.75086,-0.03626,0.13567,0.59901,-0.22558,0.40325,-0.65398,
1787040632566673152,4.84567,-0.05972,0.11974,0.60589,-0.22369,0.38769,-0.65769,
1787040632633338880,4.94099,-0.08430,0.11072,0.61423,-0.23054,0.37655,-0.65405,
1787040632700005888,5.03809,-0.10822,0.11022,0.62503,-0.24124,0.36384,-0.64712,
1787040632766673152,5.14119,-0.12706,0.12427,0.63491,-0.25576,0.35241,-0.63818,
1787040632833338112,5.25530,-0.14483,0.14792,0.63915,-0.27222,0.36118,-0.62204,
1787040632900006144,5.36368,-0.15865,0.16529,0.63717,-0.28914,0.37531,-0.60792,
1787040632966671872,5.47040,-0.16692,0.16630,0.64099,-0.29878,0.36478,-0.60564,
1787040633033339136,5.57536,-0.17476,0.15321,0.65055,-0.30300,0.35082,-0.60158,
1787040633100007168,5.68296,-0.18353,0.13820,0.66379,-0.29954,0.33859,-0.59583,
1787040633366672128,6.11856,-0.24726,0.17835,0.66956,-0.29033,0.36606,-0.57740,
1787040633433339136,6.22457,-0.26951,0.19106,0.66215,-0.29010,0.38732,-0.57217,
1787040633500005888,6.32340,-0.29078,0.18777,0.65200,-0.29076,0.40393,-0.57200,
1787040633566673152,6.43262,-0.31224,0.17114,0.63880,-0.29249,0.42202,-0.57296,
1787040633700005888,6.64492,-0.35592,0.14517,0.62658,-0.29723,0.42787,-0.57964,
1787040633833338112,6.86458,-0.39025,0.15927,0.62437,-0.31357,0.42213,-0.57762,
1787040634033339136,7.14937,-0.40581,0.20974,0.63141,-0.32240,0.40087,-0.58025,
1787040634100007168,7.24948,-0.40787,0.19590,0.63751,-0.31778,0.38464,-0.58706,
1787040634166671872,7.36305,-0.41079,0.17538,0.64345,-0.30756,0.37030,-0.59519,
1787040634300004864,7.57587,-0.41863,0.17023,0.64116,-0.29615,0.37751,-0.59891,
1787040634433339136,7.79257,-0.43307,0.19829,0.64071,-0.28452,0.39084,-0.59648,
1787040634500005888,7.90483,-0.44251,0.21171,0.64014,-0.29145,0.40500,-0.58417,
1787040634700005888,8.20669,-0.47185,0.17864,0.64135,-0.29382,0.42098,-0.57019,
1787040634833339904,8.44105,-0.49594,0.16070,0.63788,-0.30424,0.42383,-0.56649,
1787040634966672896,8.65933,-0.51192,0.19219,0.65075,-0.30140,0.41424,-0.56044,
1787040635100006144,8.87874,-0.50748,0.21383,0.65973,-0.30250,0.39945,-0.56008,
1787040635233339904,9.10938,-0.50006,0.17906,0.65844,-0.30808,0.37434,-0.57568,
1787040635366672128,9.33288,-0.50201,0.15512,0.65743,-0.29980,0.37193,-0.58273,
1787040635500005120,9.57830,-0.50941,0.16790,0.64844,-0.29638,0.38813,-0.58399,
1787040635566673152,9.68832,-0.52165,0.17614,0.63662,-0.31071,0.41673,-0.56965,
1787040635633337856,9.81644,-0.53318,0.17059,0.62437,-0.31635,0.44615,-0.55771,
1787040635833338880,10.17499,-0.55217,0.11218,0.61803,-0.31767,0.45460,-0.55719,
1787040635966671872,10.41087,-0.55848,0.09770,0.62383,-0.33402,0.44581,-0.54820,
1787040636033339136,10.53027,-0.55382,0.11072,0.62464,-0.34503,0.44546,-0.54069,
1787040636100007168,10.66963,-0.54118,0.12823,0.61952,-0.35863,0.45220,-0.53206,
1787040636233339136,10.87732,-0.51568,0.13102,0.62799,-0.36607,0.42402,-0.54021,
1787040636300007168,10.99065,-0.50489,0.11529,0.64453,-0.35217,0.40291,-0.54610,
1787040636366673920,11.09145,-0.49562,0.10102,0.65894,-0.33559,0.38677,-0.55098,
1787040636433339136,11.21084,-0.48513,0.09505,0.66752,-0.32053,0.38183,-0.55307,
1787040636633337856,11.55534,-0.48468,0.13434,0.67059,-0.31576,0.40158,-0.53790,
1787040636766673152,11.76329,-0.50081,0.13140,0.67474,-0.30222,0.41541,-0.52993,
1787040636900006144,11.97771,-0.51555,0.09132,0.66907,-0.29602,0.42197,-0.53540,
1787040637033339136,12.20688,-0.52618,0.07952,0.65645,-0.31024,0.42079,-0.54384,
1787040637166672896,12.44237,-0.52119,0.11455,0.64781,-0.32335,0.42821,-0.54076,
1787040637300004864,12.65518,-0.50348,0.12413,0.64547,-0.32826,0.40733,-0.55650,
1787040637433337856,12.87807,-0.48805,0.09262,0.64748,-0.32001,0.39060,-0.57078,
1787040637500006912,12.99399,-0.48116,0.08329,0.64682,-0.30947,0.39527,-0.57411,
1787040637566673920,13.10167,-0.47430,0.08748,0.64296,-0.29839,0.39890,-0.58177,
1787040637766673152,13.41812,-0.47953,0.13352,0.63925,-0.29838,0.41750,-0.57274,
1787040637966671872,13.76040,-0.49174,0.08998,0.65648,-0.27942,0.41834,-0.56209,
1787040638100007168,13.98837,-0.49632,0.07914,0.67044,-0.28001,0.39661,-0.56108,
1787040638233339136,14.23315,-0.48847,0.10707,0.67674,-0.28935,0.39778,-0.54779,
1787040638366672128,14.44162,-0.46861,0.13298,0.67358,-0.30303,0.38344,-0.55447,
1787040638500005888,14.68317,-0.45038,0.09980,0.67820,-0.29629,0.36708,-0.56348,
1787040638633338880,14.92012,-0.43491,0.08959,0.67395,-0.27228,0.37401,-0.57599,
1787040638700005888,15.06613,-0.42493,0.09972,0.66779,-0.26783,0.38336,-0.57910,
1787040638833338880,15.26420,-0.42400,0.13410,0.65999,-0.26700,0.39656,-0.57954,
1787040639166672896,15.81613,-0.40976,0.08837,0.67463,-0.26468,0.37414,-0.57865,
1787040639233339136,15.94718,-0.40137,0.09064,0.69283,-0.27280,0.36140,-0.56121,
1787040639300005888,16.08117,-0.39403,0.10643,0.70503,-0.28240,0.35536,-0.54489,
1787040639366672128,16.19158,-0.38952,0.12976,0.70829,-0.29475,0.36667,-0.52631,
1787040639433340160,16.32665,-0.38055,0.14251,0.71592,-0.29837,0.36120,-0.51765,
1787040639500005120,16.47608,-0.36557,0.14006,0.72508,-0.30180,0.34172,-0.51615,
1787040639633337856,16.73508,-0.34714,0.11328,0.72978,-0.31293,0.33277,-0.50868,
1787040639700005888,16.85785,-0.34539,0.11077,0.72523,-0.31075,0.34428,-0.50887,
1787040639766673920,16.99339,-0.34446,0.12017,0.71851,-0.30669,0.35116,-0.51611,
1787040639833338880,17.11821,-0.33981,0.13783,0.70952,-0.30675,0.36058,-0.52199,
1787040639900006912,17.24668,-0.34167,0.15574,0.69846,-0.30550,0.37681,-0.52616,
1787040639966672896,17.34868,-0.34526,0.16544,0.68799,-0.29708,0.38989,-0.53516,
1787040640033338112,17.46013,-0.34683,0.15892,0.68242,-0.28386,0.39191,-0.54784,
1787040640100006144,17.59254,-0.33817,0.14458,0.67700,-0.27574,0.38801,-0.56132,
1787040640166672896,17.70455,-0.33488,0.13216,0.67298,-0.27076,0.37924,-0.57443,
1787040640366672128,18.07538,-0.34064,0.15033,0.67758,-0.25980,0.34925,-0.59280,
1787040640433340160,18.22361,-0.32950,0.17430,0.67287,-0.25850,0.35896,-0.59293,
1787040640500008192,18.34637,-0.31537,0.18913,0.65877,-0.26309,0.37331,-0.59787,
1787040640566672128,18.46860,-0.29885,0.18732,0.64918,-0.26605,0.36948,-0.60932,
1787040640633339904,18.60529,-0.28069,0.17070,0.64229,-0.26275,0.36727,-0.61930,
1787040640700006912,18.73239,-0.26381,0.15341,0.63948,-0.25176,0.36068,-0.63055,
1787040640766674944,18.86017,-0.24636,0.14605,0.63757,-0.24149,0.35791,-0.63803,
1787040640833338880,18.98520,-0.22961,0.15239,0.62972,-0.23174,0.36108,-0.64759,
1787040640966671872,19.24553,-0.21983,0.19383,0.61348,-0.23267,0.36936,-0.65809,
1787040641033339136,19.37714,-0.21469,0.20558,0.60622,-0.23121,0.37881,-0.65995,
1787040641166672896,19.61868,-0.21798,0.18772,0.60222,-0.21558,0.38601,-0.66472,
1787040641366672128,20.02336,-0.22916,0.15318,0.60102,-0.23221,0.39915,-0.65232,
1787040641433337856,20.16365,-0.22605,0.15577,0.60380,-0.25199,0.41709,-0.63084,
1787040641500006912,20.31401,-0.21659,0.16750,0.59851,-0.27836,0.43761,-0.61058,
1787040641566673152,20.45256,-0.20658,0.17524,0.59417,-0.30168,0.45268,-0.59248,
1787040641633337856,20.58607,-0.19957,0.17405,0.59859,-0.31333,0.45554,-0.57966,
1787040641700006912,20.69920,-0.19390,0.16320,0.61845,-0.31785,0.44763,-0.56224,
1787040641766673152,20.82533,-0.19374,0.14953,0.65809,-0.30717,0.42524,-0.54012,
1787040641833338112,20.96413,-0.19640,0.14257,0.67605,-0.29046,0.41265,-0.53694,
1787040641900006144,21.10105,-0.20507,0.14657,0.67806,-0.26577,0.41531,-0.54509,
1787040641966674176,21.21272,-0.21202,0.16855,0.68866,-0.24880,0.41364,-0.54107,
1787040642033339136,21.39325,-0.20204,0.19218,0.69671,-0.24958,0.41896,-0.52610,
1787040642166671872,21.59650,-0.27375,0.20518,0.70943,-0.24343,0.42648,-0.50554,
1787040642300005888,21.85897,-0.31356,0.17350,0.71622,-0.23032,0.41620,-0.51064,
1787040642366672128,21.98872,-0.33874,0.16356,0.71160,-0.21893,0.41520,-0.52278,
1787040642433337856,22.10088,-0.36784,0.16233,0.71003,-0.21572,0.39719,-0.53997,
1787040642500006912,22.25359,-0.39490,0.17348,0.70300,-0.21461,0.40053,-0.54709,
1787040642566672128,22.41685,-0.41636,0.19466,0.68798,-0.20832,0.41246,-0.55961,
1787040642633338880,22.50105,-0.43506,0.21407,0.66972,-0.21402,0.42325,-0.57143,
1787040642700006912,22.62578,-0.45096,0.21664,0.65468,-0.21758,0.41681,-0.59188,
1787040642766673920,22.70452,-0.46961,0.21015,0.64115,-0.21901,0.41278,-0.60874,
1787040642833338880,22.86561,-0.48536,0.19496,0.63441,-0.21077,0.40435,-0.62417,
1787040642900005120,22.99402,-0.50437,0.18590,0.63172,-0.20108,0.39908,-0.63343,
1787040642966672896,23.13330,-0.52490,0.18837,0.62940,-0.19098,0.39684,-0.64024,
1787040643100006144,23.39755,-0.57973,0.22556,0.61599,-0.19737,0.40437,-0.64659,
1787040643166671872,23.55127,-0.61532,0.24097,0.60882,-0.20122,0.41936,-0.64265,
1787040643233339136,23.66778,-0.65094,0.24252,0.60288,-0.19799,0.42866,-0.64311,
1787040643300007168,23.79641,-0.68803,0.23089,0.59885,-0.18950,0.42838,-0.64958,
1787040643433339136,24.06434,-0.77035,0.19796,0.59035,-0.17967,0.42393,-0.66293,
1787040643566672128,24.31946,-0.85388,0.20630,0.58063,-0.18384,0.41440,-0.67627,
1787040643700006912,24.60032,-0.92254,0.25035,0.56613,-0.19493,0.43679,-0.67135,
1787040643833338112,24.85340,-0.97703,0.25719,0.55742,-0.20102,0.41937,-0.68775,
1787040643966671872,25.12699,-1.04049,0.22949,0.55510,-0.19576,0.40513,-0.69958,
1787040644100006144,25.38273,-1.11000,0.24974,0.55085,-0.18108,0.40999,-0.70404,
1787040644233339136,25.64369,-1.20076,0.30021,0.54813,-0.19180,0.42230,-0.69601,
1787040644366672896,25.89927,-1.30149,0.29267,0.55875,-0.17490,0.43391,-0.68478,
1787040644566673920,26.29667,-1.45620,0.25701,0.57239,-0.18141,0.42097,-0.67989,
1787040644633339904,26.44609,-1.50184,0.26482,0.58005,-0.18917,0.40736,-0.67956,
1787040644766673152,26.75314,-1.58078,0.30775,0.58677,-0.21482,0.41758,-0.65969,
1787040644833338112,26.88915,-1.60423,0.31796,0.58402,-0.23515,0.41530,-0.65662,
1787040644900005120,27.03712,-1.63283,0.30717,0.58778,-0.24660,0.40417,-0.65602,
1787040644966672896,27.18166,-1.66475,0.28744,0.59881,-0.24717,0.39229,-0.65302,
1787040645100007168,27.46091,-1.73571,0.26761,0.61789,-0.22876,0.38859,-0.64411,
1787040645300005888,27.86221,-1.86223,0.31602,0.61857,-0.22497,0.39742,-0.63939,
1787040645366672896,27.99462,-1.90653,0.31922,0.61537,-0.21486,0.41153,-0.63702,
1787040645433339136,28.08637,-1.94196,0.31245,0.61423,-0.19920,0.41266,-0.64245,
1787040645566673920,28.35004,-2.03869,0.27904,0.61590,-0.17993,0.40210,-0.65315,
1787040645833338112,28.89273,-2.23039,0.32373,0.62227,-0.18539,0.41243,-0.63900,
1787040645966672896,29.18165,-2.30043,0.33263,0.62483,-0.20047,0.40879,-0.63426,
1787040646166671872,29.58158,-2.40985,0.29543,0.63150,-0.18485,0.39904,-0.63860,
1787040646300005888,29.87003,-2.49369,0.32980,0.62961,-0.17170,0.39553,-0.64628,
1787040646433339136,30.09657,-2.57695,0.37394,0.63075,-0.15549,0.41620,-0.63621,
1787040646633337856,30.48589,-2.69512,0.34379,0.64236,-0.15291,0.41676,-0.62474,
1787040646700009216,30.63177,-2.73438,0.33264,0.65270,-0.16174,0.41385,-0.61363,
1787040646766673152,30.76843,-2.77143,0.33447,0.66873,-0.16693,0.40168,-0.60298,
1787040646833338880,30.91572,-2.80720,0.34940,0.68676,-0.17669,0.39590,-0.58345,
1787040646900006912,31.05645,-2.83466,0.37336,0.70480,-0.19076,0.39953,-0.55430,
1787040646966672896,31.22356,-2.85223,0.38649,0.72240,-0.22103,0.39523,-0.52257,
1787040647033339904,31.41000,-2.87001,0.38838,0.74142,-0.24765,0.38036,-0.49426,
1787040647100006144,31.69201,-2.87906,0.34842,0.75779,-0.26189,0.36989,-0.46941,
1787040647166671872,31.75197,-2.88118,0.32986,0.76689,-0.26466,0.36316,-0.45822,
1787040647300004864,32.04408,-2.91198,0.32257,0.78587,-0.26893,0.34805,-0.43467,
1787040647366672896,32.17590,-2.92824,0.33853,0.79814,-0.27031,0.34122,-0.41650,
1787040647433339136,32.29412,-2.94729,0.36092,0.80682,-0.27514,0.33720,-0.39955,
1787040647633338880,32.66886,-3.01947,0.36430,0.81231,-0.26350,0.33604,-0.39724,
1787040647766671872,32.90185,-3.07157,0.33157,0.81084,-0.26232,0.33833,-0.39907,
1787040647900006144,33.13951,-3.13511,0.33704,0.81664,-0.25229,0.32659,-0.40348,
1787040647966671104,33.26670,-3.16465,0.35516,0.81397,-0.24659,0.33365,-0.40659,
1787040648033338112,33.42710,-3.17996,0.37438,0.80564,-0.25251,0.34204,-0.41255,
1787040648166671872,33.69587,-3.18674,0.37125,0.80221,-0.26990,0.32032,-0.42545,
1787040648366672896,34.08782,-3.20171,0.33277,0.79877,-0.26538,0.32742,-0.42935,
1787040648433337856,34.21624,-3.21002,0.33902,0.79096,-0.26741,0.34474,-0.42899,
1787040648500005888,34.36018,-3.22410,0.35221,0.77979,-0.26870,0.36641,-0.43067,
1787040648566672128,34.47601,-3.23853,0.36379,0.76454,-0.26492,0.40015,-0.43031,
1787040648633337856,34.56838,-3.25080,0.36497,0.74827,-0.25803,0.42113,-0.44290,
1787040648700005120,34.69691,-3.26186,0.35232,0.72360,-0.25677,0.44273,-0.46309,
1787040648766673152,34.80991,-3.27019,0.33363,0.69455,-0.25873,0.46041,-0.48855,
1787040648833338880,34.92166,-3.27801,0.31659,0.67450,-0.26151,0.46538,-0.50999,
1787040649100007168,35.43798,-3.30103,0.34575,0.67442,-0.29096,0.46062,-0.49833,
1787040649166672896,35.56367,-3.29005,0.35886,0.68833,-0.30636,0.44786,-0.48142,
1787040649233339136,35.66323,-3.26766,0.36534,0.71576,-0.31453,0.41569,-0.46471,
1787040649300007168,35.81019,-3.26066,0.35157,0.74850,-0.32271,0.38561,-0.43233,
1787040649366672128,35.94533,-3.24079,0.33785,0.78193,-0.33047,0.34837,-0.39751,
1787040649433339136,36.07691,-3.21767,0.33178,0.80791,-0.33623,0.31947,-0.36354,
1787040649500006912,36.34995,-3.14944,0.37902,0.82453,-0.34767,0.30567,-0.32534,
1787040649566673152,36.45141,-3.10425,0.37959,0.84561,-0.35252,0.28070,-0.28614,
1787040649633338880,36.49718,-3.08597,0.41522,0.85633,-0.36424,0.27554,-0.24106,
1787040649700006912,36.56077,-3.07809,0.37903,0.86391,-0.37053,0.26952,-0.20911,
1787040649766671872,36.64906,-3.06678,0.37265,0.87115,-0.37190,0.25860,-0.18950,
1787040649833338880,36.77459,-3.04415,0.35493,0.87731,-0.37286,0.24771,-0.17302,
1787040649900006144,36.88431,-3.02781,0.33279,0.88217,-0.37719,0.23455,-0.15652,
1787040649966671872,36.99262,-3.01526,0.31453,0.88390,-0.38562,0.22679,-0.13633,
1787040650033338112,37.10629,-3.00082,0.30697,0.89023,-0.38512,0.21125,-0.12057,
1787040650100006144,37.20998,-2.98694,0.31311,0.89518,-0.38354,0.20235,-0.10300,
1787040650166672896,37.30189,-2.96867,0.33006,0.89437,-0.38807,0.20609,-0.08389,
1787040650233339136,37.39738,-2.94194,0.34270,0.89320,-0.39660,0.19993,-0.07021,
1787040650300007168,37.48551,-2.91555,0.34277,0.89771,-0.39615,0.18079,-0.06707,
1787040650433337856,37.67823,-2.85298,0.30987,0.90338,-0.39046,0.16742,-0.05850,
1787040650700009216,38.08246,-2.70616,0.31551,0.90213,-0.38856,0.18065,-0.05048,
1787040650833338112,38.25889,-2.67166,0.33922,0.90246,-0.38055,0.19531,-0.05095,
1787040650966671872,38.44744,-2.63552,0.32124,0.90585,-0.37003,0.19968,-0.05131,
1787040651100007168,38.63681,-2.60720,0.29865,0.90841,-0.36119,0.20310,-0.05547,
1787040651233339136,38.83743,-2.56459,0.31422,0.91497,-0.35232,0.19068,-0.04828,
1787040651300005888,38.91212,-2.54420,0.33678,0.91408,-0.35750,0.18849,-0.03344,
1787040651366673920,38.99959,-2.51182,0.35301,0.91329,-0.36607,0.17716,-0.02269,
1787040651433337856,39.07669,-2.48545,0.35882,0.91476,-0.36893,0.16373,-0.01700,
1787040651566673152,39.25700,-2.42961,0.33730,0.91300,-0.37159,0.16704,-0.02099,
1787040651633338880,39.33932,-2.40728,0.32480,0.91063,-0.37312,0.17539,-0.02771,
1787040651766673152,39.50820,-2.36703,0.33705,0.90484,-0.38045,0.18903,-0.02822,
1787040651966671872,39.72306,-2.35209,0.36781,0.90965,-0.36730,0.19346,-0.01433,
1787040652166672896,39.91713,-2.35848,0.35084,0.91326,-0.36082,0.18911,-0.00123,
1787040652233339136,39.99436,-2.35887,0.33505,0.90792,-0.37263,0.19170,-0.00942,
1787040652300007936,40.06505,-2.36538,0.32113,0.87376,-0.41015,0.24497,-0.09115,
1787040652366672896,40.14736,-2.36962,0.30542,0.81026,-0.44209,0.32469,-0.20642,
1787040652433340160,40.21720,-2.37539,0.30228,0.75467,-0.45140,0.36467,-0.30615,
1787040652500006912,40.28574,-2.38047,0.30400,0.70904,-0.44635,0.39684,-0.37491,
1787040652566672128,40.37367,-2.37138,0.30386,0.67434,-0.42181,0.41389,-0.44276,
1787040652633338880,40.40171,-2.39149,0.30784,0.64556,-0.38568,0.42178,-0.50657,
1787040652700006912,40.45856,-2.39192,0.30714,0.62873,-0.35782,0.42086,-0.54730,
1787040652766673920,40.51836,-2.39169,0.30103,0.61785,-0.33569,0.42399,-0.57080,
1787040652833338880,40.58199,-2.38871,0.29241,0.60912,-0.31382,0.42446,-0.59189,
1787040652900006144,40.64916,-2.39472,0.27175,0.59859,-0.29226,0.42727,-0.61132,
1787040652966672896,40.71547,-2.38681,0.27161,0.58293,-0.26771,0.43053,-0.63496,
1787040653033339904,40.78028,-2.39159,0.26836,0.53898,-0.23291,0.44394,-0.67688,
1787040653100006144,40.82691,-2.41132,0.28194,-0.46542,0.18789,-0.46185,0.73128,
1787040653166673920,40.91345,-2.39979,0.27258,-0.38504,0.15287,-0.47397,0.77700,
1787040653233339136,41.00372,-2.35961,0.25017,-0.31876,0.12566,-0.48216,0.80630,
1787040653300005888,41.05851,-2.40368,0.26711,-0.27302,0.10035,-0.48579,0.82425,
1787040653366672896,41.12929,-2.42467,0.27978,-0.24283,0.07929,-0.48603,0.83577,
1787040653433339136,41.15577,-2.46400,0.33636,-0.22492,0.06319,-0.48547,0.84246,
1787040653500006912,41.24916,-2.48240,0.32841,-0.21481,0.04354,-0.47655,0.85138,
1787040653566673920,41.33385,-2.49907,0.31848,-0.20429,0.03532,-0.47080,0.85753,
1787040653633338880,41.42797,-2.51574,0.31211,-0.21264,0.03986,-0.46843,0.85661,
1787040653700006912,41.52001,-2.53255,0.31877,-0.25423,0.04637,-0.46773,0.84525,
1787040653766673920,41.62529,-2.55175,0.33337,-0.31264,0.07211,-0.48359,0.81437,
1787040653833338112,41.73792,-2.56717,0.34242,-0.36892,0.11087,-0.48621,0.78435,
1787040653900007936,41.85403,-2.58285,0.33831,-0.42043,0.14550,-0.47782,0.75747,
1787040653966672896,41.97139,-2.60093,0.32268,-0.46450,0.17251,-0.46910,0.73105,
1787040654033339136,42.08608,-2.61977,0.30463,0.50892,-0.18567,0.45623,-0.70596,
1787040654100007168,42.20498,-2.64096,0.29525,0.54684,-0.20084,0.45235,-0.67529,
1787040654166672896,42.31740,-2.66352,0.29664,0.58012,-0.20522,0.44177,-0.65284,
1787040654233339136,42.42348,-2.69541,0.31323,0.60496,-0.21210,0.42747,-0.63742,
1787040654300007168,42.54089,-2.72834,0.32644,0.61703,-0.22533,0.42903,-0.62002,
1787040654366672896,42.66978,-2.74627,0.33586,0.62900,-0.23340,0.42923,-0.60469,
1787040654433339136,42.75887,-2.80896,0.33085,0.64614,-0.22687,0.41510,-0.59894,
1787040654500005888,42.87742,-2.85281,0.31415,0.66303,-0.22719,0.40124,-0.58973,
1787040654566673152,42.98677,-2.92478,0.29288,0.68129,-0.22789,0.39140,-0.57507,
1787040654633338880,43.02123,-2.99355,0.24267,0.70108,-0.23685,0.37678,-0.55717,
1787040654700006912,43.17348,-3.05298,0.23683,0.72326,-0.24865,0.35964,-0.53453,
1787040654766673152,43.29711,-3.09555,0.24789,0.74907,-0.26412,0.34380,-0.50094,
1787040654833338880,43.42786,-3.13058,0.26240,0.77576,-0.29248,0.34074,-0.44335,
1787040654900006144,43.55888,-3.15956,0.26728,0.80179,-0.32387,0.32832,-0.38006,
1787040654966674176,43.68211,-3.18499,0.25891,0.82784,-0.34835,0.30474,-0.31696,
1787040655033338112,43.80320,-3.20958,0.23988,0.84985,-0.36930,0.28195,-0.24874,
1787040655100007936,43.92496,-3.23441,0.21971,0.86977,-0.38065,0.25411,-0.18449,
1787040655166672896,44.04176,-3.25844,0.21420,0.88489,-0.38594,0.22277,-0.13559,
1787040655233338112,44.16042,-3.28283,0.22346,0.88924,-0.40206,0.19956,-0.08819,
1787040655300005888,44.26391,-3.30494,0.24361,0.88704,-0.41704,0.19530,-0.03307,
1787040655366672896,44.36878,-3.33890,0.25881,0.89120,-0.41793,0.17630,0.00271,
1787040655433339136,44.47518,-3.37866,0.26561,0.89559,-0.41217,0.16591,0.02255,
1787040655500005888,44.58192,-3.41897,0.26102,0.90000,-0.40493,0.15737,0.03551,
1787040655566673920,44.69168,-3.45993,0.25102,0.90137,-0.40268,0.15169,0.04877,
1787040655700006912,44.91886,-3.56036,0.23250,0.90811,-0.38938,0.14497,0.05200,
1787040655833338880,45.14633,-3.64626,0.26510,0.91088,-0.37940,0.15671,0.04228,
1787040656033339136,45.43611,-3.74180,0.29833,0.90974,-0.38822,0.14409,0.02982,
1787040656100006144,45.52569,-3.75172,0.30166,0.90877,-0.38663,0.15699,0.00050,
1787040656166672896,45.62549,-3.77507,0.29262,0.90577,-0.37893,0.18365,-0.04767,
1787040656233339136,45.73073,-3.79071,0.28446,0.90410,-0.36706,0.19641,-0.09640,
1787040656300005888,45.83552,-3.80041,0.28194,0.89905,-0.35802,0.21138,-0.13731,
1787040656366672128,45.93977,-3.81115,0.29038,0.88897,-0.35444,0.23036,-0.17618,
1787040656433346048,46.04211,-3.82542,0.30778,0.88403,-0.34410,0.23332,-0.21367,
1787040656500008192,46.14601,-3.84357,0.32530,0.87240,-0.34392,0.25274,-0.23823,
1787040656566673920,46.24848,-3.86575,0.33181,0.86530,-0.33043,0.27235,-0.26058,
1787040656633337856,46.34894,-3.89118,0.32899,0.85687,-0.32221,0.28386,-0.28527,
1787040656700005888,46.45543,-3.91879,0.31730,0.84741,-0.31506,0.29318,-0.31094,
1787040656766673152,46.56514,-3.94822,0.30476,0.83731,-0.30991,0.30049,-0.33553,
1787040656833338880,46.67481,-3.98085,0.30143,0.82537,-0.30596,0.30720,-0.36163,
1787040656900006144,46.78401,-4.01363,0.31036,0.80708,-0.30029,0.31294,-0.40064,
1787040656966672896,46.89148,-4.04309,0.32801,0.78457,-0.28782,0.32768,-0.44072,
1787040657033339904,46.99559,-4.06481,0.35030,0.75694,-0.28137,0.34833,-0.47597,
1787040657100007168,47.09647,-4.08005,0.36666,0.72679,-0.27360,0.36092,-0.51639,
1787040657166672896,47.19967,-4.09266,0.36987,0.70423,-0.26817,0.35964,-0.55028,
1787040657233339136,47.31000,-4.10106,0.36162,0.68958,-0.26254,0.35620,-0.57330,
1787040657300007168,47.42368,-4.11065,0.34750,0.68071,-0.25162,0.35341,-0.59027,
1787040657366675968,47.53958,-4.11968,0.33779,0.67336,-0.23820,0.35414,-0.60368,
1787040657433341952,47.65992,-4.12865,0.34071,0.66204,-0.22122,0.35629,-0.62114,
1787040657500005888,47.78421,-4.13963,0.35698,0.64582,-0.21895,0.36708,-0.63264,
1787040657566672128,47.89289,-4.15212,0.37686,0.63162,-0.22326,0.37350,-0.64165,
1787040657633338880,48.00221,-4.17637,0.39123,0.61876,-0.21641,0.38346,-0.65058,
1787040657700005120,48.10025,-4.21165,0.42360,0.60469,-0.20878,0.39387,-0.66002,
1787040657766673920,48.20669,-4.24685,0.38579,0.59482,-0.19550,0.40393,-0.66694,
1787040657833338880,48.30431,-4.28661,0.36713,0.58791,-0.18338,0.40685,-0.67468,
1787040657900006144,48.40694,-4.32918,0.34860,0.58341,-0.17244,0.40599,-0.68196,
1787040657966672896,48.51484,-4.37387,0.33798,0.58004,-0.16331,0.40354,-0.68851,
1787040658100007168,48.73761,-4.45836,0.35294,0.57306,-0.16112,0.39405,-0.70026,
1787040658233339904,48.95755,-4.53384,0.38992,0.56584,-0.16770,0.40834,-0.69639,
1787040658366672896,49.17971,-4.60801,0.37982,0.56871,-0.17985,0.39331,-0.69966,
1787040658566673920,49.53104,-4.74012,0.34775,0.58740,-0.16513,0.38747,-0.69106,
1787040658700006912,49.74987,-4.84410,0.37752,0.59337,-0.17675,0.38925,-0.68203,
1787040658833338880,49.94309,-4.96968,0.39152,0.59982,-0.17114,0.40584,-0.66799,
1787040658966671872,50.11809,-5.10496,0.35904,0.59363,-0.15063,0.41064,-0.67550,
1787040659033339136,50.18821,-5.17691,0.33903,0.58340,-0.13989,0.41229,-0.68564,
1787040659100006144,50.25723,-5.24698,0.33093,0.57360,-0.13387,0.40959,-0.69664,
1787040659166672896,50.33894,-5.31588,0.33581,0.56350,-0.13280,0.40702,-0.70652,
1787040659233339904,50.41283,-5.37768,0.34976,0.55366,-0.12861,0.40481,-0.71628,
1787040659300004864,50.48941,-5.43314,0.36826,0.54652,-0.13445,0.41244,-0.71633,
1787040659433337856,50.65198,-5.53766,0.37381,0.53053,-0.14886,0.40939,-0.72717,
1787040659566673152,50.84874,-5.65884,0.34351,0.53357,-0.15416,0.39293,-0.73290,
1787040659700005120,51.05396,-5.79298,0.33146,0.52415,-0.13555,0.38563,-0.74711,
1787040659766673152,51.15243,-5.86551,0.34184,-0.46520,0.11136,-0.39852,0.78254,
1787040659833338880,51.25070,-5.94057,0.36009,-0.39114,0.09056,-0.41335,0.81728,
1787040659900006144,51.37945,-6.04194,0.35507,-0.32994,0.06873,-0.43434,0.83532,
1787040659966674176,51.44199,-6.09897,0.37454,-0.28868,0.04827,-0.44256,0.84763,
1787040660033339136,51.53544,-6.17611,0.36386,-0.25696,0.02665,-0.44465,0.85764,
1787040660100007168,51.56979,-6.34378,0.35268,-0.22812,0.00781,-0.43904,0.86899,
1787040660166672896,51.70718,-6.46835,0.33625,-0.20599,-0.00386,-0.43218,0.87794,
1787040660233339136,51.85241,-6.59886,0.33106,-0.19419,-0.00924,-0.42313,0.88497,
1787040660433339136,52.17439,-6.88911,0.38218,-0.18516,0.00426,-0.43624,0.88056,
1787040660566673152,52.39388,-7.06826,0.38229,-0.18857,0.01825,-0.42621,0.88456,
1787040660700006912,52.61237,-7.25102,0.35291,-0.19634,0.01942,-0.40834,0.89125,
1787040660833338880,52.83485,-7.44245,0.35830,-0.18349,0.00033,-0.40027,0.89784,
1787040660900006912,52.90410,-7.55569,0.35247,-0.16696,-0.00153,-0.39707,0.90247,
1787040660966672896,53.03283,-7.66666,0.38640,-0.14908,-0.00321,-0.40971,0.89995,
1787040661033339904,53.13778,-7.75070,0.40440,-0.13640,-0.00831,-0.41676,0.89869,
1787040661100007168,53.23225,-7.85180,0.40149,-0.12666,-0.02193,-0.41754,0.89952,
1787040661166672896,53.33275,-7.95752,0.38598,-0.11919,-0.03098,-0.41369,0.90205,
1787040661366672128,53.65034,-8.31138,0.36092,-0.16147,-0.01019,-0.41242,0.89651,
1787040661433339136,53.75996,-8.42645,0.36681,-0.23192,0.02174,-0.41552,0.87925,
1787040661500006912,53.87327,-8.54114,0.38252,-0.28676,0.04114,-0.41901,0.86053,
1787040661566672128,53.99407,-8.65326,0.39677,-0.32846,0.06341,-0.43454,0.83622,
1787040661633339904,54.10932,-8.76079,0.39871,-0.36582,0.08456,-0.43775,0.81694,
1787040661700006912,54.22566,-8.86721,0.38606,-0.40428,0.10191,-0.43362,0.79884,
1787040661766673152,54.33829,-8.97637,0.36515,-0.44200,0.11252,-0.42663,0.78100,
1787040661833339904,54.45318,-9.09004,0.34984,-0.47339,0.11777,-0.41915,0.76573,
1787040661900006912,54.57155,-9.20408,0.34649,-0.49527,0.11902,-0.41460,0.75409,
1787040661966671872,54.70209,-9.34336,0.35322,0.51033,-0.12530,0.41846,-0.74078,
1787040662033339136,54.81138,-9.45634,0.37801,0.52013,-0.14520,0.42941,-0.72387,
1787040662100008960,54.92068,-9.58545,0.39375,0.53308,-0.15384,0.43743,-0.70769,
1787040662233339136,55.13260,-9.84126,0.38990,0.55113,-0.14718,0.44494,-0.69038,
1787040662366672128,55.34604,-10.10214,0.35810,0.56194,-0.13691,0.43649,-0.68917,
1787040662433337856,55.45337,-10.23276,0.35206,0.56870,-0.14282,0.41907,-0.69323,
1787040662500005888,55.56676,-10.36542,0.35723,0.57812,-0.14814,0.40549,-0.69239,
1787040662633338880,55.79416,-10.61403,0.39936,0.59692,-0.15623,0.41579,-0.66813,
1787040662700007936,55.91734,-10.72577,0.41330,0.60502,-0.17172,0.40964,-0.66080,
1787040662766673152,56.02876,-10.82625,0.41709,0.61131,-0.18952,0.39577,-0.65860,
1787040662833338880,56.15539,-10.94004,0.40691,0.61940,-0.20189,0.38642,-0.65289,
1787040662900006144,56.30290,-11.05505,0.36747,0.63015,-0.20622,0.38197,-0.64381,
1787040662966674176,56.43141,-11.04441,0.31462,0.64204,-0.20714,0.37099,-0.63815,
1787040663033339136,56.50630,-11.10764,0.31528,0.65444,-0.20871,0.36097,-0.63076,
1787040663100006144,56.63268,-11.21057,0.32338,0.65509,-0.21799,0.36831,-0.62264,
1787040663166671872,56.75147,-11.31434,0.33757,0.65126,-0.22467,0.37682,-0.61919,
1787040663233339136,56.85404,-11.41394,0.34798,0.64767,-0.22010,0.38924,-0.61690,
1787040663300004864,56.96509,-11.52142,0.34427,0.64697,-0.20768,0.39414,-0.61884,
1787040663433340160,57.20148,-11.74995,0.30921,0.64101,-0.18831,0.39143,-0.63279,
1787040663566673152,57.45360,-11.99199,0.28180,0.63943,-0.17858,0.38301,-0.64229,
1787040663700005120,57.70100,-12.21529,0.29862,0.64314,-0.16866,0.37365,-0.64677,
1787040663766673152,57.83261,-12.30791,0.31442,0.64410,-0.17882,0.38105,-0.63871,
1787040663833338880,57.96414,-12.39156,0.32006,0.64315,-0.19223,0.38261,-0.63484,
1787040663900005120,58.09325,-12.46871,0.31364,0.64421,-0.20654,0.37142,-0.63591,
1787040663966675968,58.22204,-12.54472,0.29731,0.64583,-0.22223,0.35740,-0.63700,
1787040664033339904,58.35729,-12.62834,0.27736,0.65674,-0.22801,0.34416,-0.63108,
1787040664100006144,58.48041,-12.70297,0.26510,0.67619,-0.23020,0.33229,-0.61592,
1787040664166672896,58.61863,-12.77870,0.26626,0.69256,-0.23719,0.31785,-0.60256,
1787040664233339136,58.74488,-12.84197,0.27738,0.70446,-0.26767,0.31388,-0.57755,
1787040664300004864,58.86715,-12.91491,0.29481,0.72837,-0.28732,0.30566,-0.54176,
1787040664366673920,58.99743,-13.00014,0.30563,0.75530,-0.29162,0.30874,-0.49915,
1787040664433337856,59.12868,-13.08436,0.30023,0.77432,-0.29027,0.31589,-0.46517,
1787040664500005120,59.25654,-13.16240,0.28474,0.78855,-0.28992,0.31306,-0.44287,
1787040664566672128,59.38306,-13.23940,0.26249,0.79847,-0.28783,0.31469,-0.42494,
1787040664633338880,59.50620,-13.33177,0.25497,0.81116,-0.29088,0.31205,-0.40004,
1787040664700006912,59.66862,-13.42574,0.24418,0.82249,-0.30205,0.30218,-0.37545,
1787040664766671872,59.79084,-13.48864,0.25160,0.83644,-0.30938,0.27941,-0.35577,
1787040664833338880,59.91585,-13.54588,0.26731,0.84882,-0.31455,0.26542,-0.33182,
1787040664900006912,60.04029,-13.59060,0.28301,0.85699,-0.32450,0.25948,-0.30484,
1787040664966672896,60.15258,-13.61661,0.28941,0.86317,-0.33270,0.25155,-0.28457,
1787040665033339136,60.26279,-13.63544,0.28413,0.87084,-0.33915,0.23593,-0.26637,
1787040665100004864,60.35882,-13.63924,0.27231,0.87808,-0.34543,0.22355,-0.24429,
1787040665166671872,60.45090,-13.63825,0.25793,0.88444,-0.34692,0.21398,-0.22723,
1787040665233339136,60.52604,-13.62482,0.24707,0.88784,-0.35263,0.20710,-0.21096,
1787040665300007168,60.58446,-13.60040,0.24883,0.89251,-0.35720,0.19874,-0.19062,
1787040665366672128,60.66704,-13.58673,0.25394,0.89780,-0.37026,0.18337,-0.15242,
1787040665433337856,60.74845,-13.57780,0.26474,0.89931,-0.38552,0.17294,-0.11275,
1787040665500005888,60.84899,-13.58210,0.27441,0.90239,-0.38862,0.17102,-0.07364,
1787040665566672128,60.95568,-13.58843,0.27406,0.90591,-0.38860,0.16372,-0.03877,
1787040665633338880,61.05994,-13.59556,0.26617,0.90876,-0.38781,0.15370,-0.01130,
1787040665700005888,61.17254,-13.60268,0.25038,0.90890,-0.38965,0.14785,0.01463,
1787040665766671872,61.28291,-13.61237,0.23534,0.91028,-0.38740,0.14034,0.04023,
1787040665833338880,61.40010,-13.62474,0.22495,0.90841,-0.39028,0.13573,0.06364,
1787040665900006912,61.50096,-13.63857,0.22835,0.90829,-0.39160,0.12370,0.07969,
1787040666166671872,61.90826,-13.67224,0.25730,0.90719,-0.39818,0.11519,0.07206,
1787040666233339136,62.02338,-13.69606,0.25086,0.90785,-0.39783,0.12219,0.05117,
1787040666300007168,62.14194,-13.71719,0.23488,0.91086,-0.38863,0.13538,0.03105,
1787040666366672128,62.24580,-13.73329,0.22007,0.91253,-0.38249,0.14463,0.00839,
1787040666433337856,62.34948,-13.74551,0.21509,0.91302,-0.37746,0.15294,-0.02293,
1787040666500005888,62.44799,-13.75845,0.22432,0.90433,-0.38803,0.17078,-0.04955,
1787040666566673920,62.54461,-13.78129,0.23847,0.90030,-0.38489,0.18846,-0.07611,
1787040666633338880,62.62093,-13.81263,0.25352,0.89605,-0.37324,0.21244,-0.11247,
1787040666700009216,62.71308,-13.84920,0.25679,0.88984,-0.35788,0.23909,-0.15151,
1787040666766673152,62.79693,-13.88493,0.24987,0.88197,-0.34297,0.25845,-0.19417,
1787040666833338880,62.87529,-13.92319,0.23731,0.87058,-0.33265,0.27740,-0.23344,
1787040666900006144,62.93833,-13.96302,0.22590,0.86232,-0.32189,0.28539,-0.26709,
1787040666966674176,62.99587,-14.00276,0.22364,0.85619,-0.31613,0.28698,-0.29093,
1787040667033339136,63.05382,-14.04072,0.23305,0.85140,-0.31274,0.29164,-0.30373,
1787040667100004864,63.09844,-14.07315,0.25018,0.84614,-0.30532,0.30148,-0.31612,
1787040667166671872,63.16008,-14.10156,0.26901,0.83655,-0.30773,0.31170,-0.32914,
1787040667233339136,63.23100,-14.13051,0.27883,0.82923,-0.30507,0.31244,-0.34885,
1787040667300007168,63.29202,-14.16030,0.27843,0.82046,-0.30330,0.31604,-0.36739,
1787040667366672128,63.36542,-14.19490,0.26882,0.81020,-0.29867,0.32311,-0.38726,
1787040667433340160,63.44369,-14.23039,0.25565,0.79398,-0.29101,0.33926,-0.41208,
1787040667500005120,63.52709,-14.26317,0.24538,0.76804,-0.28946,0.36218,-0.44176,
1787040667566672128,63.60224,-14.29301,0.24750,0.74346,-0.28466,0.37822,-0.47243,
1787040667633337856,63.67059,-14.32417,0.25946,0.72383,-0.27945,0.39266,-0.49376,
1787040667700005120,63.73614,-14.35851,0.27480,0.70617,-0.27167,0.40506,-0.51327,
1787040667766673152,63.79402,-14.39660,0.28454,0.68917,-0.25757,0.41860,-0.53243,
1787040667833338112,63.85228,-14.43647,0.28242,0.67284,-0.23931,0.43273,-0.55023,
1787040667900006144,63.91642,-14.47546,0.27140,0.64978,-0.22956,0.45653,-0.56274,
1787040667966674176,63.97315,-14.52940,0.24907,0.62479,-0.22884,0.47626,-0.57485,
1787040668033338112,64.04380,-14.55587,0.24806,0.60933,-0.23029,0.47650,-0.59044,
1787040668166673920,64.14715,-14.61354,0.24818,0.61276,-0.23995,0.44954,-0.60404,
1787040668233339136,64.20861,-14.64770,0.28885,0.62245,-0.23891,0.42631,-0.61134,
1787040668300005888,64.25108,-14.66667,0.28701,0.63201,-0.23893,0.41423,-0.60983,
1787040668433339136,64.37374,-14.71327,0.30889,0.64207,-0.24688,0.40185,-0.60441,
1787040668566673152,64.49897,-14.75974,0.29945,0.65194,-0.24891,0.38558,-0.60361,
1787040668700005888,64.65259,-14.81666,0.28858,0.66134,-0.23571,0.36656,-0.61050,
1787040668900006912,64.91600,-14.90172,0.31676,0.65945,-0.24571,0.38302,-0.59837,
1787040668966672896,65.02592,-14.94472,0.32580,0.64004,-0.27640,0.41348,-0.58565,
1787040669033339136,65.13726,-14.99073,0.32111,0.62324,-0.28929,0.44053,-0.57776,
1787040669166671872,65.34279,-15.05115,0.29307,0.60955,-0.29831,0.45393,-0.57741,
1787040669300005888,65.54655,-15.09640,0.26776,0.61310,-0.29419,0.44118,-0.58559,
1787040669366672896,65.65941,-15.09683,0.30902,0.62560,-0.29684,0.42243,-0.58486,
1787040669433339136,65.73533,-15.09855,0.32606,0.63876,-0.29389,0.40969,-0.58118,
1787040669566672128,65.92035,-15.09496,0.36433,0.65058,-0.28578,0.40311,-0.57669,
1787040669700005888,66.10617,-15.07122,0.36120,0.66944,-0.28334,0.38453,-0.56895,
1787040669766671872,66.17719,-15.04834,0.34726,0.67791,-0.28530,0.37304,-0.56559,
1787040669900006912,66.36401,-15.00963,0.30635,0.68781,-0.27897,0.35636,-0.56754,
1787040670100004864,66.69938,-14.98614,0.32318,0.68539,-0.27851,0.36694,-0.56394,
1787040670233338112,66.89948,-14.99637,0.32268,0.68508,-0.26901,0.38205,-0.55887,
1787040670433339136,67.23276,-15.01674,0.26777,0.69530,-0.25846,0.37494,-0.55603,
1787040670500006912,67.33411,-15.01947,0.26722,0.70120,-0.26108,0.36384,-0.55478,
1787040670566674944,67.44412,-15.01667,0.27890,0.70555,-0.26742,0.36427,-0.54589,
1787040670633338880,67.53289,-15.01058,0.30093,0.70753,-0.27329,0.36978,-0.53663,
1787040670700005888,67.62803,-15.00005,0.31904,0.70898,-0.28470,0.36529,-0.53185,
1787040670766671872,67.72489,-14.98730,0.32341,0.71459,-0.29106,0.35548,-0.52752,
1787040670833339904,67.82776,-14.97898,0.31396,0.72244,-0.29705,0.35208,-0.51563,
1787040670900008960,67.93435,-14.97196,0.29945,0.73241,-0.29785,0.34625,-0.50495,
1787040671033339136,68.15043,-14.95828,0.28319,0.74249,-0.28210,0.33414,-0.50743,
1787040671166673920,68.37134,-14.94527,0.31901,0.73505,-0.29621,0.33609,-0.50893,
1787040671233339136,68.47630,-14.95273,0.33732,0.73122,-0.29148,0.34624,-0.51036,
1787040671300005888,68.57907,-14.96405,0.34410,0.72680,-0.27962,0.35550,-0.51690,
1787040671366674944,68.68737,-14.97291,0.33417,0.72059,-0.27007,0.36463,-0.52427,
1787040671433339136,68.79808,-14.97801,0.31352,0.71436,-0.26465,0.36549,-0.53484,
1787040671566673152,69.02520,-14.98931,0.28536,0.71528,-0.25895,0.35624,-0.54260,
1787040671900006144,69.58090,-14.98551,0.34037,0.70865,-0.27506,0.35027,-0.54724,
1787040672100008960,69.93678,-14.97366,0.29076,0.72322,-0.28195,0.33668,-0.53302,
1787040672166673920,70.06576,-14.96503,0.28974,0.73568,-0.28434,0.32896,-0.51934,
1787040672233339136,70.18827,-14.95850,0.30266,0.74443,-0.29935,0.32515,-0.50049,
1787040672300004864,70.32070,-14.95788,0.31928,0.75367,-0.31814,0.31904,-0.47852,
1787040672366672128,70.44270,-14.96483,0.32998,0.76078,-0.32400,0.31880,-0.46326,
1787040672500005120,70.68586,-14.97169,0.31327,0.76837,-0.32956,0.31421,-0.44975,
1787040672566673152,70.80871,-14.97214,0.29054,0.78213,-0.33316,0.30058,-0.43236,
1787040672633338880,70.93805,-14.97083,0.27265,0.80221,-0.34839,0.28481,-0.39238,
1787040672700006912,71.07986,-14.96615,0.27068,0.82843,-0.35991,0.26540,-0.33723,
1787040672766673152,71.20496,-14.95393,0.27920,0.84750,-0.37354,0.25465,-0.27815,
1787040672833339904,71.33449,-14.92992,0.29873,0.85957,-0.39234,0.23955,-0.22323,
1787040672900006912,71.46013,-14.89751,0.30999,0.86637,-0.41801,0.21952,-0.16272,
1787040672966676992,71.58385,-14.86681,0.30553,0.87589,-0.42592,0.19346,-0.11827,
1787040673033339136,71.71302,-14.83324,0.28862,0.88254,-0.43034,0.17361,-0.07610,
1787040673100004864,71.88139,-14.78463,0.27755,0.88915,-0.42933,0.15522,-0.03168,
1787040673166672896,72.01262,-14.73991,0.26397,0.88640,-0.44044,0.14247,-0.00209,
1787040673233339136,72.13999,-14.69107,0.26893,0.88675,-0.44496,0.12510,0.00541,
1787040673300005888,72.27934,-14.65125,0.28209,0.88258,-0.45338,0.12258,0.02181,
1787040673433339136,72.54363,-14.57587,0.31115,0.88580,-0.44739,0.12267,0.01250,
1787040673500005888,72.68105,-14.53868,0.31015,0.88723,-0.44278,0.12945,-0.00096,
1787040673566672128,72.82417,-14.50274,0.29402,0.88842,-0.43717,0.13722,-0.02763,
1787040673633339904,72.96543,-14.46503,0.27299,0.88856,-0.42890,0.14471,-0.07461,
1787040673700006912,73.10185,-14.42295,0.26111,0.88633,-0.42028,0.15470,-0.11771,
1787040673766673152,73.22817,-14.37437,0.26290,0.88512,-0.40829,0.16059,-0.15513,
1787040673833338880,73.33832,-14.31655,0.27991,0.88457,-0.39442,0.16771,-0.18397,
1787040673900005120,73.43462,-14.25348,0.30540,0.87712,-0.39733,0.17346,-0.20666,
1787040673966674944,73.55388,-14.18485,0.31538,0.86404,-0.40418,0.18880,-0.23332,
1787040674033338112,73.66741,-14.11960,0.30878,0.84940,-0.40163,0.20208,-0.27637,
1787040674100006144,73.78291,-14.05063,0.29228,0.82480,-0.39603,0.21432,-0.34196,
1787040674166672896,73.90030,-13.97801,0.27493,0.80117,-0.37914,0.23405,-0.39950,
1787040674233339136,74.00715,-13.90163,0.27047,0.78219,-0.36681,0.25467,-0.43449,
1787040674300007168,74.02049,-13.81003,0.28589,0.76937,-0.35370,0.26923,-0.45878,
1787040674366672128,74.09099,-13.74988,0.30666,0.75727,-0.34812,0.27627,-0.47856,
1787040674433340160,74.18238,-13.68868,0.33117,0.74091,-0.35033,0.28469,-0.49727,
1787040674500006912,74.28253,-13.63223,0.34494,0.72800,-0.33958,0.29776,-0.51579,
1787040674566673152,74.38584,-13.57705,0.34073,0.71667,-0.32265,0.31148,-0.53411,
1787040674633337856,74.49884,-13.50558,0.36074,0.70567,-0.30999,0.32015,-0.55085,
1787040674700006912,74.61195,-13.43805,0.34659,0.70301,-0.29046,0.32141,-0.56400,
1787040674766673152,74.71916,-13.37831,0.34105,0.69935,-0.27771,0.32953,-0.57027,
1787040674833339904,74.84777,-13.29693,0.35023,0.69516,-0.28298,0.34613,-0.56292,
1787040674900005120,74.93869,-13.24601,0.36465,0.69528,-0.29434,0.35321,-0.55245,
1787040674966672896,75.04197,-13.17729,0.38710,0.69326,-0.31845,0.36183,-0.53578,
1787040675033339904,75.14569,-13.10644,0.39771,0.69724,-0.33447,0.36572,-0.51792,
1787040675100007168,75.24947,-13.03749,0.38950,0.70785,-0.34489,0.37266,-0.49105,
1787040675166672896,75.35109,-12.97570,0.36755,0.71283,-0.36210,0.38121,-0.46416,
1787040675233339904,75.45783,-12.91391,0.34467,0.71920,-0.36806,0.38715,-0.44429,
1787040675366673920,75.66674,-12.80467,0.33665,0.73007,-0.35538,0.40842,-0.41700,
1787040675500005888,75.85991,-12.73315,0.37332,0.72327,-0.34531,0.42819,-0.41748,
1787040675566673152,75.92258,-12.73372,0.38763,0.72111,-0.33486,0.42767,-0.43008,
1787040675633341952,75.98959,-12.72801,0.38996,0.72284,-0.31665,0.42032,-0.44785,
1787040675700005888,76.07187,-12.70916,0.37932,0.72589,-0.29559,0.40891,-0.46744,
1787040675766673920,76.14987,-12.69362,0.36104,0.72939,-0.27303,0.39395,-0.48811,
1787040675833338880,76.23436,-12.67505,0.35245,0.72432,-0.26046,0.38215,-0.51136,
1787040675900006144,76.31219,-12.65711,0.35739,0.71656,-0.25236,0.36584,-0.53760,
1787040675966678016,76.42508,-12.61424,0.37210,0.71050,-0.24920,0.35665,-0.55308,
1787040676033338112,76.52453,-12.57721,0.39451,0.70470,-0.25221,0.36323,-0.55484,
1787040676100006144,76.61390,-12.54068,0.41135,0.69609,-0.25777,0.36561,-0.56156,
1787040676233339136,76.79906,-12.46853,0.40453,0.68860,-0.24630,0.35791,-0.58057,
1787040676366673920,77.00211,-12.39331,0.37300,0.69063,-0.22930,0.35689,-0.58573,
1787040676500006912,77.21256,-12.33020,0.37813,0.68471,-0.22670,0.37944,-0.57949,
1787040676566673920,77.33075,-12.29870,0.38742,0.67298,-0.24589,0.40191,-0.57018,
1787040676633339904,77.44215,-12.27379,0.39453,0.65877,-0.26610,0.42883,-0.55796,
1787040676700006912,77.55483,-12.25227,0.38529,0.65195,-0.27235,0.44274,-0.55206,
1787040676900006144,77.90219,-12.17562,0.32977,0.67070,-0.27672,0.43215,-0.53557,
1787040676966674176,78.03372,-12.13497,0.32834,0.69656,-0.29743,0.41310,-0.50567,
1787040677033339904,78.15552,-12.09216,0.33659,0.74000,-0.32951,0.37778,-0.44845,
1787040677100006144,78.29075,-12.04066,0.35223,0.78396,-0.36059,0.34574,-0.36857,
1787040677166671872,78.43720,-11.98420,0.36127,0.81661,-0.39414,0.31917,-0.27556,
1787040677233339136,78.57029,-11.92978,0.35468,0.84381,-0.41041,0.28896,-0.18987,
1787040677300005888,78.68743,-11.89592,0.35418,0.85824,-0.41759,0.26402,-0.13907,
1787040677366673920,78.82030,-11.86313,0.33474,0.86435,-0.41805,0.24952,-0.12600,
1787040677500006912,79.07238,-11.80624,0.31161,0.87095,-0.40620,0.24282,-0.13227,
1787040677566673152,79.19180,-11.79957,0.31605,0.86173,-0.40527,0.26120,-0.15795,
1787040677633338880,79.31407,-11.79474,0.32506,0.84137,-0.39985,0.29454,-0.21321,
1787040677700012032,79.43865,-11.79537,0.34343,0.80556,-0.39717,0.34343,-0.27456,
1787040677766670848,79.55613,-11.80352,0.34056,0.77395,-0.38439,0.38030,-0.32958,
1787040677833338112,79.67585,-11.79876,0.32438,0.74773,-0.37361,0.40311,-0.37258,
1787040677900006144,79.79539,-11.79197,0.30344,0.72165,-0.36803,0.42128,-0.40780,
1787040677966671872,79.92839,-11.78059,0.28466,0.70027,-0.36320,0.42949,-0.43960,
1787040678033340928,80.06120,-11.76756,0.27658,0.68406,-0.36293,0.43160,-0.46267,
1787040678100008960,80.18929,-11.75166,0.28109,0.67338,-0.36797,0.42836,-0.47713,
1787040678233339904,80.45310,-11.70987,0.31413,0.65589,-0.39005,0.43179,-0.48086,
1787040678300007168,80.58906,-11.68073,0.32411,0.64829,-0.40357,0.43153,-0.48025,
1787040678366672896,80.73208,-11.65084,0.31541,0.64035,-0.41483,0.43231,-0.48059,
1787040678433339136,80.86761,-11.62668,0.29051,0.63128,-0.42431,0.44034,-0.47702,
1787040678566673152,81.14128,-11.58867,0.24855,0.62346,-0.42011,0.45718,-0.47518,
1787040678633338880,81.28320,-11.57173,0.24508,0.61521,-0.40968,0.47240,-0.48012,
1787040678700005888,81.41971,-11.56262,0.25274,0.60512,-0.40157,0.48581,-0.48638,
1787040678766673152,81.55321,-11.55895,0.26501,0.59334,-0.39532,0.50343,-0.48808,
1787040678833339904,81.67596,-11.56051,0.27363,0.58688,-0.37972,0.51552,-0.49560,
1787040678900006912,81.79436,-11.56310,0.27074,0.58519,-0.35907,0.52105,-0.50708,
1787040678966672896,81.91643,-11.56318,0.25669,0.58681,-0.34025,0.51592,-0.52318,
1787040679033339136,82.04676,-11.56270,0.24224,0.59367,-0.32549,0.50083,-0.53924,
1787040679100007168,82.17522,-11.56145,0.23439,0.60137,-0.31666,0.48494,-0.55037,
1787040679166673920,82.31045,-11.55474,0.24118,0.61308,-0.31213,0.46268,-0.55913,
1787040679233339904,82.43374,-11.54556,0.26294,0.62456,-0.30896,0.44600,-0.56174,
1787040679366672896,82.66269,-11.52109,0.31120,0.63623,-0.31231,0.41998,-0.56683,
1787040679433340928,82.77194,-11.50184,0.31688,0.64199,-0.31258,0.39570,-0.57755,
1787040679500006912,82.88700,-11.48303,0.30279,0.64616,-0.31021,0.37940,-0.58507,
1787040679566672128,83.00152,-11.46927,0.28332,0.65177,-0.29948,0.36884,-0.59116,
1787040679700007936,83.24962,-11.45070,0.26982,0.65451,-0.28110,0.37887,-0.59081,
1787040679766675968,83.36949,-11.44282,0.27959,0.66880,-0.28145,0.38104,-0.57297,
1787040679833339904,83.48579,-11.44174,0.29630,0.68435,-0.28854,0.38460,-0.54817,
1787040679900006144,83.58074,-11.45222,0.30944,0.69856,-0.29150,0.38948,-0.52474,
1787040679966671872,83.70138,-11.46103,0.30655,0.71082,-0.28950,0.39348,-0.50606,
1787040680033339136,83.80680,-11.47447,0.28977,0.72212,-0.28543,0.39414,-0.49165,
1787040680100006144,83.91982,-11.48727,0.26503,0.73437,-0.27910,0.38832,-0.48168,
1787040680166672896,84.04359,-11.50035,0.24471,0.74855,-0.27497,0.38052,-0.46827,
1787040680233339904,84.16295,-11.51490,0.23581,0.76345,-0.27306,0.36698,-0.45597,
1787040680300005888,84.27635,-11.52778,0.23881,0.77301,-0.27517,0.35896,-0.44485,
1787040680433340160,84.51233,-11.54311,0.26774,0.75469,-0.27944,0.39027,-0.44726,
1787040680500006912,84.62155,-11.54328,0.27048,0.73196,-0.28533,0.39758,-0.47408,
1787040680566673920,84.73563,-11.53776,0.25946,0.71643,-0.29594,0.38283,-0.50259,
1787040680700006912,84.97568,-11.53764,0.22090,0.71648,-0.28517,0.36644,-0.52062,
1787040680766673920,85.10449,-11.53960,0.21621,0.71647,-0.27250,0.36469,-0.52860,
1787040680833338880,85.23646,-11.54493,0.22240,0.71079,-0.26361,0.36818,-0.53827,
1787040680900006144,85.34546,-11.55771,0.24026,0.70351,-0.26369,0.37184,-0.54523,
1787040680966672896,85.46516,-11.57854,0.25926,0.69106,-0.26148,0.38980,-0.54965,
1787040681033339904,85.58263,-11.60034,0.26513,0.68227,-0.25163,0.40160,-0.55669,
1787040681100009984,85.69869,-11.62037,0.25677,0.68037,-0.24243,0.40196,-0.56281,
1787040681166672896,85.80387,-11.64427,0.23790,0.68276,-0.23203,0.40069,-0.56519,
1787040681233339136,85.91082,-11.67068,0.22149,0.68989,-0.22270,0.38985,-0.56788,
1787040681366672896,86.15543,-11.72271,0.21764,0.70816,-0.22154,0.37429,-0.55618,
1787040681500008192,86.40018,-11.75961,0.25715,0.71464,-0.23457,0.38114,-0.53758,
1787040681633338880,86.63181,-11.78189,0.26318,0.70848,-0.24831,0.36469,-0.55082,
1787040681766671872,86.87801,-11.81127,0.22820,0.70766,-0.24226,0.35396,-0.56145,
1787040681833338880,87.01827,-11.82714,0.22025,0.70486,-0.23494,0.35511,-0.56734,
1787040681900006144,87.14377,-11.84581,0.22811,0.69890,-0.23077,0.36377,-0.57092,
1787040682033339904,87.36978,-11.90334,0.26182,0.69235,-0.23080,0.37999,-0.56832,
1787040682100004864,87.47760,-11.93703,0.26408,0.68943,-0.22109,0.39338,-0.56662,
1787040682166672896,87.58765,-11.96979,0.24927,0.68943,-0.20818,0.39426,-0.57088,
1787040682300004864,87.82542,-12.03906,0.20922,0.69539,-0.19887,0.38201,-0.57528,
1787040682433339136,88.08750,-12.10549,0.20471,0.71396,-0.20533,0.36524,-0.56097,
1787040682500008192,88.21150,-12.12784,0.22020,0.72608,-0.21620,0.36059,-0.54409,
1787040682566672128,88.34458,-12.14479,0.23982,0.73963,-0.24034,0.36213,-0.51385,
1787040682633342976,88.47101,-12.15366,0.24506,0.75402,-0.25986,0.35436,-0.48822,
1787040682700005888,88.59045,-12.15999,0.23713,0.77124,-0.27977,0.33590,-0.46271,
1787040682766673920,88.71944,-12.16958,0.21612,0.79288,-0.29136,0.31876,-0.42993,
1787040682833338880,88.84602,-12.18134,0.19454,0.81491,-0.29327,0.30232,-0.39815,
1787040682900006912,88.98513,-12.19185,0.18890,0.82886,-0.29199,0.29168,-0.37770,
1787040683033339904,89.23301,-12.22509,0.21300,0.83821,-0.30559,0.28407,-0.35117,
1787040683100007936,89.35404,-12.24860,0.23197,0.84097,-0.30966,0.29234,-0.33380,
1787040683166672896,89.45663,-12.27692,0.23683,0.84103,-0.30771,0.30620,-0.32283,
1787040683300004864,89.68216,-12.33463,0.20755,0.84351,-0.29801,0.30790,-0.32385,
1787040683433340160,89.88830,-12.40673,0.17645,0.84433,-0.29673,0.30392,-0.32663,
1787040683500005888,90.00756,-12.44563,0.18066,0.83433,-0.30383,0.30295,-0.34613,
1787040683566673920,90.14483,-12.47637,0.19421,0.81230,-0.30115,0.30912,-0.39233,
1787040683633341184,90.27275,-12.49963,0.21732,0.78805,-0.30471,0.32892,-0.42183,
1787040683700007936,90.39521,-12.51739,0.23412,0.76779,-0.30511,0.34651,-0.44422,
1787040683766673920,90.49995,-12.52880,0.23725,0.75399,-0.30343,0.34403,-0.47019,
1787040683833338880,90.61472,-12.53783,0.22681,0.74370,-0.30253,0.34017,-0.48955,
1787040683900005120,90.71280,-12.54848,0.21412,0.73861,-0.29163,0.33735,-0.50557,
1787040683966672896,90.81468,-12.55745,0.20731,0.73515,-0.28078,0.33957,-0.51518,
1787040684033339904,90.91905,-12.56713,0.21539,0.73098,-0.27123,0.34000,-0.52583,
1787040684166675200,91.13562,-12.60678,0.25323,0.71989,-0.26921,0.35033,-0.53531,
1787040684233338112,91.23033,-12.63314,0.26590,0.71155,-0.26068,0.36973,-0.53762,
1787040684300007168,91.33798,-12.66052,0.26043,0.70496,-0.24635,0.38259,-0.54403,
1787040684366672896,91.41239,-12.69705,0.24990,0.70083,-0.23703,0.38710,-0.55028,
1787040684433340928,91.51219,-12.73190,0.23186,0.69892,-0.22872,0.38483,-0.55777,
1787040684566672128,91.73011,-12.80343,0.22378,0.70155,-0.22890,0.37146,-0.56344,
1787040684700005888,91.94495,-12.86132,0.26051,0.70365,-0.24031,0.37648,-0.55262,
1787040684766671872,92.05983,-12.89233,0.28647,0.69784,-0.25580,0.38214,-0.54913,
1787040684900005120,92.30195,-12.92759,0.28853,0.69094,-0.28290,0.35903,-0.56006,
1787040685100006144,92.62919,-12.99589,0.26205,0.68812,-0.27940,0.34599,-0.57334,
1787040685166672896,92.74158,-13.02167,0.27643,0.68189,-0.27934,0.35578,-0.57482,
1787040685300004864,92.95155,-13.09148,0.31308,0.67419,-0.27832,0.37866,-0.56976,
1787040685366672896,93.06107,-13.12691,0.31653,0.67107,-0.27042,0.39417,-0.56671,
1787040685500005888,93.26815,-13.19784,0.29416,0.66816,-0.25900,0.39893,-0.57213,
1787040685633338880,93.48702,-13.26832,0.27802,0.67300,-0.25326,0.38392,-0.57926,
1787040685766671872,93.72065,-13.32599,0.30527,0.67991,-0.26415,0.37160,-0.57434,
1787040685833339904,93.84363,-13.34076,0.32044,0.67865,-0.27953,0.38096,-0.56229,
1787040685966674944,94.06396,-13.36865,0.31732,0.66848,-0.29890,0.37887,-0.56591,
1787040686033338112,94.19897,-13.37945,0.29506,0.65999,-0.30525,0.38466,-0.56857,
1787040686166672896,94.44931,-13.40984,0.26609,0.65070,-0.30190,0.39318,-0.57520,
1787040686233338112,94.56641,-13.42004,0.27026,0.64265,-0.30173,0.40071,-0.57913,
1787040686300007168,94.68552,-13.43759,0.28091,0.63451,-0.29835,0.41462,-0.58007,
1787040686366672128,94.80287,-13.45484,0.29594,0.62727,-0.30293,0.43117,-0.57346,
1787040686500008192,95.01105,-13.48830,0.29930,0.62989,-0.29222,0.44170,-0.56812,
1787040686633338880,95.21288,-13.51349,0.26837,0.64547,-0.28384,0.42206,-0.56979,
1787040686700006912,95.32238,-13.52335,0.25989,0.65489,-0.28509,0.41127,-0.56630,
1787040686766673152,95.43081,-13.53031,0.26398,0.66408,-0.28673,0.39332,-0.56752,
1787040686833338880,95.53979,-13.53116,0.27851,0.67202,-0.29479,0.38292,-0.56112,
1787040686900006144,95.64981,-13.52481,0.30037,0.67650,-0.31122,0.38088,-0.54811,
1787040686966675968,95.75958,-13.51341,0.31550,0.67938,-0.32594,0.37520,-0.53985,
1787040687033339136,95.85401,-13.49776,0.31566,0.68476,-0.33607,0.35610,-0.53977,
1787040687100006144,95.95656,-13.48227,0.30330,0.69027,-0.34742,0.34265,-0.53425,
1787040687166672896,96.06318,-13.46854,0.28630,0.69803,-0.34811,0.33406,-0.52913,
1787040687366672896,96.38428,-13.43517,0.29337,0.70758,-0.35141,0.33544,-0.51316,
1787040687433339136,96.49449,-13.42175,0.30947,0.70666,-0.36080,0.33987,-0.50492,
1787040687566673152,96.69177,-13.40936,0.32436,0.70417,-0.36248,0.35813,-0.49447,
1787040687700005120,96.90160,-13.38823,0.28998,0.71572,-0.35506,0.34914,-0.48968,
1787040687766671872,97.00515,-13.37550,0.27538,0.72286,-0.35389,0.33937,-0.48689,
1787040687833338880,97.12172,-13.35760,0.27260,0.72954,-0.35790,0.32775,-0.48193,
1787040687900006144,97.22537,-13.33833,0.28218,0.74152,-0.35969,0.31267,-0.47223,
1787040687966671872,97.33439,-13.31163,0.30142,0.74834,-0.37112,0.31317,-0.45187,
1787040688033341952,97.44265,-13.27928,0.31909,0.75241,-0.38717,0.31755,-0.42795,
1787040688100006144,97.54398,-13.24479,0.32580,0.76154,-0.39256,0.30686,-0.41447,
1787040688166672896,97.64563,-13.21083,0.32015,0.76834,-0.39757,0.30080,-0.40139,
1787040688300007168,97.84894,-13.14986,0.28782,0.77999,-0.39202,0.29728,-0.38673,
1787040688500008192,98.15152,-13.05656,0.30344,0.78197,-0.40290,0.29720,-0.37130,
1787040688566673152,98.25702,-13.03145,0.31779,0.78101,-0.41316,0.30430,-0.35599,
1787040688700009216,98.46258,-12.97548,0.29761,0.79834,-0.40320,0.30110,-0.33079,
1787040688766673152,98.60935,-12.90220,0.27292,0.81097,-0.40451,0.29041,-0.30717,
1787040688833338880,98.67942,-12.87189,0.26728,0.82757,-0.40730,0.27211,-0.27421,
1787040688900005120,98.75730,-12.84157,0.26313,0.84286,-0.41258,0.25145,-0.23694,
1787040688966672896,98.85081,-12.79775,0.27302,0.85873,-0.41949,0.22031,-0.19514,
1787040689033339904,98.94844,-12.74836,0.29321,0.86764,-0.43148,0.20094,-0.14371,
1787040689100007936,99.03660,-12.68990,0.31457,0.86946,-0.44711,0.18774,-0.09424,
1787040689166678016,99.13727,-12.63400,0.31348,0.87388,-0.45242,0.16805,-0.05836,
1787040689233339136,99.20044,-12.57258,0.32012,0.87436,-0.46141,0.14855,-0.02287,
1787040689300004864,99.33014,-12.50670,0.29022,0.87634,-0.46273,0.13343,0.01024,
1787040689366672128,99.43348,-12.46168,0.27373,0.87985,-0.45589,0.13029,0.03237,
1787040689500006912,99.62737,-12.36052,0.28074,0.88385,-0.45002,0.12637,0.01770,
1787040689633338880,99.80279,-12.29195,0.32370,0.88547,-0.44197,0.14269,0.01560,
1787040689700005888,99.89766,-12.26508,0.33476,0.88849,-0.43209,0.15408,0.01221,
1787040689833338880,100.06938,-12.20102,0.32229,0.89638,-0.41580,0.15262,0.01796,
1787040689900006144,100.15535,-12.16721,0.31274,0.90164,-0.40799,0.13641,0.04447,
1787040689966674944,100.23663,-12.12706,0.30977,0.90031,-0.40979,0.09941,0.10789,
1787040690033341952,100.32234,-12.07992,0.31962,0.89152,-0.41451,0.06457,0.17088,
1787040690100006144,100.41025,-12.02335,0.33699,0.88150,-0.41958,0.04421,0.21203,
1787040690166673920,100.50060,-11.95947,0.35818,0.87032,-0.42920,0.02497,0.24022,
1787040690233339136,100.57607,-11.90325,0.37250,0.86135,-0.43475,0.00434,0.26279,
1787040690300005888,100.64769,-11.85183,0.37667,0.85162,-0.43811,-0.01464,0.28737,
1787040690366672128,100.72534,-11.79919,0.37380,0.84442,-0.43985,-0.01996,0.30509,
1787040690500006912,100.85046,-11.69940,0.37238,0.83964,-0.43745,-0.03158,0.32039,
1787040690566672128,100.91290,-11.64566,0.37854,0.83257,-0.45322,-0.03050,0.31700,
1787040690633337856,100.97029,-11.60305,0.38962,0.83425,-0.45949,-0.02252,0.30396,
1787040690700005120,101.03009,-11.56156,0.40005,0.83819,-0.46355,-0.00367,0.28730,
1787040690766674944,101.08477,-11.52493,0.40785,0.84360,-0.45773,0.00307,0.28074,
1787040691033338112,101.25282,-11.37278,0.40526,0.83623,-0.45072,-0.01328,0.31209,
1787040691100007168,101.27788,-11.34343,0.41122,0.82905,-0.44855,-0.02153,0.33320,
1787040691166672896,101.29739,-11.30194,0.42043,0.82033,-0.44718,-0.03674,0.35460,
1787040691233339904,101.30415,-11.25581,0.42570,0.80471,-0.45533,-0.05555,0.37687,
1787040691300005888,101.29805,-11.20389,0.42611,0.78492,-0.46848,-0.08489,0.39650,
1787040691366672128,101.27558,-11.15688,0.41921,0.76557,-0.48153,-0.10932,0.41241,
1787040691433339136,101.24974,-11.10661,0.41317,0.75174,-0.48802,-0.12596,0.42528,
1787040691500005888,101.21428,-11.05707,0.40648,0.74063,-0.48885,-0.13565,0.44056,
1787040691566673152,101.17381,-11.01072,0.39908,0.73968,-0.47253,-0.13920,0.45848,
1787040691633338880,101.13185,-10.95625,0.39322,0.74000,-0.45464,-0.14347,0.47447,
1787040691700005888,101.06347,-10.90996,0.40334,0.73736,-0.44613,-0.14562,0.48587,
1787040691833338880,100.92890,-10.79830,0.44644,0.72776,-0.44777,-0.15251,0.49660,
1787040691966674176,100.82688,-10.70159,0.47992,0.71695,-0.44838,-0.15343,0.51127,
1787040692100007168,100.69925,-10.61331,0.48494,0.71275,-0.44473,-0.14671,0.52219,
1787040692166672896,100.61900,-10.57195,0.48065,0.71504,-0.43493,-0.14343,0.52818,
1787040692300004864,100.46431,-10.47627,0.47553,0.71967,-0.41503,-0.14419,0.53761,
1787040692366672896,100.37987,-10.42940,0.49381,0.71886,-0.40341,-0.15289,0.54510,
1787040692433339136,100.28705,-10.38914,0.51925,0.70739,-0.41059,-0.15922,0.55287,
1787040692500005120,100.19249,-10.36170,0.54608,0.69847,-0.40921,-0.17265,0.56114,
1787040692566673152,100.09274,-10.34071,0.56465,0.68293,-0.41582,-0.19267,0.56884,
1787040692633338880,99.99008,-10.32381,0.56514,0.67086,-0.41999,-0.21518,0.57206,
1787040692766673152,99.78638,-10.28870,0.53338,0.67582,-0.40443,-0.21815,0.57629,
1787040692900007936,99.56941,-10.24646,0.52529,0.67418,-0.40333,-0.18955,0.58897,
1787040692966672896,99.44973,-10.22368,0.53849,0.66396,-0.41997,-0.19739,0.58636,
1787040693033339904,99.33075,-10.19588,0.55192,0.64950,-0.44885,-0.20692,0.57781,
1787040693100006144,99.21293,-10.16862,0.55197,0.63258,-0.48810,-0.22405,0.55803,
1787040693166672896,99.09577,-10.13933,0.54270,0.62597,-0.51205,-0.22895,0.54180,
1787040693233339904,99.00906,-10.12039,0.49806,0.63015,-0.51666,-0.22151,0.53563,
1787040693366672896,98.76555,-10.04942,0.47706,0.63326,-0.51621,-0.21115,0.53659,
1787040693433339136,98.64500,-10.01771,0.48209,0.63619,-0.50281,-0.21494,0.54428,
1787040693566672128,98.40924,-9.96624,0.51867,0.62336,-0.50802,-0.22360,0.55077,
1787040693633337856,98.29966,-9.95527,0.54440,0.62550,-0.49740,-0.23420,0.55362,
1787040693700005888,98.19750,-9.94768,0.55739,0.63217,-0.48330,-0.24126,0.55549,
1787040693766673920,98.09109,-9.93957,0.55720,0.63904,-0.46707,-0.24553,0.55963,
1787040693833338880,97.98565,-9.93180,0.54781,0.65050,-0.44450,-0.23988,0.56721,
1787040693900006912,97.87071,-9.92275,0.53744,0.65833,-0.42700,-0.23093,0.57528,
1787040693966672896,97.75356,-9.91153,0.53960,0.66260,-0.41981,-0.22072,0.57966,
1787040694033338112,97.63437,-9.89470,0.55734,0.66065,-0.42891,-0.22292,0.57436,
1787040694166672896,97.43422,-9.83842,0.59843,0.66473,-0.43590,-0.21688,0.56664,
1787040694300005888,97.24243,-9.76438,0.59061,0.66899,-0.43899,-0.19920,0.56573,
1787040694433339136,97.04851,-9.67559,0.55694,0.67063,-0.43169,-0.18844,0.57305,
1787040694566673920,96.85832,-9.57329,0.55172,0.66133,-0.42429,-0.19945,0.58552,
1787040694700006912,96.66539,-9.48603,0.57325,0.64895,-0.44151,-0.21724,0.58029,
1787040694833339904,96.48775,-9.41041,0.56972,0.64902,-0.43281,-0.23765,0.57877,
1787040694966671872,96.31279,-9.32853,0.54293,0.65307,-0.41916,-0.24222,0.58236,
1787040695100006144,96.13194,-9.24265,0.54612,0.65722,-0.42200,-0.23688,0.57781,
1787040695233339904,95.97490,-9.15562,0.57131,0.66087,-0.42380,-0.24000,0.57100,
1787040695500006912,95.58372,-8.96096,0.53849,0.65848,-0.41609,-0.22983,0.58348,
1787040695633338880,95.37122,-8.87688,0.51467,0.65585,-0.40324,-0.23696,0.59255,
1787040695700006912,95.27582,-8.84059,0.53445,0.63853,-0.39664,-0.26519,0.60385,
1787040695766671872,95.16363,-8.81169,0.54908,0.60248,-0.40263,-0.30273,0.61908,
1787040695833338880,95.05223,-8.78437,0.55647,0.57398,-0.40682,-0.32957,0.62962,
1787040695900006912,94.94381,-8.75840,0.55351,0.56022,-0.39760,-0.34543,0.63933,
1787040696033339904,94.74113,-8.69407,0.52891,0.56797,-0.38879,-0.33524,0.64332,
1787040696100007168,94.59961,-8.66857,0.52202,0.58520,-0.39267,-0.31357,0.63642,
1787040696166678016,94.53831,-8.65114,0.52164,0.60853,-0.39467,-0.28512,0.62660,
1787040696233339136,94.42507,-8.62332,0.52654,0.63050,-0.40113,-0.26162,0.61084,
1787040696300005888,94.31955,-8.59818,0.53598,0.64651,-0.40052,-0.25360,0.59774,
1787040696366672128,94.21553,-8.56971,0.54353,0.65168,-0.40827,-0.25351,0.58683,
1787040696433339136,94.10802,-8.53722,0.54250,0.65491,-0.41999,-0.24417,0.57886,
1787040696500006912,93.99289,-8.50404,0.53218,0.66182,-0.42967,-0.23118,0.56916,
1787040696566673152,93.88786,-8.47390,0.51601,0.66904,-0.43438,-0.22164,0.56087,
1787040696633338880,93.76763,-8.44059,0.49759,0.67510,-0.43754,-0.21541,0.55352,
1787040696700005888,93.66022,-8.40780,0.48514,0.68372,-0.43444,-0.20585,0.54902,
1787040696766673152,93.54059,-8.37508,0.48309,0.71100,-0.42441,-0.19033,0.52738,
1787040696833338112,93.42536,-8.34852,0.49096,0.73564,-0.42877,-0.18330,0.49131,
1787040696900006144,93.31496,-8.32802,0.50807,0.74781,-0.43155,-0.17849,0.47189,
1787040697033339136,93.08765,-8.28983,0.51650,0.75273,-0.43278,-0.18075,0.46198,
1787040697166671872,92.84959,-8.26094,0.48610,0.74863,-0.42577,-0.19044,0.47117,
1787040697300007168,92.59645,-8.23070,0.47477,0.74323,-0.42345,-0.19079,0.48155,
1787040697366672896,92.42980,-8.21030,0.47522,0.73346,-0.43447,-0.19404,0.48541,
1787040697433339136,92.28426,-8.18966,0.48013,0.72513,-0.43522,-0.20649,0.49207,
1787040697500006912,92.17831,-8.16266,0.48434,0.71636,-0.44657,-0.21145,0.49265,
1787040697633338880,91.92337,-8.09197,0.47115,0.70557,-0.45927,-0.20119,0.50077,
1787040697766680064,91.70580,-8.02051,0.43042,0.70065,-0.45086,-0.18652,0.52060,
1787040697900006144,91.48552,-7.94603,0.42386,0.69454,-0.43529,-0.19685,0.53795,
1787040698033339136,91.25042,-7.87979,0.45082,0.68885,-0.43599,-0.20761,0.54065,
1787040698233339136,90.92108,-7.80539,0.45070,0.68779,-0.43050,-0.22120,0.54100,
1787040698433340160,90.56871,-7.72304,0.42857,0.69216,-0.43175,-0.20454,0.54099,
1787040698566673152,90.35980,-7.67019,0.45462,0.70135,-0.44010,-0.20084,0.52353,
1787040698633338880,90.25329,-7.64006,0.47072,0.70934,-0.45088,-0.19665,0.50484,
1787040698700007936,90.15244,-7.60529,0.47996,0.72533,-0.46240,-0.17823,0.47782,
1787040698766673920,90.08403,-7.56974,0.47729,0.75613,-0.47484,-0.14565,0.42613,
1787040698833338880,90.01770,-7.53365,0.46629,0.79679,-0.47603,-0.10691,0.35650,
1787040698900006144,89.94893,-7.49709,0.45253,0.82998,-0.47758,-0.06760,0.28012,
1787040698966674944,89.88852,-7.46260,0.45028,0.86348,-0.46551,-0.00570,0.19407,
1787040699033339136,89.95126,-7.42661,0.44999,0.87769,-0.46495,0.03418,0.11098,
1787040699100011008,89.87089,-7.37213,0.45268,0.88065,-0.46607,0.06711,0.05221,
1787040699166675200,89.83470,-7.33378,0.46467,0.88078,-0.46452,0.09081,0.01389,
1787040699233339904,89.80887,-7.29194,0.46861,0.87974,-0.46369,0.10276,-0.02182,
1787040699300007168,89.79824,-7.25196,0.46647,0.87880,-0.46055,0.11496,-0.04895,
1787040699366672128,89.76394,-7.19675,0.45975,0.87784,-0.45551,0.12814,-0.07408,
1787040699433339136,89.72306,-7.12757,0.45154,0.87133,-0.45804,0.14517,-0.09952,
1787040699500005120,89.70042,-7.06283,0.44348,0.86007,-0.46877,0.16059,-0.12140,
1787040699566673152,89.70734,-6.99986,0.42939,0.83912,-0.49492,0.17812,-0.13858,
1787040699633338880,89.69489,-6.91362,0.41702,0.82780,-0.50519,0.19347,-0.14868,
1787040699700006912,89.69273,-6.83326,0.40006,0.82404,-0.50297,0.20910,-0.15574,
1787040699766673920,89.70238,-6.76008,0.38545,0.82765,-0.49225,0.21550,-0.16202,
1787040699833339904,89.71588,-6.68536,0.37351,0.84023,-0.46798,0.21651,-0.16775,
1787040699900012032,89.73370,-6.60579,0.37106,0.85401,-0.44252,0.21052,-0.17473,
1787040699966671872,89.75456,-6.51990,0.38118,0.86205,-0.42970,0.20167,-0.17763,
1787040700166672896,89.81543,-6.25685,0.42273,0.86439,-0.43494,0.18084,-0.17593,
1787040700233338112,89.84333,-6.18032,0.42622,0.86937,-0.43097,0.17056,-0.17135,
1787040700366674944,89.91245,-6.00570,0.40376,0.87566,-0.42429,0.16360,-0.16259,
1787040700500005888,90.03760,-5.85391,0.39948,0.88319,-0.40906,0.17061,-0.15339,
1787040700633338880,90.14793,-5.65172,0.43775,0.87168,-0.42512,0.18612,-0.15753,
1787040700766673920,90.27440,-5.48242,0.46432,0.86480,-0.42547,0.20570,-0.16967,
1787040700833338112,90.34493,-5.40023,0.45783,0.86470,-0.41811,0.21900,-0.17181,
1787040700966674944,90.48314,-5.22523,0.43192,0.87331,-0.39562,0.22709,-0.17100,
1787040701100007168,90.62431,-5.03278,0.45325,0.87405,-0.40071,0.22093,-0.16328,
1787040701233338112,90.73686,-4.83403,0.50429,0.86579,-0.41696,0.22255,-0.16442,
1787040701366672128,90.83234,-4.62980,0.50694,0.86739,-0.42331,0.20122,-0.16718,
1787040701433339136,90.87741,-4.53313,0.49276,0.87218,-0.41946,0.19005,-0.16506,
1787040701500005888,90.92590,-4.42688,0.47916,0.87761,-0.41366,0.18179,-0.16013,
1787040701700005120,91.08546,-4.09449,0.51743,0.87154,-0.43126,0.17305,-0.15650,
1787040701833338112,91.20375,-3.90614,0.55480,0.86274,-0.43721,0.19151,-0.16691,
1787040701900006144,91.25640,-3.82470,0.55350,0.86242,-0.42939,0.20567,-0.17191,
1787040701966671872,91.31003,-3.74115,0.54094,0.86494,-0.41857,0.21457,-0.17506,
1787040702100004864,91.43662,-3.55516,0.52033,0.87497,-0.40093,0.20791,-0.17453,
1787040702166672896,91.49809,-3.45829,0.53148,0.87777,-0.40231,0.19785,-0.16890,
1787040702300005888,91.61322,-3.26227,0.57671,0.86887,-0.42296,0.20381,-0.15692,
1787040702433339136,91.70575,-3.07054,0.59356,0.87220,-0.42510,0.18561,-0.15527,
1787040702700007936,91.91786,-2.65604,0.56675,0.88068,-0.40630,0.18602,-0.15722,
1787040702766671872,91.97094,-2.54957,0.59167,0.87299,-0.42115,0.18907,-0.15743,
1787040702833338880,92.02919,-2.44575,0.61875,0.86340,-0.43901,0.19102,-0.15914,
1787040702966671872,92.15426,-2.26678,0.64183,0.85906,-0.43739,0.21522,-0.15617,
1787040703100006144,92.28345,-2.08557,0.62329,0.86055,-0.42795,0.22809,-0.15588,
1787040703233338112,92.41741,-1.89873,0.61203,0.86535,-0.42045,0.21827,-0.16356,
1787040703366672128,92.54435,-1.71168,0.65462,0.86338,-0.43062,0.20841,-0.16037,
1787040703566673920,92.70830,-1.41433,0.68885,0.86602,-0.43582,0.18223,-0.16389,
1787040703700005888,92.81797,-1.21392,0.66369,0.87351,-0.42703,0.16988,-0.16055,
1787040703833338880,92.94218,-1.00859,0.65822,0.88155,-0.40853,0.17568,-0.15847,
1787040703900006144,93.00537,-0.90447,0.67645,0.87706,-0.41090,0.18672,-0.16450,
1787040703966674944,93.06795,-0.81717,0.69532,0.87288,-0.41224,0.19123,-0.17771,
1787040704033339904,93.13708,-0.73801,0.71217,0.86396,-0.41369,0.21133,-0.19436,
1787040704100006144,93.21023,-0.65394,0.71788,0.85390,-0.40866,0.23622,-0.21918,
1787040704166675968,93.27829,-0.58137,0.71278,0.84582,-0.39833,0.25652,-0.24518,
1787040704233339136,93.35388,-0.49831,0.69910,0.84070,-0.38822,0.26772,-0.26614,
1787040704300005888,93.42947,-0.41189,0.68390,0.83899,-0.37758,0.27041,-0.28355,
1787040704433337856,93.59273,-0.23248,0.68539,0.83653,-0.37512,0.25973,-0.30338,
1787040704566673152,93.72988,-0.09906,0.67862,0.83512,-0.38498,0.25128,-0.30202,
1787040704633337856,93.87433,0.08482,0.67795,0.83540,-0.39456,0.24482,-0.29409,
1787040704766670848,93.99037,0.22219,0.65861,0.83646,-0.38813,0.23639,-0.30628,
1787040704833339904,94.08725,0.32381,0.64779,0.82683,-0.37684,0.24997,-0.33446,
1787040704900016896,94.17329,0.42099,0.63021,0.79907,-0.35147,0.27988,-0.39953,
1787040704966671872,94.27593,0.54410,0.64192,0.75693,-0.31942,0.30502,-0.48165,
1787040705033338112,94.34460,0.60765,0.64292,0.71532,-0.30480,0.33196,-0.53405,
1787040705100007936,94.42789,0.68276,0.66257,0.68410,-0.29102,0.34784,-0.57125,
1787040705166673920,94.53736,0.79395,0.65269,0.65801,-0.27328,0.36512,-0.59919,
1787040705233339136,94.60076,0.84647,0.67341,0.63495,-0.24863,0.37538,-0.62778,
1787040705300008960,94.69091,0.93580,0.66305,0.60829,-0.22528,0.38350,-0.65739,
1787040705366676992,94.78770,1.04309,0.64635,0.58637,-0.21264,0.38582,-0.67977,
1787040705433340160,94.87037,1.12353,0.63334,0.57814,-0.19713,0.38489,-0.69192,
1787040705566672128,95.07441,1.31592,0.62566,0.56549,-0.18651,0.38873,-0.70308,
1787040705700005888,95.26110,1.50140,0.65119,0.54009,-0.20484,0.40356,-0.70956,
1787040705766673152,95.34061,1.58911,0.65657,0.51789,-0.21077,0.40767,-0.72192,
1787040705833338880,95.42626,1.68657,0.65172,0.50316,-0.20816,0.40750,-0.73310,
1787040706033339136,95.68545,1.98029,0.60564,-0.49485,0.20193,-0.41422,0.73673,
1787040706233340928,95.94198,2.26966,0.62623,-0.49931,0.19798,-0.42495,0.72864,
1787040706300007936,96.01637,2.35131,0.62930,0.50285,-0.20705,0.42956,-0.72094,
1787040706433337856,96.18841,2.53029,0.60484,0.51697,-0.21294,0.43674,-0.70474,
1787040706500006912,96.27283,2.63019,0.58462,0.53121,-0.21857,0.43588,-0.69285,
1787040706566673152,96.36200,2.72310,0.56932,0.56634,-0.23492,0.43134,-0.66183,
1787040706633338880,96.46224,2.81851,0.56756,0.61309,-0.26062,0.41777,-0.61779,
1787040706700011008,96.56392,2.91590,0.57196,0.64902,-0.28904,0.40173,-0.57780,
1787040706766673152,96.65952,3.01349,0.58451,0.67398,-0.30729,0.39444,-0.54382,
1787040706833338880,96.74735,3.11436,0.59588,0.69844,-0.32559,0.38690,-0.50643,
1787040706900006144,96.83007,3.21031,0.59863,0.73160,-0.33460,0.36873,-0.46567,
1787040706966674176,96.91522,3.31265,0.58988,0.76629,-0.34498,0.34549,-0.41763,
1787040707033339136,97.00113,3.41519,0.57428,0.79880,-0.35503,0.31692,-0.36802,
1787040707100006144,97.08854,3.51573,0.55940,0.82738,-0.35895,0.29461,-0.31591,
1787040707166675200,97.17822,3.61515,0.55741,0.84821,-0.36206,0.27391,-0.27282,
1787040707233339136,97.27595,3.71000,0.56864,0.85770,-0.36471,0.27040,-0.24131,
1787040707300005888,97.37019,3.80141,0.58227,0.86016,-0.37535,0.26247,-0.22438,
1787040707566673920,97.76078,4.10815,0.56811,0.86910,-0.35368,0.27380,-0.21121,
1787040707700005888,97.97064,4.25422,0.54084,0.87201,-0.33692,0.27657,-0.22269,
1787040707966674176,98.34951,4.61961,0.59468,0.87366,-0.35401,0.24883,-0.22244,
1787040708033339136,98.42950,4.71070,0.59264,0.87693,-0.36366,0.22932,-0.21483,
1787040708100007168,98.51367,4.80401,0.57951,0.87890,-0.37137,0.21504,-0.20827,
1787040708233340928,98.70728,4.99316,0.54569,0.86135,-0.37314,0.24092,-0.24656,
1787040708300007168,98.80329,5.08551,0.54270,0.84414,-0.36284,0.26207,-0.29512,
1787040708366673920,98.89534,5.22195,0.55752,0.81926,-0.36443,0.28674,-0.33733,
1787040708433339136,99.00445,5.25140,0.57677,0.79267,-0.37208,0.30646,-0.37325,
1787040708500006912,99.10831,5.29633,0.59691,0.76897,-0.35525,0.33829,-0.40994,
1787040708566672128,99.22803,5.26398,0.60169,0.74161,-0.33111,0.36826,-0.45251,
1787040708633337856,99.32908,5.29171,0.58928,0.71197,-0.30782,0.39337,-0.49357,
1787040708700005120,99.42790,5.32252,0.57211,0.68679,-0.28207,0.40747,-0.53171,
1787040708766671872,99.53909,5.36797,0.55867,0.66219,-0.25820,0.41361,-0.56901,
1787040708833338880,99.68082,5.44631,0.55438,0.63865,-0.23573,0.41745,-0.60191,
1787040708900006912,99.80354,5.50480,0.56537,0.61656,-0.22460,0.42694,-0.62220,
1787040708966672896,99.90559,5.54511,0.58412,0.59662,-0.21436,0.43969,-0.63621,
1787040709033339136,100.00979,5.58895,0.60172,0.57942,-0.21195,0.44452,-0.64943,
1787040709100007168,100.12681,5.64534,0.60929,0.56220,-0.20507,0.43909,-0.67013,
1787040709166673920,100.24103,5.69714,0.60764,0.54574,-0.19696,0.43387,-0.68930,
1787040709233339136,100.35391,5.74088,0.59768,0.52829,-0.18537,0.43168,-0.70725,
1787040709300007168,100.46481,5.78179,0.58648,0.51032,-0.16989,0.43045,-0.72486,
1787040709366675968,100.44921,5.74331,0.61611,-0.48835,0.14950,-0.43299,0.74276,
1787040709433340160,100.54817,5.77413,0.64074,-0.46059,0.12810,-0.44001,0.76015,
1787040709500005120,100.59170,5.76100,0.66477,-0.43305,0.11657,-0.44348,0.77602,
1787040709566673920,100.71487,5.78519,0.69265,-0.40191,0.11190,-0.45403,0.78728,
1787040709633338880,100.79638,5.78466,0.70566,-0.38028,0.10090,-0.45911,0.79651,
1787040709700005888,100.88913,5.78611,0.70775,-0.36659,0.08415,-0.46459,0.80167,
1787040709766673152,100.94448,5.75392,0.70017,-0.35748,0.06655,-0.46577,0.80674,
1787040709833338880,101.06415,5.77320,0.69058,-0.35203,0.05673,-0.45491,0.81603,
1787040709900006912,101.13354,5.74421,0.68951,-0.35299,0.04568,-0.44556,0.82145,
1787040709966672896,101.29450,5.75359,0.67526,-0.35531,0.04337,-0.43368,0.82692,
1787040710166672896,101.60139,5.71678,0.72665,-0.34144,0.03675,-0.43901,0.83026,
1787040710300004864,101.78690,5.67256,0.73051,-0.33182,0.02948,-0.43169,0.83825,
1787040710433339136,101.97957,5.61170,0.71122,-0.31339,0.02179,-0.43005,0.84638,
1787040710500008192,102.05083,5.56305,0.71401,-0.30063,0.01728,-0.43289,0.84967,
1787040710566674944,102.13609,5.51520,0.73448,-0.28138,0.00682,-0.44171,0.85186,
1787040710633337856,102.21594,5.46735,0.75797,-0.26280,0.00905,-0.44309,0.85704,
1787040710700005888,102.28727,5.41175,0.77755,-0.24372,0.00019,-0.45234,0.85790,
1787040710766673152,102.35521,5.35337,0.78707,-0.23001,-0.00693,-0.45566,0.85989,
1787040710833338880,102.42370,5.28910,0.78251,-0.21633,-0.01469,-0.46060,0.86072,
1787040710966674176,102.55509,5.16428,0.75590,-0.20465,-0.02799,-0.45039,0.86861,
1787040711100006144,102.71804,5.02435,0.74629,-0.20824,-0.02995,-0.43571,0.87516,
1787040711233339136,102.86782,4.88247,0.77739,-0.21182,-0.02438,-0.44341,0.87059,
1787040711300007936,102.94102,4.80924,0.78404,-0.21655,-0.01368,-0.44528,0.86870,
1787040711433339136,103.08848,4.67745,0.76744,-0.22579,-0.00337,-0.43965,0.86932,
1787040711566673152,103.24754,4.53495,0.73319,-0.23805,-0.00180,-0.44694,0.86231,
1787040711700005888,103.39838,4.39445,0.73143,-0.24730,-0.01537,-0.44340,0.86140,
1787040711833338880,103.53883,4.24091,0.75724,-0.23540,-0.00932,-0.46307,0.85444,
1787040711900006144,103.58767,4.16362,0.75629,-0.22819,-0.01593,-0.47641,0.84895,
1787040711966672896,103.63958,4.08019,0.74207,-0.22334,-0.03264,-0.48072,0.84733,
1787040712033339136,103.68056,4.00379,0.71975,-0.21855,-0.05093,-0.47861,0.84887,
1787040712100006144,103.73651,3.91891,0.69844,-0.20947,-0.06131,-0.46927,0.85566,
1787040712233340928,103.84725,3.74489,0.68040,-0.19510,-0.06629,-0.45461,0.86653,
1787040712366672128,103.93286,3.56840,0.69239,-0.20134,-0.06646,-0.47545,0.85381,
1787040712433340160,104.04244,3.43327,0.69518,-0.20765,-0.04550,-0.51317,0.83155,
1787040712500005888,104.11532,3.33720,0.69333,-0.21576,-0.02708,-0.54270,0.81129,
1787040712566673152,104.19644,3.23564,0.68016,-0.22132,-0.01262,-0.55595,0.80111,
1787040712633338880,104.27257,3.13823,0.65913,-0.22869,-0.00157,-0.56664,0.79159,
1787040712700005888,104.34930,3.04176,0.63825,-0.23564,0.00228,-0.57493,0.78353,
1787040712833338880,104.49226,2.85813,0.62835,-0.24279,0.00283,-0.58539,0.77354,
1787040712966672896,104.61687,2.66882,0.64095,-0.24883,0.00716,-0.60353,0.75749,
1787040713100007168,104.72128,2.47673,0.63275,-0.24929,0.00470,-0.62136,0.74280,
1787040713300004864,104.88695,2.18285,0.58412,-0.24952,0.01299,-0.60902,0.75277,
1787040713366672128,104.95293,2.07019,0.58539,-0.25271,0.02469,-0.59647,0.76142,
1787040713433339136,105.01801,1.96718,0.58974,-0.26293,0.03968,-0.58471,0.76642,
1787040713500005120,105.08001,1.86970,0.60437,-0.27538,0.04629,-0.57353,0.77012,
1787040713566672128,105.14634,1.77336,0.62117,-0.28615,0.05394,-0.57889,0.76164,
1787040713633338880,105.20546,1.68516,0.63610,-0.30516,0.06034,-0.56761,0.76227,
1787040713700006912,105.25812,1.60062,0.64219,-0.34524,0.06336,-0.53731,0.76688,
1787040713766673152,105.31310,1.51199,0.63329,-0.38569,0.06974,-0.50745,0.76739,
1787040713833338880,105.36467,1.42607,0.60920,-0.41361,0.06799,-0.47130,0.77600,
1787040713900006144,105.41938,1.33570,0.58428,-0.43234,0.07141,-0.44642,0.78018,
1787040713966672896,105.47523,1.23694,0.56574,-0.44675,0.07324,-0.42918,0.78157,
1787040714100006144,105.58970,1.02671,0.55914,-0.44828,0.06615,-0.41072,0.79119,
1787040714166673920,105.63463,0.90807,0.57047,-0.43498,0.05618,-0.42411,0.79231,
1787040714233339136,105.67341,0.78701,0.57719,-0.41494,0.03558,-0.45355,0.78794,
1787040714300005888,105.70415,0.67816,0.56486,-0.39461,0.01571,-0.45361,0.79892,
1787040714366672128,105.73978,0.56328,0.54169,-0.36695,-0.00185,-0.45169,0.81322,
1787040714433339136,105.78144,0.44430,0.51739,-0.33387,-0.01039,-0.45422,0.82589,
1787040714500005888,105.82331,0.32396,0.49672,-0.30041,-0.02030,-0.45561,0.83771,
1787040714566672128,105.87941,0.19473,0.48668,-0.27752,-0.01768,-0.45207,0.84753,
1787040714633339904,105.94173,0.06714,0.49277,-0.26342,-0.02074,-0.46327,0.84591,
1787040714700005888,106.01846,-0.05855,0.51008,-0.25205,-0.01691,-0.47970,0.84028,
1787040714766671872,106.04418,-0.14925,0.52908,-0.23483,-0.00503,-0.48506,0.84234,
1787040714833338880,106.12616,-0.26666,0.53050,-0.21642,0.00176,-0.48089,0.84965,
1787040714900006144,106.18509,-0.37216,0.51418,-0.19234,-0.00344,-0.47597,0.85817,
1787040714966671872,106.24578,-0.47869,0.49295,-0.16171,-0.00628,-0.46558,0.87008,
1787040715033338112,106.30642,-0.58953,0.47626,-0.13176,-0.01999,-0.46689,0.87422,
1787040715100006144,106.36619,-0.69870,0.47380,-0.09475,-0.04208,-0.45974,0.88198,
1787040715166673920,106.41914,-0.80836,0.48541,-0.05266,-0.05897,-0.45440,0.88728,
1787040715233339904,106.46709,-0.92031,0.50964,-0.01575,-0.07053,-0.45497,0.88757,
1787040715300005888,106.51410,-1.03572,0.52605,0.01943,-0.08748,-0.45982,0.88348,
1787040715366672896,106.56295,-1.14934,0.52625,0.04852,-0.11004,-0.45608,0.88178,
1787040715433339136,106.61603,-1.26622,0.51470,0.07679,-0.12266,-0.44880,0.88184,
1787040715500005888,106.67359,-1.38486,0.49083,0.10089,-0.13142,-0.44042,0.88237,
1787040715566673152,106.73095,-1.50622,0.47089,0.11279,-0.13996,-0.43402,0.88279,
1787040715700005888,106.84115,-1.73361,0.45986,0.10408,-0.14631,-0.42333,0.88800,
1787040715766671872,106.89402,-1.83933,0.47799,0.09922,-0.14326,-0.43410,0.88385,
1787040715833338112,106.95260,-1.94734,0.49593,0.08271,-0.12718,-0.44806,0.88104,
1787040715900007936,106.99825,-2.03926,0.49936,0.05498,-0.11406,-0.44322,0.88742,
1787040715966674176,107.05385,-2.15368,0.48504,0.02887,-0.10708,-0.44235,0.88996,
1787040716033339136,107.10012,-2.25531,0.46249,0.00106,-0.09867,-0.44098,0.89208,
1787040716100007168,107.14868,-2.36256,0.44362,-0.01788,-0.10335,-0.44094,0.89139,
1787040716166672896,107.19817,-2.46672,0.43677,-0.02982,-0.10841,-0.43366,0.89403,
1787040716233339904,107.23431,-2.55909,0.44488,-0.04179,-0.10850,-0.43540,0.89270,
1787040716366673920,107.32605,-2.79254,0.47276,-0.04417,-0.10833,-0.46963,0.87508,
1787040716433339136,107.35756,-2.90420,0.47439,-0.04325,-0.10848,-0.49297,0.86217,
1787040716500005888,107.39860,-3.03218,0.45731,-0.05089,-0.11352,-0.50610,0.85346,
1787040716566673920,107.42142,-3.14296,0.42859,-0.06116,-0.10976,-0.51927,0.84532,
1787040716633338880,107.45779,-3.27618,0.40383,-0.07128,-0.10286,-0.53294,0.83685,
1787040716700005888,107.48413,-3.40365,0.38756,-0.08447,-0.09889,-0.54058,0.83118,
1787040716766674944,107.51654,-3.53572,0.38596,-0.09996,-0.08829,-0.54192,0.82978,
1787040716900006912,107.56512,-3.76831,0.41099,-0.09925,-0.09423,-0.56116,0.81632,
1787040717033339136,107.60785,-3.97490,0.41888,-0.08702,-0.08782,-0.57416,0.80936,
1787040717166671872,107.66164,-4.20890,0.38888,-0.09918,-0.07109,-0.58071,0.80491,
1787040717300007936,107.72485,-4.44663,0.36851,-0.08190,-0.06721,-0.57616,0.81044,
1787040717366672896,107.74600,-4.56896,0.37824,-0.06288,-0.06914,-0.56931,0.81680,
1787040717433339136,107.74901,-4.67055,0.39983,-0.05174,-0.07969,-0.57295,0.81406,
1787040717500005888,107.75640,-4.77804,0.41854,-0.04237,-0.09307,-0.57572,0.81123,
1787040717566679040,107.76507,-4.89966,0.42196,-0.04032,-0.10571,-0.56072,0.82024,
1787040717633338880,107.76549,-4.99350,0.41659,-0.03895,-0.10833,-0.54253,0.83211,
1787040717700006912,107.78431,-5.13100,0.39750,-0.03974,-0.10556,-0.52885,0.84119,
1787040717833338880,107.78081,-5.33039,0.36661,-0.05144,-0.09741,-0.52875,0.84160,
1787040717900006144,107.76856,-5.42331,0.37062,-0.05839,-0.09154,-0.54219,0.83321,
1787040717966675968,107.77019,-5.54476,0.38612,-0.06098,-0.08767,-0.55913,0.82218,
1787040718033339136,107.77196,-5.65295,0.39967,-0.06118,-0.08512,-0.58010,0.80777,
1787040718166672896,107.79513,-5.85532,0.40132,-0.05854,-0.07629,-0.58827,0.80292,
1787040718300004864,107.82627,-6.07220,0.37393,-0.06556,-0.08272,-0.56254,0.82001,
1787040718366673920,107.84056,-6.17347,0.36837,-0.06627,-0.08899,-0.54288,0.83245,
1787040718566675968,107.87369,-6.50493,0.39828,-0.06004,-0.09684,-0.54858,0.82830,
1787040718700005888,107.88132,-6.72284,0.39463,-0.06150,-0.11146,-0.55634,0.82114,
1787040718833338880,107.88248,-6.91374,0.36545,-0.06013,-0.11069,-0.54574,0.82843,
1787040718966672896,107.89196,-7.16331,0.35051,-0.06583,-0.09795,-0.53685,0.83539,
1787040719033339136,107.89477,-7.28407,0.36116,-0.07713,-0.09306,-0.54921,0.82690,
1787040719100007168,107.90365,-7.41529,0.37758,-0.08623,-0.09046,-0.56868,0.81301,
1787040719166671872,107.91190,-7.51520,0.39242,-0.08808,-0.08181,-0.58508,0.80201,
1787040719300007168,107.94365,-7.73089,0.39081,-0.09526,-0.06617,-0.58954,0.79937,
1787040719366672128,107.96349,-7.86633,0.38131,-0.10253,-0.06198,-0.57864,0.80673,
1787040719500005888,107.99517,-8.08301,0.37803,-0.11114,-0.06501,-0.58647,0.79967,
1787040719633338880,108.01959,-8.30522,0.39545,-0.11265,-0.06750,-0.59871,0.79013,
1787040719900006912,108.05518,-8.70301,0.37486,-0.10893,-0.07805,-0.58940,0.79665,
1787040720100006144,108.08085,-9.00598,0.36117,-0.11904,-0.08178,-0.60633,0.78199,
1787040720166672896,108.10641,-9.13220,0.36532,-0.12237,-0.08059,-0.61753,0.77278,
1787040720433339136,108.18918,-9.49584,0.34108,-0.10294,-0.09177,-0.61835,0.77371,
1787040720500006912,108.21147,-9.58611,0.32429,-0.09323,-0.10325,-0.61469,0.77641,
1787040720566673152,108.22362,-9.64909,0.31743,-0.08242,-0.11825,-0.61140,0.77808,
1787040720633339904,108.23671,-9.72700,0.31419,-0.07475,-0.13027,-0.61064,0.77754,
1787040720700006912,108.25467,-9.83606,0.31406,-0.06803,-0.13950,-0.62320,0.76651,
1787040720833338880,108.27117,-9.97978,0.31340,-0.06113,-0.14906,-0.62205,0.76622,
1787040721100007168,108.26680,-10.28169,0.27486,-0.06584,-0.15380,-0.60710,0.77681,
1787040721233339136,108.22334,-10.40870,0.28285,-0.07745,-0.14922,-0.61655,0.76916,
1787040721366672128,108.18961,-10.49728,0.30635,-0.06276,-0.14876,-0.62144,0.76665,
1787040721433337856,108.16936,-10.51858,0.31552,-0.04696,-0.15083,-0.61874,0.76955,
1787040721500006912,108.15158,-10.53828,0.32201,-0.02583,-0.15971,-0.61576,0.77115,
1787040721566672128,108.13668,-10.56188,0.33034,0.00619,-0.17137,-0.60495,0.77758,
1787040721633339904,108.12257,-10.57727,0.33710,0.04078,-0.18435,-0.59224,0.78333,
1787040721700006912,108.10907,-10.59762,0.34073,0.07356,-0.19884,-0.58105,0.78577,
1787040721766673152,108.09627,-10.61016,0.34155,0.10637,-0.21328,-0.57024,0.78614,
1787040721833339904,108.08701,-10.63524,0.34121,0.14528,-0.23357,-0.54955,0.78888,
1787040721900006912,108.08527,-10.65717,0.34019,0.19658,-0.24871,-0.52256,0.79147,
1787040721966672896,108.08309,-10.68888,0.34138,0.25554,-0.26290,-0.49658,0.78676,
1787040722033339136,108.08916,-10.73511,0.33880,0.31963,-0.28137,-0.46707,0.77493,
1787040722100006144,108.10096,-10.79517,0.33505,0.38088,-0.30125,-0.43641,0.75745,
1787040722166671872,108.10993,-10.85954,0.33812,0.43138,-0.32524,-0.40622,0.73697,
1787040722233339136,108.11216,-10.92277,0.34920,0.46945,-0.35592,-0.39389,0.70554,
1787040722300007936,108.11855,-10.96421,0.37368,0.50254,-0.36216,-0.37527,0.68954,
1787040722366672128,108.12218,-11.00197,0.37930,0.52548,-0.37209,-0.36109,0.67456,
1787040722433339136,108.12276,-11.03300,0.38050,0.54122,-0.37818,-0.34410,0.66758,
1787040722500006912,108.12130,-11.05945,0.38005,0.55072,-0.38385,-0.33149,0.66293,
1787040722633337856,108.11537,-11.09881,0.37798,0.55966,-0.38635,-0.32347,0.65794,
1787040722833338880,108.08005,-11.13193,0.37212,0.54038,-0.40263,-0.32552,0.66326,
1787040722966674176,108.03363,-11.15865,0.36629,0.52448,-0.40352,-0.32737,0.67448,
1787040723100006144,107.95997,-11.18311,0.35562,0.50630,-0.40428,-0.32121,0.69068,
1787040723166671872,107.90569,-11.19733,0.34775,0.49732,-0.39804,-0.31551,0.70334,
1787040723233338112,107.84708,-11.21792,0.34313,0.49195,-0.38570,-0.30771,0.71731,
1787040723300005888,107.78145,-11.23147,0.33818,0.48782,-0.37396,-0.29581,0.73122,
1787040723500006912,107.59543,-11.30423,0.35996,0.51460,-0.36363,-0.29019,0.72024,
1787040723566672128,107.53471,-11.33095,0.35848,0.53271,-0.35233,-0.29258,0.71167,
1787040723700005888,107.40375,-11.38029,0.35001,0.54706,-0.34398,-0.30454,0.69975,
1787040723900006144,107.17629,-11.42934,0.31355,0.55684,-0.35102,-0.29855,0.69107,
1787040723966674176,107.08248,-11.45024,0.31081,0.55913,-0.37470,-0.29177,0.67959,
1787040724033339904,106.98879,-11.46270,0.31770,0.55729,-0.40914,-0.28942,0.66202,
1787040724100008960,106.89740,-11.47144,0.32987,0.56282,-0.42681,-0.28769,0.64675,
1787040724166673920,106.81057,-11.47569,0.34007,0.56992,-0.44432,-0.28832,0.62821,
1787040724233339136,106.72595,-11.47766,0.34120,0.57755,-0.45420,-0.28312,0.61643,
1787040724300005888,106.64395,-11.47942,0.33472,0.58888,-0.45464,-0.26399,0.61387,
1787040724366672128,106.56635,-11.47918,0.32295,0.60568,-0.44435,-0.24598,0.61254,
1787040724433339136,106.48045,-11.47930,0.30897,0.61936,-0.42974,-0.23358,0.61414,
1787040724566673152,106.29335,-11.48083,0.30960,0.62887,-0.40660,-0.23624,0.61919,
1787040724766673920,106.04403,-11.49873,0.35404,0.62851,-0.41093,-0.24575,0.61296,
1787040724833338880,105.94293,-11.51854,0.34560,0.63489,-0.39600,-0.25378,0.61294,
1787040724966672896,105.76474,-11.54759,0.31885,0.64102,-0.37853,-0.26638,0.61225,
1787040725100006144,105.57328,-11.57714,0.30002,0.65037,-0.37037,-0.25342,0.61289,
1787040725166672896,105.47156,-11.59275,0.30432,0.65939,-0.37014,-0.24847,0.60536,
1787040725300005888,105.25938,-11.60728,0.32522,0.67206,-0.37718,-0.26303,0.58042,
1787040725366673920,105.16162,-11.59596,0.32381,0.66049,-0.40538,-0.25609,0.57779,
1787040725433339136,105.06452,-11.57517,0.30813,0.63902,-0.43949,-0.24110,0.58341,
1787040725500006912,104.95091,-11.55238,0.28171,0.62037,-0.46694,-0.22650,0.58805,
1787040725566674944,104.84157,-11.53729,0.26183,0.62089,-0.47118,-0.20996,0.59025,
1787040725700005120,104.66712,-11.50409,0.25035,0.62831,-0.45711,-0.20046,0.59674,
1787040725766673152,104.57573,-11.49300,0.25996,0.63760,-0.44095,-0.19262,0.60161,
1787040725966676992,104.30155,-11.48054,0.29484,0.64569,-0.44341,-0.20229,0.58783,
1787040726033338112,104.19543,-11.48258,0.29004,0.64880,-0.44916,-0.21134,0.57675,
1787040726100006144,104.09438,-11.48537,0.27328,0.64549,-0.46105,-0.22796,0.56463,
1787040726166672896,103.99367,-11.48895,0.25487,0.63053,-0.47967,-0.24924,0.55698,
1787040726233339136,103.88355,-11.49408,0.24204,0.62217,-0.48693,-0.26511,0.55274,
1787040726300005888,103.75885,-11.49690,0.24254,0.62483,-0.49401,-0.27211,0.53990,
1787040726366672896,103.63632,-11.49285,0.25134,0.62990,-0.50607,-0.27460,0.52126,
1787040726433339136,103.54965,-11.47943,0.26912,0.63628,-0.51698,-0.26490,0.50765,
1787040726500005888,103.45221,-11.46338,0.28125,0.63940,-0.52748,-0.25530,0.49775,
1787040726566672128,103.35721,-11.44631,0.28046,0.64273,-0.53351,-0.24761,0.49088,
1787040726633338880,103.26681,-11.42669,0.26958,0.64827,-0.53819,-0.23924,0.48255,
1787040726700005888,103.17612,-11.40549,0.25169,0.65519,-0.54211,-0.23250,0.47200,
1787040726766673920,103.08193,-11.38120,0.23745,0.65906,-0.55020,-0.22515,0.46069,
1787040726833339904,102.97580,-11.35732,0.23504,0.66595,-0.54881,-0.22012,0.45483,
1787040726900006144,102.87374,-11.33554,0.24667,0.67323,-0.54577,-0.21071,0.45220,
1787040726966672896,102.78068,-11.31581,0.26411,0.67514,-0.55042,-0.19933,0.44888,
1787040727100006144,102.60039,-11.28711,0.29975,0.67821,-0.54182,-0.20208,0.45346,
1787040727166672896,102.51101,-11.27531,0.30005,0.68004,-0.53022,-0.20260,0.46408,
1787040727233339136,102.40894,-11.26088,0.28824,0.67928,-0.52209,-0.20597,0.47284,
1787040727300007168,102.30453,-11.24568,0.27135,0.67872,-0.51118,-0.20345,0.48646,
1787040727366672896,102.19503,-11.23102,0.26080,0.67716,-0.50253,-0.19792,0.49975,
1787040727433339136,102.09439,-11.21673,0.26828,0.67950,-0.49337,-0.19508,0.50675,
1787040727500005888,101.98789,-11.19549,0.28543,0.68467,-0.47660,-0.18829,0.51830,
1787040727566673920,101.89312,-11.16806,0.30735,0.69076,-0.46685,-0.17857,0.52250,
1787040727700005888,101.70609,-11.09720,0.32030,0.69960,-0.46437,-0.16516,0.51734,
1787040727833338880,101.50724,-11.02041,0.28910,0.70843,-0.45591,-0.15535,0.51589,
1787040727966676992,101.31471,-10.91947,0.29556,0.71938,-0.43278,-0.17184,0.51543,
1787040728166672896,101.02157,-10.80007,0.35690,0.71175,-0.43653,-0.19263,0.51551,
1787040728366674944,100.74367,-10.69721,0.32744,0.71799,-0.42218,-0.18100,0.52297,
1787040728500005888,100.53929,-10.62118,0.31091,0.71812,-0.42750,-0.17999,0.51879,
1787040728566674944,100.42412,-10.57073,0.32786,0.71084,-0.44863,-0.18705,0.50838,
1787040728633339904,100.31184,-10.52748,0.34216,0.69918,-0.46838,-0.21436,0.49580,
1787040728700006912,100.18641,-10.47213,0.35639,0.67825,-0.49813,-0.23772,0.48512,
1787040728833338880,99.98207,-10.37716,0.35405,0.67354,-0.50259,-0.22558,0.49281,
1787040728900006144,99.87702,-10.32364,0.34842,0.68113,-0.48710,-0.21218,0.50377,
1787040728966674176,99.78161,-10.27475,0.34683,0.68814,-0.46599,-0.20069,0.51869,
1787040729033339904,99.67340,-10.22430,0.36264,0.68812,-0.44799,-0.20393,0.53311,
1787040729100006144,99.56543,-10.18158,0.38475,0.68236,-0.43603,-0.21593,0.54556,
1787040729166672896,99.45143,-10.14350,0.41212,0.66900,-0.44249,-0.22591,0.55281,
1787040729300004864,99.26099,-10.09868,0.44523,0.66520,-0.42945,-0.23240,0.56486,
1787040729433337856,99.05555,-10.05773,0.42628,0.66651,-0.40946,-0.23542,0.57679,
1787040729566673152,98.82550,-10.01793,0.41744,0.68207,-0.40720,-0.21467,0.56822,
1787040729633339904,98.70187,-9.99486,0.43778,0.69612,-0.41341,-0.20779,0.54893,
1787040729700006912,98.59945,-9.97171,0.46345,0.70846,-0.42364,-0.20997,0.52395,
1787040729766673152,98.51601,-9.94509,0.48616,0.72505,-0.43391,-0.18273,0.50263,
1787040729833338880,98.43764,-9.91872,0.49653,0.74132,-0.43627,-0.16029,0.48417,
1787040729900006912,98.33424,-9.88939,0.49499,0.75633,-0.43923,-0.13850,0.46461,
1787040729966676992,98.25419,-9.86308,0.48359,0.77640,-0.43437,-0.11578,0.44172,
1787040730033339136,98.14731,-9.83454,0.47133,0.79994,-0.42262,-0.10435,0.41304,
1787040730100007168,98.05234,-9.80498,0.46630,0.82548,-0.40157,-0.09250,0.38570,
1787040730166673920,97.93719,-9.76912,0.47322,0.84175,-0.38681,-0.08124,0.36774,
1787040730233339136,97.84524,-9.73451,0.49086,0.84327,-0.39509,-0.07810,0.35596,
1787040730433340160,97.52706,-9.66472,0.54485,0.84312,-0.38817,-0.09017,0.36102,
1787040730500006912,97.42115,-9.63963,0.53801,0.84401,-0.37800,-0.09487,0.36847,
1787040730566673920,97.32144,-9.61075,0.52175,0.83979,-0.37743,-0.10448,0.37600,
1787040730633337856,97.21093,-9.57807,0.50702,0.83253,-0.37975,-0.10963,0.38816,
1787040730766673152,96.99672,-9.51298,0.51022,0.82113,-0.39825,-0.10228,0.39583,
1787040730900006144,96.80800,-9.43660,0.53699,0.80747,-0.41390,-0.11364,0.40468,
1787040731033339136,96.61618,-9.34723,0.52610,0.79357,-0.42972,-0.10547,0.41768,
1787040731166672896,96.43363,-9.25506,0.48347,0.78707,-0.42817,-0.09426,0.43395,
1787040731233339136,96.32561,-9.20222,0.47023,0.78427,-0.41984,-0.08835,0.44817,
1787040731300005888,96.23492,-9.15282,0.47227,0.78339,-0.40066,-0.09111,0.46634,
1787040731366672896,96.12682,-9.10198,0.48474,0.77984,-0.39263,-0.08515,0.48005,
1787040731433340160,96.02874,-9.05785,0.50257,0.77323,-0.39902,-0.08843,0.48486,
1787040731500008192,95.93048,-9.01863,0.51313,0.76844,-0.40066,-0.10215,0.48841,
1787040731566673920,95.81857,-8.97919,0.51033,0.76760,-0.39220,-0.11369,0.49400,
1787040731700005888,95.60298,-8.90441,0.47262,0.76202,-0.38689,-0.12396,0.50426,
1787040731833338880,95.36993,-8.82353,0.45422,0.75641,-0.38835,-0.12550,0.51115,
1787040731900007936,95.25304,-8.77711,0.46153,0.75093,-0.39784,-0.13186,0.51034,
1787040731966672896,95.14844,-8.72778,0.47501,0.74461,-0.40876,-0.13445,0.51029,
1787040732033338112,95.05593,-8.67515,0.48792,0.73705,-0.42277,-0.13546,0.50959,
1787040732166671872,94.84297,-8.56438,0.46482,0.72599,-0.44024,-0.12052,0.51440,
1787040732300007168,94.63743,-8.45585,0.42299,0.72727,-0.43522,-0.10386,0.52046,
1787040732433337856,94.42911,-8.35275,0.41918,0.72151,-0.41907,-0.12105,0.53772,
1787040732500005120,94.33252,-8.30298,0.43400,0.71619,-0.41442,-0.12836,0.54667,
1787040732566673152,94.19668,-8.25372,0.45210,0.70111,-0.42340,-0.14793,0.55434,
1787040732633338880,94.08875,-8.21449,0.45988,0.68715,-0.42345,-0.16125,0.56790,
1787040732700006912,93.98053,-8.17366,0.45175,0.67596,-0.41668,-0.16340,0.58546,
1787040732766673152,93.86175,-8.13070,0.43179,0.66733,-0.41036,-0.16303,0.59975,
1787040732833338880,93.72878,-8.08420,0.41183,0.66006,-0.40373,-0.15351,0.61462,
1787040732966676992,93.50702,-7.99955,0.41234,0.64370,-0.41041,-0.13731,0.63116,
1787040733100006144,93.31614,-7.91333,0.45030,0.63373,-0.42516,-0.15115,0.62831,
1787040733166671872,93.22622,-7.86645,0.45851,0.63736,-0.43077,-0.15082,0.62085,
1787040733233339136,93.13406,-7.81837,0.45200,0.64456,-0.43393,-0.14463,0.61264,
1787040733300007168,93.03194,-7.76829,0.43635,0.65422,-0.43719,-0.13920,0.60124,
1787040733366673920,92.93363,-7.71998,0.41928,0.66655,-0.43331,-0.13837,0.59060,
1787040733500005888,92.71699,-7.62383,0.41227,0.67740,-0.42878,-0.15609,0.57698,
1787040733566673152,92.61767,-7.58289,0.41049,0.67386,-0.43455,-0.16923,0.57310,
1787040733633338880,92.50310,-7.53908,0.41963,0.66341,-0.45317,-0.18611,0.56558,
1787040733700006912,92.39094,-7.49964,0.42811,0.65585,-0.46968,-0.20566,0.55405,
1787040733833338880,92.16282,-7.42522,0.40805,0.65377,-0.46746,-0.22656,0.55022,
1787040734033339136,91.82122,-7.30567,0.37256,0.66215,-0.47198,-0.22453,0.53701,
1787040734100009984,91.70698,-7.25940,0.38234,0.66852,-0.47595,-0.22324,0.52603,
1787040734166673920,91.60360,-7.20909,0.40130,0.66996,-0.48385,-0.22219,0.51738,
1787040734300005888,91.41894,-7.10911,0.42024,0.67764,-0.48326,-0.19982,0.51704,
1787040734366672896,91.34004,-7.06363,0.41418,0.68746,-0.47054,-0.18430,0.52156,
1787040734433340160,91.24427,-7.01403,0.39637,0.69723,-0.45281,-0.17634,0.52702,
1787040734500012032,91.14578,-6.96088,0.38288,0.70154,-0.44058,-0.17045,0.53355,
1787040734633341184,90.95584,-6.86278,0.38525,0.70730,-0.41758,-0.18212,0.54055,
1787040734766671872,90.76018,-6.77733,0.41792,0.70442,-0.42426,-0.18832,0.53697,
1787040734900009984,90.54359,-6.70456,0.41956,0.70922,-0.40550,-0.20863,0.53763,
1787040735033339904,90.33107,-6.62889,0.38502,0.70946,-0.39045,-0.22160,0.54324,
1787040735166672896,90.11999,-6.54727,0.38702,0.71822,-0.39565,-0.20810,0.53321,
1787040735233339136,90.00418,-6.50199,0.39944,0.72248,-0.40413,-0.20616,0.52172,
1787040735300005888,89.89348,-6.45285,0.41521,0.71652,-0.42854,-0.21495,0.50670,
1787040735366673920,89.78560,-6.39826,0.42068,0.70334,-0.46376,-0.21611,0.49349,
1787040735433339136,89.69300,-6.34738,0.41432,0.69117,-0.49139,-0.21311,0.48518,
1787040735633339904,89.37298,-6.19081,0.37143,0.68974,-0.48726,-0.20816,0.49346,
1787040735700006912,89.26457,-6.14054,0.37757,0.69719,-0.47357,-0.20970,0.49567,
1787040735766673152,89.16196,-6.09487,0.38722,0.70450,-0.46034,-0.20938,0.49792,
1787040735900006144,88.94409,-6.01165,0.41723,0.69493,-0.47470,-0.21859,0.49390,
1787040736033339904,88.70919,-5.93946,0.40007,0.69169,-0.46865,-0.23658,0.49594,
1787040736166672896,88.47026,-5.86627,0.35967,0.67796,-0.47404,-0.24893,0.50367,
1787040736300007168,88.23127,-5.78949,0.36362,0.65885,-0.50443,-0.25469,0.49660,
1787040736366672128,88.11344,-5.74599,0.37442,0.64903,-0.51971,-0.26026,0.49084,
1787040736433337856,88.00902,-5.70286,0.38281,0.63936,-0.53447,-0.25923,0.48822,
1787040736566673152,87.80032,-5.61685,0.36421,0.62762,-0.54861,-0.25036,0.49237,
1787040736700007936,87.57260,-5.52785,0.32626,0.62276,-0.54694,-0.24693,0.50206,
1787040736766673152,87.46813,-5.48575,0.32010,0.61861,-0.54252,-0.25142,0.50968,
1787040736833340928,87.36010,-5.44511,0.32704,0.61352,-0.53720,-0.25837,0.51793,
1787040736966672896,87.16155,-5.38082,0.36004,0.60408,-0.54560,-0.26786,0.51542,
1787040737033338112,87.06044,-5.35354,0.36707,0.61095,-0.53207,-0.27511,0.51765,
1787040737166672896,86.84260,-5.29640,0.33954,0.61255,-0.52229,-0.28766,0.51889,
1787040737300008960,86.61297,-5.23226,0.31946,0.61644,-0.52367,-0.27392,0.52032,
1787040737433339136,86.39787,-5.16020,0.34512,0.61413,-0.52738,-0.27173,0.52046,
1787040737500005888,86.29273,-5.11134,0.35580,0.60608,-0.54276,-0.26468,0.51770,
1787040737566672128,86.20044,-5.06547,0.35708,0.60659,-0.54924,-0.25004,0.51755,
1787040737633338880,86.10822,-5.01864,0.34448,0.60693,-0.55535,-0.23841,0.51613,
1787040737766673152,85.89297,-4.92240,0.30953,0.61758,-0.54896,-0.22263,0.51737,
1787040737833338880,85.78609,-4.87321,0.30548,0.62513,-0.54110,-0.22100,0.51727,
1787040737900006912,85.68681,-4.83088,0.31691,0.63217,-0.52658,-0.22922,0.52013,
1787040737966672896,85.58084,-4.79220,0.33456,0.63921,-0.51156,-0.23173,0.52538,
1787040738033339136,85.48144,-4.75736,0.35370,0.63194,-0.51679,-0.24249,0.52420,
1787040738166672896,85.27889,-4.70061,0.36475,0.64752,-0.49475,-0.25318,0.52139,
1787040738233338112,85.18911,-4.66897,0.35474,0.66010,-0.47847,-0.24815,0.52321,
1787040738300007168,85.08709,-4.63325,0.34296,0.67379,-0.46180,-0.23639,0.52618,
1787040738366672896,84.98761,-4.59675,0.34094,0.68515,-0.45185,-0.22067,0.52697,
1787040738433339136,84.88229,-4.55733,0.35251,0.69228,-0.45291,-0.20669,0.52240,
1787040738500005888,84.77982,-4.51482,0.36969,0.69665,-0.45776,-0.20015,0.51485,
1787040738633338880,84.60253,-4.42250,0.39840,0.70030,-0.47108,-0.18036,0.50510,
1787040738700005120,84.50734,-4.36961,0.39326,0.70103,-0.47808,-0.16650,0.50227,
1787040738833338880,84.31779,-4.26827,0.36078,0.70276,-0.47883,-0.14995,0.50435,
1787040738966672896,84.12725,-4.16230,0.35249,0.71125,-0.46054,-0.14896,0.50974,
1787040739166672896,83.83076,-4.03397,0.40275,0.71409,-0.45916,-0.16396,0.50236,
1787040739233338112,83.73405,-3.99824,0.40259,0.72376,-0.44616,-0.16650,0.49939,
1787040739366672128,83.53082,-3.92655,0.37095,0.73469,-0.42834,-0.17121,0.49745,
1787040739566672128,83.21745,-3.80837,0.36606,0.73317,-0.43346,-0.16267,0.49811,
1787040739700005888,83.03499,-3.71447,0.38743,0.72213,-0.46175,-0.17395,0.48483,
1787040739766673152,82.92547,-3.65627,0.38369,0.71257,-0.48095,-0.17656,0.47933,
1787040739833338880,82.81951,-3.59767,0.36894,0.70559,-0.49567,-0.17433,0.47546,
1787040739966672896,82.61173,-3.48141,0.32766,0.70729,-0.49382,-0.16545,0.47802,
1787040740100006144,82.40465,-3.37057,0.32537,0.71570,-0.47544,-0.16790,0.48326,
1787040740233339904,82.19968,-3.27814,0.37187,0.71454,-0.47829,-0.17494,0.47966,
1787040740300007168,82.10385,-3.24288,0.38706,0.72016,-0.46748,-0.18462,0.47827,
1787040740366672896,82.00562,-3.20809,0.38483,0.72929,-0.44712,-0.19109,0.48136,
1787040740500005888,81.79072,-3.12576,0.35192,0.73872,-0.42605,-0.19374,0.48502,
1787040740633338880,81.58068,-3.03370,0.35303,0.74340,-0.42773,-0.18458,0.47993,
1787040740766673920,81.38347,-2.92716,0.38317,0.74037,-0.44041,-0.17009,0.47850,
1787040740900006144,81.20361,-2.81604,0.38526,0.73132,-0.45635,-0.14832,0.48468,
1787040741100007936,80.92104,-2.65253,0.34622,0.73275,-0.44077,-0.15752,0.49396,
1787040741166673920,80.81861,-2.58905,0.34878,0.73149,-0.42135,-0.16767,0.50919,
1787040741233339136,80.72108,-2.52668,0.36230,0.72402,-0.40885,-0.17073,0.52867,
1787040741300004864,80.61890,-2.46602,0.38243,0.71169,-0.41208,-0.17251,0.54216,
1787040741366672128,80.51486,-2.40761,0.39734,0.69470,-0.42791,-0.17904,0.54976,
1787040741433340160,80.41067,-2.35399,0.39632,0.68772,-0.42744,-0.18593,0.55657,
1787040741566672128,80.19216,-2.24931,0.35797,0.67728,-0.43213,-0.19896,0.56122,
1787040741633338880,80.08264,-2.19298,0.33944,0.67135,-0.45699,-0.20514,0.54623,
1787040741700005888,79.95987,-2.13063,0.33538,0.67200,-0.48355,-0.20147,0.52346,
1787040741766673920,79.85010,-2.07256,0.34306,0.67408,-0.50473,-0.19432,0.50310,
1787040741833338880,79.75247,-2.01828,0.35680,0.67642,-0.51347,-0.19693,0.48993,
1787040741900006144,79.65420,-1.95824,0.36779,0.67179,-0.53348,-0.19218,0.47661,
1787040741966672896,79.56331,-1.90025,0.36958,0.67564,-0.54130,-0.18134,0.46650,
1787040742033338112,79.46832,-1.84151,0.36078,0.68363,-0.54146,-0.16835,0.45950,
1787040742100006144,79.38774,-1.78148,0.34827,0.69403,-0.53617,-0.15785,0.45380,
1787040742166672896,79.27988,-1.71976,0.33660,0.70759,-0.52425,-0.15006,0.44940,
1787040742233339136,79.17725,-1.66474,0.33895,0.72267,-0.50616,-0.15068,0.44591,
1787040742300007168,79.07803,-1.61498,0.34940,0.73212,-0.48890,-0.16130,0.44606,
1787040742366673920,78.98578,-1.56873,0.36684,0.73998,-0.47112,-0.16134,0.45216,
1787040742500006912,78.79195,-1.48365,0.39854,0.73375,-0.47126,-0.17022,0.45885,
1787040742566673920,78.68829,-1.44362,0.39423,0.74190,-0.45153,-0.17962,0.46199,
1787040742700007936,78.48031,-1.35999,0.36132,0.74642,-0.43417,-0.18469,0.46931,
1787040742833339904,78.27083,-1.26634,0.36470,0.74721,-0.43669,-0.17351,0.46998,
1787040742966674176,78.07898,-1.15998,0.39776,0.74405,-0.44961,-0.17079,0.46376,
1787040743033339904,77.99914,-1.10187,0.40634,0.74223,-0.45864,-0.15683,0.46277,
1787040743100007168,77.91652,-1.04059,0.40060,0.74233,-0.46543,-0.14144,0.46077,
1787040743166671872,77.83764,-0.97823,0.38509,0.74076,-0.47404,-0.13069,0.45770,
1787040743300007168,77.66400,-0.85141,0.35702,0.74328,-0.48064,-0.12520,0.44815,
1787040743433339136,77.47168,-0.71988,0.36609,0.74599,-0.46494,-0.13792,0.45640,
1787040743500005120,77.40938,-0.64816,0.38532,0.73568,-0.47571,-0.14102,0.46108,
1787040743566675968,77.28285,-0.57305,0.39720,0.72318,-0.49400,-0.15459,0.45724,
1787040743700007936,77.07652,-0.45662,0.38846,0.72535,-0.48926,-0.16970,0.45354,
1787040743766673920,76.97653,-0.39869,0.37105,0.73160,-0.47521,-0.16690,0.45944,
1787040743900006912,76.76983,-0.27649,0.36073,0.73362,-0.46960,-0.15485,0.46615,
1787040743966672896,76.70982,-0.18544,0.38117,0.72770,-0.48200,-0.15267,0.46349,
1787040744100006144,76.49522,-0.07330,0.40635,0.72212,-0.49531,-0.14616,0.46027,
1787040744166673920,76.42058,-0.00780,0.40728,0.72685,-0.49379,-0.13159,0.45885,
1787040744233339136,76.34079,0.06085,0.39532,0.73384,-0.48888,-0.11784,0.45672,
1787040744300005888,76.26127,0.12945,0.37772,0.74234,-0.48082,-0.10911,0.45370,
1787040744433340160,76.07026,0.27725,0.36477,0.75727,-0.46462,-0.11125,0.44531,
1787040744566672128,75.87569,0.41479,0.38685,0.76240,-0.45156,-0.12758,0.44561,
1787040744633338880,75.78281,0.47940,0.40328,0.75124,-0.46924,-0.13607,0.44378,
1787040744766673920,75.53128,0.59723,0.39910,0.76365,-0.45482,-0.15854,0.42992,
1787040744966674944,75.27117,0.76642,0.35879,0.77198,-0.44693,-0.14961,0.42652,
1787040745100007168,75.07213,0.90681,0.39193,0.77149,-0.45717,-0.14774,0.41710,
1787040745166672896,74.97845,0.98476,0.41199,0.76546,-0.46871,-0.15082,0.41429,
1787040745366673920,74.73476,1.19736,0.39785,0.76786,-0.46807,-0.13671,0.41547,
1787040745433340160,74.63039,1.28539,0.38641,0.77441,-0.45950,-0.13243,0.41425,
1787040745566673920,74.44478,1.44442,0.38786,0.77389,-0.44563,-0.14218,0.42695,
1787040745700005888,74.28594,1.57918,0.43408,0.75728,-0.45937,-0.14872,0.43976,
1787040745833339904,74.06245,1.72620,0.43906,0.75702,-0.44722,-0.16440,0.44709,
1787040745966674176,73.86410,1.86129,0.40103,0.75334,-0.43908,-0.16663,0.46035,
1787040746033339136,73.75739,1.93649,0.38543,0.74449,-0.45369,-0.16968,0.45946,
1787040746100006144,73.66027,2.01056,0.38562,0.73495,-0.47955,-0.16980,0.44839,
1787040746166671872,73.56507,2.08805,0.39372,0.73079,-0.49806,-0.16290,0.43743,
1787040746233339136,73.45431,2.17605,0.40831,0.72563,-0.51515,-0.16219,0.42635,
1787040746300007168,73.36205,2.25600,0.41654,0.72020,-0.53187,-0.15483,0.41767,
1787040746366672896,73.28900,2.32530,0.41153,0.72020,-0.53824,-0.14073,0.41450,
1787040746500005888,73.10119,2.48151,0.37572,0.72922,-0.53339,-0.12663,0.40952,
1787040746633339904,72.91529,2.63005,0.36557,0.73504,-0.52143,-0.12993,0.41345,
1787040746700009984,72.82180,2.69823,0.37934,0.73452,-0.51435,-0.13283,0.42223,
1787040746766673152,72.71744,2.76696,0.40104,0.72228,-0.52312,-0.14260,0.42932,
1787040746833338880,72.61886,2.82474,0.41944,0.72026,-0.51982,-0.15877,0.43105,
1787040746900007936,72.51388,2.88500,0.41591,0.72823,-0.50011,-0.17470,0.43481,
1787040746966672896,72.42696,2.93586,0.40286,0.72944,-0.49028,-0.18914,0.43791,
1787040747100007936,72.22916,3.06429,0.36729,0.73251,-0.48591,-0.18605,0.43898,
1787040747166672896,72.12904,3.13680,0.36700,0.73557,-0.49516,-0.17176,0.42924,
1787040747233339136,72.01939,3.21160,0.38581,0.73985,-0.50206,-0.16634,0.41580,
1787040747300005888,71.93503,3.28210,0.40520,0.73475,-0.51635,-0.17184,0.40497,
1787040747366672896,71.84681,3.36053,0.41642,0.72716,-0.53334,-0.16501,0.39945,
1787040747433339136,71.77204,3.43353,0.41415,0.72775,-0.53842,-0.14667,0.39872,
1787040747500006912,71.68945,3.50961,0.39827,0.73148,-0.53751,-0.12921,0.39916,
1787040747566673152,71.61495,3.58076,0.37895,0.73853,-0.53037,-0.11571,0.39986,
1787040747633338880,71.53824,3.65268,0.36913,0.74650,-0.52015,-0.10736,0.40082,
1787040747700006912,71.45504,3.72660,0.37099,0.75505,-0.50369,-0.10830,0.40555,
1787040747766673152,71.36785,3.80069,0.38283,0.76398,-0.48104,-0.10618,0.41672,
1787040747833339904,71.28173,3.87541,0.40085,0.76085,-0.47776,-0.10102,0.42738,
1787040747900006144,71.19102,3.94820,0.41499,0.75029,-0.48836,-0.10203,0.43377,
1787040747966674176,71.09655,4.01662,0.41496,0.74765,-0.48537,-0.10884,0.43999,
1787040748033339136,70.99522,4.08597,0.40367,0.75119,-0.47274,-0.11536,0.44601,
1787040748100007936,70.89532,4.15450,0.38542,0.76019,-0.45963,-0.11154,0.44543,
1787040748166672896,70.79011,4.22500,0.37162,0.77440,-0.44255,-0.10007,0.44095,
1787040748233339136,70.66762,4.29039,0.37314,0.78522,-0.43694,-0.08972,0.42948,
1787040748300007168,70.58574,4.35060,0.38957,0.78876,-0.44371,-0.09221,0.41531,
1787040748366673920,70.48972,4.42388,0.41185,0.78725,-0.45106,-0.10786,0.40639,
1787040748433339136,70.40675,4.49729,0.42974,0.78929,-0.46121,-0.10466,0.39159,
1787040748500005888,70.32251,4.57375,0.43231,0.79198,-0.46635,-0.09656,0.38205,
1787040748566673152,70.24141,4.65007,0.42218,0.79427,-0.46865,-0.08395,0.37743,
1787040748700006912,70.06797,4.80293,0.39176,0.80750,-0.45535,-0.07238,0.36793,
1787040748833338880,69.88087,4.96324,0.39806,0.81337,-0.44730,-0.08190,0.36283,
1787040748966672896,69.69782,5.10978,0.43848,0.80315,-0.46191,-0.08499,0.36657,
1787040749100007936,69.50689,5.24184,0.43560,0.80856,-0.45079,-0.09537,0.36596,
1787040749233340928,69.32493,5.36994,0.40098,0.81513,-0.43692,-0.09524,0.36824,
1787040749433339136,69.04020,5.58990,0.43008,0.80719,-0.44374,-0.09520,0.37746,
1787040749566673152,68.87193,5.75392,0.44937,0.79543,-0.46268,-0.08566,0.38194,
1787040749633341184,68.81140,5.82717,0.43829,0.79443,-0.46743,-0.07081,0.38127,
1787040749766671872,68.65285,5.99034,0.40665,0.80478,-0.46115,-0.05437,0.36975,
1787040749900006144,68.48343,6.15900,0.41028,0.81090,-0.45334,-0.06201,0.36480,
1787040750033339136,68.30264,6.31301,0.45110,0.80353,-0.46994,-0.07860,0.35681,
1787040750166672896,68.11076,6.44893,0.45508,0.80686,-0.46094,-0.10897,0.35305,
1787040750233339136,68.00029,6.52506,0.43939,0.80475,-0.46281,-0.12682,0.34944,
1787040750433339136,67.71695,6.74186,0.42376,0.80897,-0.45778,-0.12799,0.34587,
1787040750566673152,67.55621,6.89030,0.46125,0.80376,-0.47774,-0.13163,0.32924,
1787040750700006912,67.40987,7.04203,0.46500,0.80601,-0.47737,-0.10971,0.33231,
1787040750900006144,67.17001,7.28268,0.42018,0.80900,-0.47204,-0.10298,0.33481,
1787040751033339136,67.00082,7.44834,0.43065,0.80656,-0.46493,-0.11221,0.34743,
1787040751100004864,66.93698,7.51265,0.44930,0.80020,-0.46878,-0.11801,0.35497,
1787040751166672896,66.85323,7.58233,0.46221,0.79427,-0.47317,-0.13245,0.35735,
1787040751300007168,66.67748,7.71469,0.45226,0.79578,-0.46042,-0.15021,0.36357,
1787040751366672896,66.59380,7.77963,0.43523,0.79953,-0.45023,-0.15066,0.36790,
1787040751500006912,66.40968,7.91919,0.42034,0.80374,-0.44752,-0.13866,0.36674,
1787040751566673152,66.30988,7.99769,0.43137,0.80141,-0.45784,-0.13535,0.36027,
1787040751700005888,66.14706,8.14076,0.46466,0.79892,-0.47193,-0.13303,0.34831,
1787040751833338880,65.97606,8.29338,0.45650,0.79782,-0.47859,-0.11278,0.34887,
1787040751900006144,65.88931,8.36775,0.44004,0.80069,-0.46769,-0.11535,0.35618,
1787040751966674944,65.81295,8.43923,0.42649,0.80354,-0.45633,-0.11540,0.36437,
1787040752033338112,65.70680,8.52984,0.42047,0.80358,-0.44978,-0.11879,0.37127,
1787040752166672896,65.53169,8.67442,0.44840,0.79664,-0.45398,-0.13114,0.37692,
1787040752233339136,65.43636,8.74402,0.46631,0.79106,-0.45767,-0.13926,0.38128,
1787040752366672896,65.25149,8.86740,0.46614,0.78948,-0.44706,-0.14883,0.39332,
1787040752500009984,65.06078,8.99415,0.43372,0.78820,-0.44299,-0.15613,0.39764,
1787040752633339904,64.86107,9.13461,0.43254,0.78065,-0.46785,-0.13477,0.39185,
1787040752700005888,64.77740,9.20070,0.45021,0.78283,-0.47250,-0.11923,0.38691,
1787040752833338880,64.61780,9.33943,0.48160,0.78286,-0.48035,-0.09875,0.38295,
1787040752966676992,64.45652,9.47871,0.46197,0.78988,-0.47121,-0.07564,0.38513,
1787040753033339136,64.38006,9.54488,0.44609,0.79780,-0.45997,-0.07041,0.38338,
1787040753100023040,64.29998,9.61512,0.43962,0.80563,-0.44914,-0.07025,0.37986,
1787040753166675200,64.21751,9.68818,0.44430,0.81239,-0.43630,-0.07401,0.37972,
1787040753233338112,64.12777,9.76527,0.46267,0.80210,-0.45549,-0.07155,0.37952,
1787040753366673920,63.95301,9.88826,0.50088,0.80219,-0.45405,-0.08864,0.37746,
1787040753566673920,63.69210,10.08290,0.46588,0.80568,-0.46103,-0.08290,0.36258,
1787040753633338880,63.61878,10.14808,0.45085,0.80867,-0.46773,-0.05881,0.35188,
1787040753700005120,63.53666,10.21884,0.45696,0.81029,-0.47165,-0.03753,0.34578,
1787040753833338112,63.36759,10.36998,0.49181,0.80621,-0.48655,-0.03225,0.33505,
1787040753966671872,63.21867,10.52687,0.49803,0.80144,-0.49753,-0.01953,0.33133,
1787040754100007168,63.06433,10.69114,0.46389,0.80878,-0.48519,-0.00410,0.33234,
1787040754233339136,62.92213,10.85930,0.45910,0.81740,-0.46693,-0.00698,0.33732,
1787040754366672896,62.76477,11.02369,0.49793,0.81517,-0.47495,-0.01710,0.33109,
1787040754500005888,62.60184,11.17343,0.51412,0.82294,-0.46541,-0.03645,0.32379,
1787040754633338880,62.41590,11.33779,0.48469,0.83013,-0.45160,-0.04748,0.32354,
1787040754833340928,62.17129,11.58475,0.48665,0.82830,-0.46192,-0.05004,0.31313,
1787040754966674176,62.05290,11.74921,0.51782,0.82600,-0.47415,-0.04091,0.30204,
1787040755033340928,61.99281,11.84149,0.51642,0.82635,-0.48149,-0.03073,0.29046,
1787040755100006144,61.93226,11.93480,0.50082,0.83099,-0.47997,-0.01902,0.28057,
1787040755166672896,61.87276,12.02916,0.47663,0.83779,-0.47358,-0.00756,0.27161,
1787040755300005888,61.74218,12.22867,0.46124,0.84908,-0.45886,-0.00492,0.26169,
1787040755433339136,61.61131,12.42308,0.48567,0.85463,-0.45589,-0.00838,0.24840,
1787040755500006912,61.54076,12.52624,0.50414,0.84908,-0.47007,-0.00858,0.24090,
1787040755633338880,61.38930,12.71836,0.50187,0.85006,-0.46860,-0.02385,0.23925,
1787040755700005888,61.30874,12.82139,0.48600,0.84930,-0.46556,-0.03514,0.24637,
1787040755766674944,61.23469,12.92079,0.47200,0.85177,-0.45602,-0.03776,0.25517,
1787040755900006144,61.07962,13.12205,0.47859,0.84420,-0.46712,-0.03716,0.26028,
1787040755966672896,61.00705,13.22499,0.49752,0.83963,-0.47472,-0.04892,0.25936,
1787040756033339904,60.94491,13.32881,0.51623,0.83031,-0.49106,-0.05314,0.25811,
1787040756166672896,60.83755,13.52376,0.51364,0.82465,-0.49955,-0.02947,0.26370,
1787040756300005888,60.70989,13.73559,0.48461,0.83547,-0.47804,-0.01488,0.27063,
1787040756366672896,60.64433,13.84266,0.48201,0.83984,-0.46483,-0.01938,0.27971,
1787040756433339136,60.58465,13.94365,0.49076,0.83924,-0.45807,-0.02478,0.29194,
1787040756500006912,60.51880,14.05411,0.50324,0.83675,-0.45430,-0.01971,0.30508,
1787040756566673152,60.43753,14.17538,0.52135,0.82455,-0.46893,-0.01896,0.31601,
1787040756700005888,60.28878,14.36323,0.52402,0.81867,-0.47054,-0.01918,0.32864,
1787040756833339904,60.14402,14.54424,0.48768,0.81973,-0.46343,-0.02123,0.33589,
1787040757100007936,59.82553,14.92897,0.51991,0.81923,-0.46716,-0.02650,0.33156,
1787040757233339136,59.67630,15.13182,0.51649,0.81403,-0.47960,-0.01267,0.32738,
1787040757433339136,59.45939,15.42730,0.46848,0.81368,-0.47904,-0.01286,0.32906,
1787040757566673152,59.31703,15.61974,0.47579,0.81763,-0.46770,-0.02589,0.33478,
1787040757700012032,59.17401,15.80309,0.50664,0.80799,-0.48286,-0.02556,0.33667,
1787040757833339904,59.00701,15.98739,0.49670,0.81580,-0.46750,-0.03049,0.33909,
1787040758033339136,58.77254,16.24781,0.46626,0.81882,-0.46200,-0.02893,0.33950,
1787040758100006144,58.69546,16.33472,0.47950,0.81949,-0.47381,-0.02366,0.32153,
1787040758166678784,58.64762,16.40303,0.49933,0.82671,-0.47808,-0.01238,0.29639,
1787040758233339136,58.58093,16.50063,0.51545,0.82547,-0.49727,0.00336,0.26704,
1787040758300007936,58.52788,16.58722,0.52107,0.82776,-0.50795,0.01883,0.23756,
1787040758366673920,58.48388,16.66759,0.51732,0.83166,-0.51227,0.03764,0.21097,
1787040758433340160,58.41539,16.77202,0.50399,0.83918,-0.50800,0.04664,0.18850,
1787040758500005888,58.35485,16.87378,0.49052,0.84636,-0.50170,0.05384,0.17049,
1787040758566672128,58.30570,16.97291,0.48488,0.85067,-0.49840,0.05513,0.15784,
1787040758766673920,58.17936,17.26565,0.52280,0.84373,-0.51124,0.05919,0.15248,
1787040758833338880,58.13890,17.36170,0.53353,0.84820,-0.50703,0.06731,0.13767,
1787040758900006912,58.10243,17.45244,0.53392,0.85675,-0.49726,0.07689,0.11314,
1787040758966674176,58.06368,17.54461,0.52750,0.86934,-0.47935,0.08510,0.08504,
1787040759033339136,58.02774,17.63810,0.51685,0.87985,-0.46156,0.09715,0.05830,
1787040759100004864,57.99827,17.73121,0.50913,0.88534,-0.44964,0.11319,0.03443,
1787040759166672896,57.97377,17.82954,0.50848,0.88627,-0.44258,0.13610,0.01116,
1787040759233339904,57.95354,17.93338,0.51430,0.88249,-0.44214,0.15953,-0.01655,
1787040759300007168,57.94612,18.03215,0.52551,0.87702,-0.44662,0.17011,-0.04930,
1787040759366674944,57.93912,18.14624,0.53492,0.86077,-0.46721,0.18307,-0.08535,
1787040759433340160,57.93473,18.25793,0.53424,0.84764,-0.47431,0.20222,-0.12508,
1787040759500005120,57.94112,18.36152,0.52623,0.83923,-0.47247,0.21864,-0.15704,
1787040759566674944,57.94887,18.47189,0.50702,0.83178,-0.47001,0.23247,-0.18221,
1787040759633337856,57.97134,18.56765,0.49355,0.82878,-0.46200,0.24305,-0.20150,
1787040759700005120,57.99728,18.66702,0.48757,0.82874,-0.45211,0.24497,-0.22084,
1787040759766673152,58.02901,18.76390,0.49577,0.83195,-0.43882,0.24491,-0.23520,
1787040759833339904,58.06363,18.86360,0.51198,0.82917,-0.42893,0.24927,-0.25759,
1787040759900006144,58.10189,18.95993,0.53124,0.82075,-0.42325,0.25843,-0.28361,
1787040759966672896,58.14359,19.05028,0.54150,0.81293,-0.41541,0.26482,-0.31055,
1787040760033339136,58.18557,19.15442,0.54255,0.80514,-0.40714,0.27015,-0.33615,
1787040760100014080,58.23366,19.24592,0.53656,0.79768,-0.39764,0.27621,-0.35959,
1787040760166671872,58.28795,19.33670,0.52689,0.79102,-0.38774,0.28565,-0.37730,
1787040760233339136,58.34807,19.42265,0.52424,0.78326,-0.37561,0.29716,-0.39638,
1787040760300008960,58.41408,19.50971,0.53121,0.77103,-0.36126,0.31931,-0.41599,
1787040760366672896,58.48340,19.57947,0.54735,0.75760,-0.35035,0.33469,-0.43735,
1787040760433337856,58.56478,19.65650,0.56411,0.73701,-0.35238,0.34393,-0.46298,
1787040760500005888,58.64675,19.71483,0.57311,0.70987,-0.35366,0.35901,-0.49207,
1787040760566673152,58.72921,19.76241,0.56693,0.68357,-0.33039,0.37958,-0.52867,
1787040760633338880,58.81361,19.80599,0.55332,0.65416,-0.29925,0.40149,-0.56686,
1787040760700006912,58.90333,19.84771,0.53990,0.62988,-0.26826,0.41376,-0.60007,
1787040760766673152,59.00008,19.88503,0.53740,0.60742,-0.24652,0.42552,-0.62386,
1787040760833340928,59.09881,19.91848,0.55230,0.57826,-0.23972,0.44131,-0.64295,
1787040760900006912,59.19132,19.95079,0.57598,0.55096,-0.23416,0.46322,-0.65349,
1787040760966672896,59.27700,19.98321,0.59824,0.53600,-0.21838,0.46542,-0.66962,
1787040761033339136,59.36588,20.01508,0.61407,0.51708,-0.20804,0.47086,-0.68385,
1787040761100007936,59.45778,20.04487,0.61846,0.50138,-0.19521,0.47567,-0.69588,
1787040761166672896,59.55536,20.07511,0.61418,-0.49359,0.18026,-0.47598,0.70521,
1787040761233339904,59.64711,20.09635,0.60696,-0.49002,0.16468,-0.47518,0.71201,
1787040761300007168,59.74240,20.11452,0.60376,-0.48099,0.15234,-0.48122,0.71685,
1787040761366672128,59.83636,20.12769,0.61379,-0.46638,0.13734,-0.49229,0.72200,
1787040761433339136,59.91743,20.12726,0.63118,-0.45315,0.12578,-0.49483,0.73074,
1787040761500005888,60.02426,20.12723,0.65046,-0.43194,0.12607,-0.50402,0.73723,
1787040761566673152,60.11536,20.11443,0.65679,-0.41325,0.12480,-0.51222,0.74248,
1787040761633338880,60.20691,20.09658,0.65074,-0.40180,0.11724,-0.51575,0.74754,
1787040761700005120,60.29492,20.07432,0.63739,-0.39645,0.10883,-0.50951,0.75590,
1787040761833338880,60.47270,20.01084,0.61678,-0.40068,0.10665,-0.49675,0.76244,
1787040761900006144,60.55931,19.96915,0.61880,-0.40861,0.11550,-0.49469,0.75828,
1787040762100007168,60.82866,19.87380,0.66357,-0.40176,0.12851,-0.49590,0.75905,
1787040762233339136,61.00662,19.80964,0.64976,-0.39015,0.13177,-0.47736,0.77624,
1787040762366672896,61.20354,19.73272,0.62128,-0.38486,0.12636,-0.46627,0.78645,
1787040762433341952,61.31329,19.68630,0.62435,-0.38355,0.11415,-0.46055,0.79231,
1787040762500005888,61.40896,19.63758,0.64118,-0.37221,0.11075,-0.46914,0.79316,
1787040762566672128,61.50239,19.58365,0.66100,-0.36042,0.11758,-0.48251,0.78959,
1787040762633338880,61.58230,19.52390,0.67607,-0.35027,0.11630,-0.50586,0.77967,
1787040762700009984,61.65577,19.46411,0.67648,-0.34787,0.10723,-0.51965,0.77295,
1787040762766671872,61.73674,19.40090,0.66548,-0.34634,0.09584,-0.53055,0.76771,
1787040762900009984,61.92246,19.26215,0.62796,-0.34854,0.07784,-0.53746,0.76394,
1787040763033339136,62.09574,19.13071,0.62827,-0.35797,0.08748,-0.51946,0.77095,
1787040763100006144,62.17748,19.07003,0.64193,-0.36876,0.09298,-0.50312,0.77604,
1787040763233339904,62.36243,18.94282,0.67131,-0.36961,0.09030,-0.51588,0.76753,
1787040763366673920,62.53716,18.83013,0.66056,-0.36619,0.09656,-0.49831,0.77992,
1787040763566673152,62.81429,18.63760,0.63905,-0.36044,0.07404,-0.49890,0.78467,
1787040763633338880,62.91086,18.56701,0.64938,-0.35520,0.06674,-0.50903,0.78120,
1787040763766673152,63.07453,18.42867,0.67707,-0.34123,0.06251,-0.52880,0.77461,
1787040763900009984,63.22939,18.28753,0.66679,-0.33276,0.04156,-0.53044,0.77858,
1787040764033339136,63.40146,18.13963,0.63914,-0.32687,0.02778,-0.51524,0.79178,
1787040764166673920,63.54168,18.00911,0.64327,-0.32609,0.03592,-0.48667,0.80965,
1787040764233339904,63.66440,17.92039,0.65587,-0.32462,0.03210,-0.46819,0.82121,
1787040764366672128,63.84540,17.77919,0.68196,-0.32109,0.04080,-0.48575,0.81196,
1787040764566673152,64.10643,17.56554,0.64356,-0.32236,0.04906,-0.48256,0.81290,
1787040764633339904,64.21323,17.48032,0.62788,-0.31951,0.04645,-0.49248,0.80822,
1787040764700006912,64.28311,17.41421,0.62590,-0.31240,0.03499,-0.49988,0.80703,
1787040764766673920,64.38224,17.32348,0.63204,-0.29839,0.03269,-0.51646,0.80197,
1787040764833338880,64.46381,17.23869,0.64374,-0.28734,0.02891,-0.52922,0.79783,
1787040764900007936,64.53308,17.15697,0.65431,-0.27901,0.02226,-0.54015,0.79366,
1787040764966674944,64.60063,17.07425,0.65222,-0.27237,0.01231,-0.54645,0.79187,
1787040765100007936,64.73449,16.90296,0.62220,-0.26322,-0.00065,-0.53291,0.80419,
1787040765166672896,64.78678,16.82389,0.60876,-0.26106,-0.00888,-0.51842,0.81425,
1787040765366672896,64.98845,16.55236,0.62681,-0.26840,-0.01804,-0.51225,0.81562,
1787040765433339136,65.06804,16.46022,0.63985,-0.26365,-0.01648,-0.52429,0.80953,
1787040765566673152,65.20971,16.30339,0.64378,-0.24839,-0.00137,-0.51770,0.81871,
1787040765700007936,65.35450,16.13654,0.61335,-0.24386,0.00272,-0.50562,0.82757,
1787040765833338880,65.49063,15.96932,0.60653,-0.23768,-0.01910,-0.49068,0.83808,
1787040765900006912,65.55760,15.88478,0.61567,-0.23338,-0.03041,-0.47769,0.84641,
1787040766166675200,65.81804,15.49835,0.62638,-0.24063,-0.02235,-0.46839,0.84983,
1787040766233339904,65.87759,15.40190,0.60639,-0.24899,-0.01298,-0.46170,0.85128,
1787040766300005888,65.92520,15.31372,0.58833,-0.25725,-0.00674,-0.45470,0.85266,
1787040766366671104,65.97138,15.22286,0.57360,-0.26488,0.00429,-0.45086,0.85238,
1787040766433340928,66.01907,15.12837,0.57069,-0.27335,0.01368,-0.44814,0.85104,
1787040766566672128,66.12857,14.92983,0.59130,-0.27152,0.01490,-0.46983,0.83983,
1787040766633338880,66.18452,14.83454,0.59512,-0.26834,0.02157,-0.48091,0.83442,
1787040766766673920,66.30860,14.63595,0.57101,-0.26322,0.03805,-0.48384,0.83377,
1787040766966672896,66.47332,14.35330,0.53200,-0.25488,0.01981,-0.47500,0.84203,
1787040767100006144,66.56915,14.16678,0.55649,-0.23398,0.01101,-0.47779,0.84667,
1787040767166672896,66.61768,14.06410,0.56753,-0.22348,0.00066,-0.48616,0.84481,
1787040767233339136,66.66235,13.96629,0.56869,-0.21290,-0.01351,-0.48730,0.84678,
1787040767300005888,66.70420,13.86794,0.55906,-0.20573,-0.02628,-0.48611,0.84893,
1787040767433340928,66.80027,13.64680,0.52391,-0.19642,-0.03443,-0.48458,0.85171,
1787040767566673152,66.88691,13.43187,0.52005,-0.18764,-0.03348,-0.49022,0.85050,
1787040767633339904,66.92247,13.33841,0.53440,-0.17929,-0.04216,-0.50685,0.84213,
1787040767700006912,66.96278,13.24003,0.55128,-0.16322,-0.04831,-0.52186,0.83588,
1787040767766671872,66.99846,13.14638,0.55766,-0.14617,-0.05509,-0.52940,0.83387,
1787040767833338112,67.03133,13.05158,0.55236,-0.13157,-0.06317,-0.53107,0.83466,
1787040767900006144,67.06649,12.94788,0.53830,-0.11496,-0.07468,-0.53047,0.83655,
1787040767966675968,67.06131,12.88394,0.53772,-0.10019,-0.09436,-0.52520,0.83977,
1787040768033339136,67.11174,12.74259,0.52399,-0.08206,-0.11692,-0.52281,0.84039,
1787040768100006144,67.13837,12.63985,0.52454,-0.05985,-0.14167,-0.51669,0.84225,
1787040768166672896,67.14316,12.55568,0.53310,-0.03369,-0.15962,-0.51024,0.84442,
1787040768233339136,67.16570,12.42963,0.54450,-0.00818,-0.17102,-0.51090,0.84242,
1787040768300007168,67.16900,12.32782,0.55423,0.01605,-0.18506,-0.51546,0.83654,
1787040768366673920,67.16290,12.24008,0.55417,0.04173,-0.19977,-0.50730,0.83726,
1787040768433339136,67.15629,12.14635,0.54580,0.06471,-0.21056,-0.49174,0.84242,
1787040768500005888,67.14539,12.05164,0.52962,0.08294,-0.21602,-0.47542,0.84878,
1787040768566673152,67.12403,11.96178,0.51637,0.09471,-0.22261,-0.46505,0.85159,
1787040768633339904,67.09686,11.87238,0.50824,0.10449,-0.22903,-0.45286,0.85530,
1787040768700005888,67.06754,11.78313,0.50781,0.11248,-0.24236,-0.43820,0.85825,
1787040768766671872,67.03534,11.70501,0.51422,0.12072,-0.25634,-0.42714,0.85864,
1787040768833339904,67.00341,11.62054,0.52473,0.13091,-0.26575,-0.42835,0.85367,
1787040768900005120,66.97039,11.53587,0.52948,0.14815,-0.27127,-0.43050,0.84802,
1787040768966674176,66.93073,11.45439,0.52370,0.17356,-0.28577,-0.42854,0.83939,
1787040769033339904,66.88599,11.38427,0.50829,0.20648,-0.30566,-0.42486,0.82670,
1787040769100004864,66.83811,11.30542,0.48969,0.24074,-0.32514,-0.41441,0.81523,
1787040769166672896,66.78866,11.23066,0.47481,0.27379,-0.34153,-0.39877,0.80584,
1787040769233338112,66.73185,11.14492,0.47028,0.30500,-0.36329,-0.38082,0.79370,
1787040769300004864,66.66882,11.06566,0.47803,0.34214,-0.38192,-0.37584,0.77190,
1787040769366672896,66.59964,10.99780,0.49202,0.37697,-0.39964,-0.37493,0.74673,
1787040769433337856,66.52718,10.93766,0.50170,0.40850,-0.41548,-0.36832,0.72446,
1787040769500006912,66.45152,10.87772,0.49760,0.43786,-0.42998,-0.35498,0.70526,
1787040769566672128,66.37479,10.82366,0.48567,0.46866,-0.43644,-0.33771,0.68981,
1787040769633337856,66.29609,10.78696,0.47516,0.50006,-0.43561,-0.31708,0.67797,
1787040769700007936,66.21000,10.74777,0.46355,0.52163,-0.43822,-0.30122,0.66718,
1787040769766671872,66.12008,10.71854,0.45695,0.53525,-0.44457,-0.28970,0.65722,
1787040769833338880,66.03483,10.68896,0.46405,0.55900,-0.45198,-0.27396,0.63889,
1787040769900006144,65.95175,10.65848,0.47928,0.58181,-0.45905,-0.26648,0.61625,
1787040769966674176,65.87073,10.62706,0.49350,0.60647,-0.45507,-0.25694,0.59924,
1787040770033346816,65.78938,10.59977,0.49494,0.62535,-0.45413,-0.24121,0.58697,
1787040770100006144,65.70349,10.57906,0.48603,0.63975,-0.45801,-0.22577,0.57444,
1787040770166672896,65.61520,10.56471,0.47101,0.64395,-0.47012,-0.20407,0.56805,
1787040770233339136,65.53599,10.55816,0.46240,0.66208,-0.46483,-0.17721,0.56051,
1787040770300005888,65.44361,10.55108,0.46424,0.67926,-0.46547,-0.15315,0.54634,
1787040770366672128,65.35732,10.55741,0.47747,0.69703,-0.46827,-0.14481,0.52336,
1787040770433340928,65.25869,10.57013,0.49283,0.70874,-0.47685,-0.13837,0.50116,
1787040770500005888,65.17213,10.59581,0.50224,0.71937,-0.48548,-0.12624,0.48051,
1787040770566673152,65.08674,10.63210,0.49307,0.72737,-0.49114,-0.11115,0.46622,
1787040770633339904,64.98714,10.66789,0.47527,0.72953,-0.49962,-0.10124,0.45598,
1787040770700007936,64.89430,10.71430,0.45334,0.72443,-0.50802,-0.11149,0.45243,
1787040770766673152,64.79701,10.77171,0.43568,0.71207,-0.52225,-0.11926,0.45386,
1787040770833339904,64.69951,10.83252,0.43258,0.70207,-0.53499,-0.12933,0.45183,
1787040770900006912,64.59781,10.88907,0.44071,0.68970,-0.55233,-0.14645,0.44475,
1787040770966674176,64.50290,10.93763,0.45629,0.68443,-0.55961,-0.16129,0.43861,
1787040771033339136,64.41176,10.98351,0.46877,0.67979,-0.56457,-0.17784,0.43303,
1787040771166671872,64.23114,11.07440,0.46359,0.68766,-0.55451,-0.18661,0.42990,
1787040771233339136,64.13725,11.12557,0.45124,0.69509,-0.54428,-0.18560,0.43145,
1787040771300005888,64.04592,11.17883,0.43800,0.70382,-0.53326,-0.17813,0.43421,
1787040771366672128,63.96262,11.23466,0.43254,0.71287,-0.52534,-0.16462,0.43443,
1787040771433339136,63.87644,11.29640,0.44011,0.71897,-0.53069,-0.14879,0.42346,
1787040771500005888,63.79389,11.35957,0.45645,0.72487,-0.53531,-0.14064,0.41017,
1787040771566673152,63.72024,11.42459,0.47440,0.72990,-0.54075,-0.13759,0.39485,
1787040771633338880,63.65476,11.49158,0.48094,0.73517,-0.54576,-0.12110,0.38342,
1787040771700006912,63.58269,11.56127,0.47369,0.74531,-0.54102,-0.10120,0.37626,
1787040771766673152,63.49553,11.63258,0.46169,0.74998,-0.54245,-0.09202,0.36716,
1787040771833342976,63.42035,11.69859,0.44424,0.76178,-0.53070,-0.08887,0.36076,
1787040771966674176,63.24323,11.83683,0.43556,0.76870,-0.52006,-0.10771,0.35643,
1787040772033339136,63.15144,11.90092,0.45052,0.76995,-0.51002,-0.12063,0.36402,
1787040772166672896,62.97483,12.01738,0.48660,0.77070,-0.49943,-0.14873,0.36669,
1787040772233339904,62.88953,12.07224,0.48512,0.77236,-0.48964,-0.16047,0.37143,
1787040772366672896,62.70253,12.20208,0.45474,0.76705,-0.48383,-0.17730,0.38225,
1787040772500008192,62.50982,12.32795,0.44279,0.76778,-0.47718,-0.18880,0.38361,
1787040772633338880,62.33299,12.46475,0.47405,0.75699,-0.48745,-0.19702,0.38799,
1787040772766671872,62.17866,12.60526,0.48937,0.75852,-0.49225,-0.18004,0.38721,
1787040772900007936,62.03149,12.75274,0.46373,0.76939,-0.48823,-0.16676,0.37664,
1787040772966671872,61.97789,12.82160,0.45190,0.77686,-0.48831,-0.15431,0.36636,
1787040773033339136,61.88995,12.91341,0.44519,0.78132,-0.48821,-0.14129,0.36226,
1787040773166672896,61.75297,13.06797,0.46903,0.78408,-0.48683,-0.12617,0.36372,
1787040773366672896,61.53944,13.28568,0.48876,0.78282,-0.49244,-0.10649,0.36518,
1787040773433337856,61.47095,13.35518,0.47711,0.78794,-0.48361,-0.09907,0.36804,
1787040773500008960,61.39818,13.42715,0.46388,0.79113,-0.47440,-0.08992,0.37546,
1787040773700007936,61.15115,13.65783,0.49170,0.79225,-0.48118,-0.08857,0.36463,
1787040773766673920,61.07268,13.74547,0.51194,0.79016,-0.49315,-0.08523,0.35381,
1787040773900007936,60.91458,13.92773,0.51580,0.79302,-0.49104,-0.06328,0.35495,
1787040773966674176,60.83843,14.01252,0.50404,0.79837,-0.48212,-0.05676,0.35630,
1787040774033339136,60.76535,14.09773,0.48798,0.80744,-0.47100,-0.05140,0.35151,
1787040774166672896,60.61310,14.27706,0.48294,0.81402,-0.45697,-0.05742,0.35391,
1787040774233339136,60.52129,14.36411,0.49537,0.81711,-0.44662,-0.06203,0.35919,
1787040774300021760,60.44612,14.45280,0.51164,0.80792,-0.46097,-0.06465,0.36138,
1787040774500009984,60.19939,14.68569,0.50786,0.81288,-0.45214,-0.07100,0.36021,
1787040774566673152,60.12326,14.75483,0.48573,0.81996,-0.43730,-0.06840,0.36297,
1787040774700009216,59.94648,14.91599,0.48162,0.82653,-0.42399,-0.05703,0.36582,
1787040774833338880,59.79574,15.07257,0.51249,0.82635,-0.43364,-0.06250,0.35384,
1787040774900005120,59.71382,15.16474,0.52250,0.82131,-0.44823,-0.05858,0.34801,
1787040775033338112,59.58173,15.34596,0.49782,0.81986,-0.45579,-0.03642,0.34461,
1787040775100004864,59.51399,15.42679,0.48772,0.82601,-0.44481,-0.03163,0.34475,
1787040775166671872,59.43395,15.52843,0.47694,0.82962,-0.43353,-0.02878,0.35066,
1787040775233339136,59.36177,15.62389,0.47654,0.83438,-0.41998,-0.03362,0.35538,
1787040775433339136,59.12452,15.90263,0.52186,0.82469,-0.43406,-0.04673,0.35958,
1787040775500006912,59.04331,15.98673,0.52824,0.82192,-0.43685,-0.05974,0.36061,
1787040775566675968,58.96226,16.07306,0.52222,0.82305,-0.42976,-0.07227,0.36425,
1787040775700006912,58.80283,16.25386,0.48942,0.82267,-0.41861,-0.07572,0.37715,
1787040775900006144,58.55202,16.54616,0.51762,0.81785,-0.42494,-0.06737,0.38212,
1787040775966674176,58.48259,16.64425,0.53500,0.80983,-0.44149,-0.06773,0.38036,
1787040776033339904,58.41146,16.74628,0.55161,0.80141,-0.45620,-0.05986,0.38215,
1787040776166672896,58.28914,16.94041,0.52812,0.79721,-0.45556,-0.04275,0.39381,
1787040776300005888,58.15752,17.14731,0.50182,0.79642,-0.44494,-0.04015,0.40759,
1787040776433340160,58.02359,17.34933,0.52460,0.78936,-0.44403,-0.05124,0.42086,
1787040776500006912,57.95809,17.43398,0.53875,0.78128,-0.45657,-0.05955,0.42142,
1787040776566673152,57.86655,17.53365,0.54406,0.77467,-0.47077,-0.07700,0.41513,
1787040776633338880,57.77882,17.62702,0.53791,0.77015,-0.48201,-0.10050,0.40551,
1787040776700006912,57.69260,17.72472,0.52132,0.76552,-0.49050,-0.11921,0.39898,
1787040776833348864,57.50838,17.93883,0.47987,0.76414,-0.48610,-0.11308,0.40867,
1787040776966674944,57.35521,18.12602,0.49800,0.77121,-0.48555,-0.10752,0.39738,
1787040777100007168,57.20920,18.34104,0.52956,0.77114,-0.49257,-0.09882,0.39108,
1787040777166673920,57.14042,18.44890,0.52863,0.77325,-0.49232,-0.08200,0.39113,
1787040777233339904,57.06970,18.55878,0.51550,0.77591,-0.49029,-0.06473,0.39165,
1787040777300007936,57.00468,18.66361,0.49754,0.78281,-0.48129,-0.05584,0.39045,
1787040777433339136,56.86605,18.88683,0.47959,0.78929,-0.46221,-0.05719,0.40013,
1787040777566673920,56.71540,19.09724,0.50284,0.78680,-0.46080,-0.06726,0.40506,
1787040777633339904,56.63839,19.19093,0.52086,0.77838,-0.47591,-0.07081,0.40326,
1787040777766673152,56.46825,19.38548,0.51740,0.78672,-0.46794,-0.08939,0.39257,
1787040777900006144,56.31039,19.58203,0.48111,0.79096,-0.45328,-0.09247,0.40046,
1787040778100007168,56.08226,19.88162,0.50177,0.78994,-0.45233,-0.09023,0.40404,
1787040778233338112,55.95009,20.09571,0.52504,0.78289,-0.46656,-0.07461,0.40477,
1787040778366673920,55.80591,20.31433,0.49297,0.78412,-0.46679,-0.05842,0.40479,
1787040778500006912,55.66555,20.53181,0.45971,0.78856,-0.45683,-0.05793,0.40758,
1787040778566672128,55.60711,20.61911,0.46083,0.79262,-0.44575,-0.06297,0.41121,
1787040778633337856,55.54724,20.70317,0.47241,0.79895,-0.43962,-0.06131,0.40577,
1787040778700005888,55.46477,20.80341,0.48837,0.79708,-0.45095,-0.05881,0.39731,
1787040778833338880,55.33437,20.95187,0.49888,0.81131,-0.44343,-0.07529,0.37348,
1787040778966672896,55.17336,21.14138,0.46654,0.81995,-0.43459,-0.08089,0.36368,
1787040779100007168,55.01941,21.32427,0.45722,0.82686,-0.41465,-0.07628,0.37224,
1787040779166671872,54.94099,21.42209,0.47009,0.81998,-0.42102,-0.07940,0.37956,
1787040779233339136,54.87215,21.52238,0.49091,0.81262,-0.42528,-0.08293,0.38976,
1787040779300005888,54.82083,21.61949,0.50826,0.80291,-0.43716,-0.07261,0.39868,
1787040779366672896,54.77237,21.71903,0.50944,0.79389,-0.45060,-0.05771,0.40418,
1787040779500005888,54.64182,21.94438,0.47566,0.78882,-0.45504,-0.04265,0.41096,
1787040779566673152,54.58684,22.04635,0.46178,0.78425,-0.44961,-0.04763,0.42490,
1787040779633338880,54.53067,22.14769,0.46009,0.77220,-0.44406,-0.05897,0.45060,
1787040779700006912,54.46057,22.25503,0.47111,0.75593,-0.43923,-0.07621,0.47941,
1787040779766671872,54.40364,22.34246,0.48898,0.74206,-0.43748,-0.08849,0.50012,
1787040779833338880,54.33641,22.43436,0.50611,0.72066,-0.45325,-0.10312,0.51437,
1787040779900007936,54.25544,22.53774,0.51003,0.70959,-0.45808,-0.11324,0.52328,
1787040779966672896,54.18986,22.62905,0.50338,0.70403,-0.45576,-0.12150,0.53091,
1787040780100007936,54.05459,22.82130,0.47032,0.69264,-0.45441,-0.12637,0.54571,
1787040780233339136,53.90804,23.02050,0.47507,0.69507,-0.47364,-0.13538,0.52366,
1787040780300005888,53.85325,23.10830,0.49195,0.70866,-0.47797,-0.13518,0.50107,
1787040780433339136,53.73751,23.29938,0.52067,0.70075,-0.47441,-0.14986,0.51129,
1787040780500005888,53.67143,23.40019,0.51376,0.68690,-0.46168,-0.16520,0.53640,
1787040780566672128,53.61093,23.49916,0.49757,0.67504,-0.44195,-0.17930,0.56290,
1787040780633338880,53.56320,23.59422,0.47733,0.67606,-0.41889,-0.18418,0.57754,
1787040780700006912,53.52126,23.68930,0.46632,0.67940,-0.40480,-0.18924,0.58202,
1787040780766671872,53.47106,23.79059,0.46890,0.68569,-0.38700,-0.19742,0.58403,
1787040780833338880,53.42017,23.89120,0.48076,0.68923,-0.37683,-0.19637,0.58685,
1787040780966674944,53.30496,24.08675,0.51604,0.68225,-0.38601,-0.20149,0.58730,
1787040781033340928,53.27687,24.16104,0.51955,0.69540,-0.38440,-0.19794,0.57399,
1787040781100006144,53.23352,24.24700,0.50714,0.71656,-0.38268,-0.19732,0.54877,
1787040781166671872,53.18697,24.34098,0.48858,0.74732,-0.37978,-0.18498,0.51290,
1787040781233339904,53.11854,24.46027,0.47542,0.77147,-0.38839,-0.16185,0.47727,
1787040781300005888,53.05049,24.57734,0.47648,0.78793,-0.39640,-0.13826,0.45046,
1787040781366673920,52.97434,24.69134,0.47494,0.79503,-0.40775,-0.12125,0.43240,
1787040781433340160,52.92868,24.78705,0.49498,0.79918,-0.41990,-0.11377,0.41480,
1787040781500008960,52.88769,24.88814,0.51051,0.80226,-0.43599,-0.09419,0.39675,
1787040781566673152,52.84567,24.99410,0.51224,0.80867,-0.44717,-0.06927,0.37589,
1787040781633341184,52.80433,25.10106,0.49982,0.81676,-0.45064,-0.05396,0.35625,
1787040781700009216,52.75413,25.20984,0.48832,0.82596,-0.44690,-0.04675,0.34041,
1787040781766673152,52.73815,25.30197,0.48157,0.83641,-0.43530,-0.04301,0.33028,
1787040781833338112,52.67967,25.43510,0.48191,0.84271,-0.42670,-0.04424,0.32528,
1787040781966672896,52.59134,25.63083,0.51316,0.84949,-0.41323,-0.04575,0.32482,
1787040782033338112,52.54184,25.72480,0.53897,0.84168,-0.42562,-0.05107,0.32835,
1787040782166673920,52.43922,25.90551,0.54575,0.84619,-0.41307,-0.06551,0.33021,
1787040782300007936,52.32503,26.10417,0.52154,0.85297,-0.40336,-0.06615,0.32460,
1787040782366675968,52.24196,26.20963,0.49721,0.85724,-0.40350,-0.05683,0.31479,
1787040782433339136,52.21850,26.27175,0.51114,0.85845,-0.41140,-0.05045,0.30210,
1787040782500005888,52.15182,26.39436,0.52769,0.85147,-0.43472,-0.05727,0.28764,
1787040782566672128,52.09741,26.51242,0.54556,0.83466,-0.47361,-0.06020,0.27461,
1787040782633338880,52.05273,26.62360,0.55119,0.81824,-0.50776,-0.04942,0.26498,
1787040782700005120,52.01309,26.72347,0.54541,0.81726,-0.51340,-0.03296,0.25966,
1787040782766673152,51.96612,26.82828,0.53354,0.82461,-0.50287,-0.02200,0.25816,
1787040782833338880,51.92399,26.92216,0.51926,0.84108,-0.47719,-0.01721,0.25412,
1787040782900007936,51.87446,27.02883,0.51704,0.84888,-0.46343,-0.02052,0.25342,
1787040782966674944,51.82256,27.13021,0.52227,0.85790,-0.44582,-0.03258,0.25337,
1787040783166675200,51.66398,27.41404,0.57614,0.85239,-0.45510,-0.04849,0.25293,
1787040783300007168,51.55265,27.58709,0.55595,0.86215,-0.43754,-0.06016,0.24828,
1787040783366672896,51.48845,27.68597,0.53251,0.86713,-0.43499,-0.05563,0.23618,
1787040783433340160,51.43728,27.77043,0.51821,0.86807,-0.44380,-0.04756,0.21735,
1787040783500006912,51.38547,27.86180,0.51968,0.87293,-0.44387,-0.03191,0.19990,
1787040783566673920,51.33442,27.95794,0.53229,0.87196,-0.45351,-0.02209,0.18309,
1787040783633339904,51.28769,28.05641,0.54926,0.87097,-0.46165,-0.01644,0.16740,
1787040783700009216,51.24623,28.15602,0.55975,0.86742,-0.47211,-0.00182,0.15713,
1787040783766671872,51.20960,28.24735,0.55954,0.86978,-0.46972,0.01016,0.15078,
1787040783833338880,51.16272,28.35110,0.54693,0.87190,-0.46648,0.02010,0.14756,
1787040783900007936,51.12223,28.44600,0.52989,0.87729,-0.45713,0.02487,0.14412,
1787040784033339136,51.03976,28.64781,0.51587,0.88222,-0.44723,0.01981,0.14589,
1787040784100007168,50.99919,28.74438,0.52403,0.87887,-0.45135,0.00990,0.15419,
1787040784233338112,50.91532,28.92562,0.55793,0.87033,-0.46371,0.00274,0.16579,
1787040784366672896,50.82213,29.10422,0.55182,0.87209,-0.45818,-0.00095,0.17187,
1787040784566675968,50.67326,29.38185,0.51374,0.87307,-0.45351,-0.00508,0.17905,
1787040784700006912,50.59110,29.56291,0.52971,0.87239,-0.45626,0.00659,0.17527,
1787040784766673920,50.54846,29.66641,0.54547,0.86704,-0.46857,0.00927,0.16909,
1787040784833340928,50.51234,29.76589,0.55412,0.85744,-0.48606,0.01158,0.16851,
1787040784966672896,50.44119,29.96603,0.52978,0.85424,-0.48211,0.02226,0.19327,
1787040785033339136,50.40803,30.06390,0.51393,0.85744,-0.47142,0.02015,0.20530,
1787040785100006144,50.37061,30.17468,0.50464,0.85653,-0.46762,0.01648,0.21775,
1787040785166671872,50.33432,30.28236,0.50625,0.85869,-0.45803,0.00461,0.22987,
1787040785233339136,50.30241,30.37978,0.51551,0.86045,-0.44675,0.00028,0.24502,
1787040785366672896,50.21740,30.57766,0.54726,0.84414,-0.46759,-0.00358,0.26224,
1787040785433340160,50.18524,30.66532,0.54884,0.84675,-0.46113,-0.01656,0.26477,
1787040785500005888,50.12403,30.78328,0.53584,0.84852,-0.45509,-0.03155,0.26816,
1787040785633339904,50.03335,30.97014,0.50694,0.84798,-0.44533,-0.03306,0.28550,
1787040785833338880,49.90977,31.24133,0.54060,0.85518,-0.43662,-0.03101,0.27761,
1787040785900006144,49.87169,31.34222,0.55575,0.85292,-0.44490,-0.02381,0.27206,
1787040785966671872,49.83936,31.43371,0.55765,0.85384,-0.44692,-0.01217,0.26658,
1787040786033338112,49.80765,31.52173,0.54656,0.85822,-0.44055,-0.00127,0.26338,
1787040786166672896,49.72442,31.73204,0.51268,0.86774,-0.42310,0.00447,0.26075,
1787040786300004864,49.64380,31.93382,0.51790,0.86814,-0.41600,-0.01200,0.27045,
1787040786433339136,49.56215,32.11406,0.55198,0.85181,-0.43446,-0.02037,0.29198,
1787040786500005888,49.49831,32.22367,0.55648,0.84512,-0.44224,-0.03183,0.29864,
1787040786566673152,49.44520,32.31346,0.54510,0.84478,-0.43574,-0.04446,0.30739,
1787040786633338880,49.38989,32.41442,0.52818,0.84265,-0.43209,-0.05494,0.31658,
1787040786766673152,49.28357,32.61536,0.50129,0.83688,-0.42944,-0.05361,0.33516,
1787040786900006912,49.18161,32.81833,0.51833,0.83085,-0.43977,-0.05157,0.33710,
1787040786966674176,49.14450,32.90987,0.52997,0.82432,-0.45171,-0.05009,0.33755,
1787040787033338112,49.10588,33.01119,0.53351,0.81608,-0.46604,-0.03964,0.33948,
1787040787166671872,49.03775,33.19526,0.50871,0.81200,-0.47181,-0.02489,0.34269,
1787040787300007168,48.96167,33.39292,0.48335,0.82320,-0.46297,-0.02210,0.32789,
1787040787366672896,48.93268,33.47925,0.48559,0.83451,-0.45301,-0.02291,0.31281,
1787040787433339136,48.89872,33.56718,0.49412,0.84419,-0.44492,-0.01979,0.29833,
1787040787500005120,48.85037,33.66919,0.50797,0.84899,-0.44433,-0.01513,0.28557,
1787040787566672128,48.80260,33.76383,0.51949,0.84877,-0.45361,-0.01488,0.27132,
1787040787700005888,48.71054,33.92256,0.50978,0.85929,-0.44555,-0.02573,0.24988,
1787040787900006144,48.53962,34.19625,0.47392,0.87107,-0.42677,-0.02607,0.24173,
1787040788033339136,48.44092,34.36861,0.50168,0.87606,-0.42301,-0.03026,0.22950,
1787040788100007168,48.40669,34.45437,0.51633,0.87384,-0.43339,-0.02628,0.21884,
1787040788166671872,48.36799,34.55350,0.51855,0.87355,-0.43893,-0.01594,0.20974,
1787040788233339136,48.32717,34.65815,0.50914,0.87358,-0.44189,-0.00632,0.20383,
1787040788366672896,48.25464,34.85764,0.47314,0.87634,-0.43832,0.00478,0.19970,
1787040788500008192,48.18772,35.06306,0.46339,0.87405,-0.43341,-0.00451,0.21950,
1787040788566673152,48.15964,35.16090,0.47484,0.87060,-0.43219,-0.00774,0.23497,
1787040788633337856,48.12384,35.26171,0.49009,0.86250,-0.44170,-0.00943,0.24681,
1787040788700005888,48.07781,35.36816,0.50045,0.85274,-0.45423,-0.01883,0.25720,
1787040788766673920,48.03178,35.46759,0.49939,0.84867,-0.45553,-0.02904,0.26721,
1787040788833338112,47.98014,35.57647,0.48794,0.84460,-0.45882,-0.04020,0.27299,
1787040788966672896,47.89043,35.77342,0.45539,0.83440,-0.45960,-0.04816,0.30037,
1787040789033339136,47.84808,35.87298,0.45273,0.83075,-0.45382,-0.04875,0.31863,
1787040789100006144,47.80790,35.97492,0.46364,0.82396,-0.45571,-0.05050,0.33296,
1787040789233339136,47.74962,36.16962,0.49249,0.81033,-0.47555,-0.04879,0.33888,
1787040789300005888,47.71332,36.28912,0.49273,0.80432,-0.48815,-0.03659,0.33680,
1787040789366672896,47.69241,36.38502,0.48272,0.80349,-0.49202,-0.02388,0.33430,
1787040789433339136,47.67123,36.48471,0.46511,0.80313,-0.49787,-0.01636,0.32686,
1787040789500005120,47.64803,36.59393,0.44624,0.80080,-0.51221,-0.00646,0.31035,
1787040789566670848,47.62017,36.71130,0.43852,0.80186,-0.51918,-0.00360,0.29575,
1787040789633338880,47.60390,36.80688,0.44820,0.80287,-0.52533,-0.00921,0.28168,
1787040789700007936,47.57661,36.91457,0.46406,0.80515,-0.52950,-0.00465,0.26712,
1787040789766673152,47.54481,37.01440,0.48335,0.80228,-0.53947,-0.00431,0.25555,
1787040789900005120,47.46747,37.20425,0.49955,0.80961,-0.53649,-0.02347,0.23696,
1787040790033339904,47.39683,37.38444,0.47423,0.82282,-0.51573,-0.02983,0.23686,
1787040790166673920,47.32600,37.57194,0.46366,0.83455,-0.49718,-0.02012,0.23653,
1787040790233339136,47.28853,37.68053,0.47343,0.83732,-0.49432,-0.01180,0.23323,
1787040790366672896,47.24062,37.88108,0.50278,0.83103,-0.50615,0.00126,0.23067,
1787040790500005888,47.21378,38.06290,0.49905,0.83274,-0.49920,0.02517,0.23813,
1787040790566673152,47.21094,38.16227,0.49933,0.83822,-0.48907,0.03082,0.23927,
1787040790633338880,47.17679,38.27852,0.46957,0.84696,-0.47472,0.03487,0.23683,
1787040790766673920,47.14497,38.47451,0.47375,0.85725,-0.45599,0.02477,0.23787,
1787040790833338880,47.11300,38.59080,0.49173,0.86401,-0.44327,0.01312,0.23840,
1787040790900005120,47.07787,38.71185,0.51442,0.85300,-0.46128,0.00892,0.24398,
1787040791100006144,46.98842,39.00358,0.51279,0.85699,-0.45234,-0.00714,0.24679,
1787040791233339136,46.91577,39.22503,0.48290,0.85846,-0.44299,-0.00910,0.25832,
1787040791433337856,46.82019,39.53926,0.50587,0.85290,-0.44686,-0.01210,0.26969,
1787040791500006912,46.79024,39.64220,0.51682,0.83874,-0.46972,-0.01526,0.27504,
1787040791700005888,46.70518,39.94394,0.47736,0.83577,-0.45899,-0.00758,0.30125,
1787040791766671872,46.67327,40.04700,0.46273,0.83181,-0.45488,-0.01196,0.31784,
1787040791833338112,46.64155,40.13612,0.45653,0.82864,-0.44511,-0.02670,0.33840,
1787040791900006144,46.61107,40.23530,0.44641,0.82094,-0.44146,-0.03773,0.36020,
1787040791966674176,46.55099,40.37443,0.46495,0.80194,-0.45808,-0.04367,0.38097,
1787040792033339136,46.49988,40.47912,0.47705,0.78566,-0.47285,-0.05476,0.39516,
1787040792100007168,46.44363,40.58426,0.47191,0.78333,-0.46668,-0.07464,0.40377,
1787040792166675968,46.39958,40.67000,0.45470,0.77776,-0.46629,-0.09174,0.41139,
1787040792300005888,46.28941,40.88133,0.41923,0.77265,-0.46456,-0.09527,0.42205,
1787040792500006912,46.15671,41.15492,0.45283,0.76758,-0.47046,-0.09703,0.42436,
1787040792566673152,46.12421,41.24069,0.46274,0.75936,-0.47901,-0.09009,0.43105,
1787040792700006912,46.05429,41.41758,0.44909,0.75421,-0.46779,-0.08139,0.45355,
1787040792766673152,46.00720,41.51882,0.43124,0.75184,-0.45391,-0.08309,0.47096,
1787040792833338880,45.96414,41.61042,0.42303,0.74662,-0.44488,-0.08922,0.48650,
1787040792900006144,45.92028,41.70445,0.41979,0.74188,-0.43808,-0.09753,0.49819,
1787040792966676992,45.87939,41.78719,0.42822,0.73343,-0.43048,-0.10758,0.51497,
1787040793033339136,45.81708,41.89556,0.44447,0.71919,-0.43258,-0.11323,0.53180,
1787040793100006144,45.75589,41.99110,0.46136,0.70161,-0.44954,-0.11827,0.54006,
1787040793166672896,45.70944,42.06357,0.47190,0.70126,-0.44364,-0.12873,0.54300,
1787040793233339904,45.64608,42.15411,0.44450,0.70708,-0.42949,-0.14422,0.54293,
1787040793366672128,45.51077,42.35540,0.39926,0.72473,-0.41952,-0.14578,0.52680,
1787040793433340160,45.47410,42.43003,0.39239,0.74000,-0.42483,-0.13550,0.50354,
1787040793500005888,45.42010,42.52438,0.39631,0.75717,-0.43337,-0.12283,0.47307,
1787040793566672128,45.37372,42.61351,0.41063,0.77165,-0.44519,-0.11480,0.43952,
1787040793633337856,45.33290,42.70384,0.42684,0.78066,-0.46297,-0.10302,0.40696,
1787040793700006912,45.28704,42.80181,0.43021,0.79320,-0.46992,-0.08734,0.37733,
1787040793766671872,45.24866,42.89249,0.42423,0.80698,-0.46676,-0.07077,0.35484,
1787040793833338880,45.20831,42.98580,0.40843,0.81742,-0.46323,-0.06036,0.33705,
1787040793900008960,45.16856,43.08199,0.39423,0.83049,-0.44995,-0.05154,0.32430,
1787040793966675968,45.12909,43.17876,0.38860,0.83848,-0.44284,-0.04732,0.31401,
1787040794033338112,45.08848,43.27574,0.39401,0.84555,-0.43589,-0.04674,0.30473,
1787040794100004864,45.04839,43.36750,0.40945,0.85107,-0.43161,-0.03680,0.29671,
1787040794166672896,45.00520,43.45444,0.42987,0.84839,-0.44109,-0.03316,0.29083,
1787040794300007168,44.90758,43.61955,0.43914,0.86146,-0.42790,-0.04340,0.26999,
1787040794366672896,44.85472,43.71372,0.42602,0.86686,-0.42363,-0.04714,0.25858,
1787040794500005120,44.74995,43.90110,0.39587,0.87014,-0.42493,-0.04152,0.24611,
1787040794566672128,44.70206,43.99587,0.39576,0.87248,-0.42443,-0.03080,0.24019,
1787040794633338880,44.66146,44.09130,0.40672,0.87093,-0.43292,-0.02091,0.23159,
1787040794700007936,44.62678,44.18684,0.42426,0.87145,-0.43939,-0.01818,0.21721,
1787040794766671872,44.59930,44.28285,0.43528,0.87076,-0.44843,-0.00804,0.20156,
1787040794833338880,44.57834,44.37589,0.43050,0.87190,-0.45139,0.00758,0.18968,
1787040794900006144,44.55322,44.47680,0.41528,0.87466,-0.44997,0.01812,0.17933,
1787040794966672896,44.52828,44.58083,0.39484,0.87822,-0.44493,0.02459,0.17368,
1787040795100011008,44.48763,44.78158,0.38297,0.88879,-0.42732,0.02106,0.16435,
1787040795233341952,44.44395,44.97258,0.41733,0.88769,-0.43128,0.02503,0.15932,
1787040795433339136,44.36073,45.23986,0.42954,0.89307,-0.42477,0.00426,0.14829,
1787040795633338880,44.28705,45.52789,0.39661,0.89925,-0.41209,0.00839,0.14651,
1787040795700007936,44.26068,45.64624,0.40470,0.89699,-0.41858,0.01527,0.14132,
1787040795833338880,44.23805,45.83800,0.43911,0.89507,-0.42540,0.02382,0.13161,
1787040795966674944,44.22129,46.03648,0.42599,0.89656,-0.42042,0.04876,0.13055,
1787040796100011008,44.20242,46.23790,0.38916,0.90551,-0.40054,0.05286,0.12974,
1787040796233338112,44.17689,46.46188,0.39232,0.90963,-0.38903,0.04806,0.13752,
1787040796366672896,44.13032,46.68681,0.42630,0.89823,-0.41092,0.04838,0.14827,
1787040796433340160,44.09052,46.81382,0.43104,0.88924,-0.43141,0.04114,0.14646,
1787040796566672128,44.01759,47.05098,0.40792,0.88808,-0.43560,0.01510,0.14606,
1787040796700005120,43.95794,47.27048,0.39058,0.88540,-0.43700,0.01074,0.15806,
1787040796833338112,43.90836,47.49368,0.41758,0.88087,-0.44633,0.01074,0.15730,
1787040796900006144,43.89958,47.58908,0.43649,0.87491,-0.45811,0.01483,0.15635,
1787040797033339136,43.89440,47.78349,0.43203,0.87291,-0.46172,0.04020,0.15241,
1787040797100006144,43.89184,47.88868,0.41251,0.87639,-0.45529,0.04964,0.14894,
1787040797166672896,43.89186,47.99410,0.39277,0.88278,-0.44290,0.05446,0.14691,
1787040797300004864,43.89079,48.21267,0.39162,0.88308,-0.44015,0.04881,0.15508,
1787040797433339136,43.87394,48.42663,0.42431,0.87451,-0.45513,0.04863,0.16037,
1787040797633338880,43.82215,48.73451,0.41626,0.87799,-0.45067,0.02154,0.15989,
1787040797900006144,43.77010,49.15717,0.41794,0.87540,-0.45702,0.02438,0.15561,
1787040797966672896,43.76628,49.26140,0.44405,0.86920,-0.46987,0.02374,0.15214,
1787040798100006144,43.77323,49.45842,0.45078,0.86443,-0.47619,0.04173,0.15575,
1787040798366672896,43.78248,49.87482,0.43143,0.86475,-0.47303,0.04186,0.16339,
1787040798500005888,43.76717,50.07947,0.48347,0.85709,-0.48290,0.04317,0.17416,
1787040798633338880,43.73356,50.28151,0.49506,0.85926,-0.48009,0.01165,0.17624,
1787040798833338880,43.69290,50.60245,0.45947,0.86068,-0.47992,0.01008,0.16974,
1787040798900006144,43.67343,50.72388,0.46905,0.86263,-0.47998,0.01782,0.15863,
1787040798966672896,43.65035,50.85187,0.48073,0.86216,-0.48386,0.01991,0.14890,
1787040799033339904,43.65164,50.94424,0.50039,0.85683,-0.49464,0.02563,0.14321,
1787040799100011008,43.64911,51.05384,0.50613,0.85565,-0.49684,0.03986,0.13937,
1787040799166671872,43.64566,51.15880,0.49955,0.85818,-0.49229,0.05019,0.13663,
1787040799300007936,43.63878,51.36560,0.46531,0.86747,-0.47659,0.05716,0.13071,
1787040799433339136,43.62328,51.59087,0.45524,0.86454,-0.48386,0.04576,0.12789,
1787040799500005888,43.60869,51.70428,0.46431,0.85187,-0.50514,0.04465,0.13100,
1787040799566673152,43.59308,51.81881,0.48302,0.83415,-0.53360,0.04536,0.13194,
1787040799633339904,43.57417,51.92309,0.49483,0.82587,-0.54739,0.04113,0.12887,
1787040799766673152,43.53954,52.11617,0.48337,0.83470,-0.53451,0.02344,0.13051,
1787040799833338880,43.51771,52.22714,0.46534,0.84326,-0.51948,0.02341,0.13603,
1787040799900006912,43.50333,52.33314,0.46189,0.84970,-0.50559,0.02772,0.14705,
1787040799966674176,43.48805,52.44031,0.47065,0.85466,-0.49388,0.03741,0.15567,
1787040800100007936,43.47111,52.64622,0.50621,0.84574,-0.50107,0.03957,0.17911,
1787040800166673920,43.46931,52.74312,0.52041,0.84334,-0.49899,0.04172,0.19504,
1787040800233338112,43.46455,52.84515,0.51957,0.84431,-0.49210,0.04324,0.20763,
1787040800366672896,43.44941,53.05257,0.49115,0.84678,-0.48141,0.03258,0.22394,
1787040800566673152,43.42943,53.36962,0.49814,0.85110,-0.48136,0.01416,0.20911,
1787040800633339904,43.41055,53.48449,0.51804,0.84985,-0.49041,0.00542,0.19293,
1787040800700006912,43.38904,53.59348,0.52792,0.84508,-0.50282,0.00241,0.18170,
1787040800833338880,43.34518,53.81401,0.51019,0.85354,-0.49352,-0.00380,0.16703,
1787040800900006144,43.32498,53.91852,0.49698,0.86014,-0.48352,0.00078,0.16237,
1787040800966672896,43.29747,54.04409,0.48538,0.86383,-0.47799,0.00832,0.15894,
1787040801033339136,43.27271,54.15784,0.49125,0.86546,-0.47705,0.01544,0.15219,
1787040801100007936,43.24668,54.27784,0.50956,0.86001,-0.48941,0.01150,0.14398,
1787040801166672896,43.23229,54.37459,0.52863,0.85368,-0.50241,0.01124,0.13670,
1787040801233338112,43.22235,54.47024,0.53646,0.85284,-0.50501,0.02294,0.13081,
1787040801300005888,43.21645,54.55741,0.53188,0.85459,-0.50271,0.03549,0.12533,
1787040801433339136,43.15409,54.80417,0.50542,0.86188,-0.49150,0.04615,0.11601,
1787040801566673152,43.15407,54.93220,0.50020,0.87105,-0.47623,0.03469,0.11522,
1787040801766673152,43.10115,55.21054,0.54400,0.86574,-0.48502,0.02766,0.12037,
1787040801966672896,43.02786,55.50103,0.50941,0.87325,-0.47470,0.00457,0.10987,
1787040802100006144,42.99395,55.69399,0.49772,0.87582,-0.46973,0.01544,0.10976,
1787040802233340928,42.97835,55.87626,0.52281,0.87163,-0.48038,0.02276,0.09475,
1787040802300008960,42.97233,55.98913,0.53192,0.87021,-0.48392,0.03645,0.08504,
1787040802366672128,42.97545,56.07594,0.52847,0.87223,-0.48013,0.05481,0.07545,
1787040802433340160,42.97382,56.17090,0.51378,0.87425,-0.47637,0.06819,0.06418,
1787040802500005888,42.96970,56.26892,0.49407,0.87902,-0.46792,0.07433,0.05334,
1787040802566673152,42.96367,56.37470,0.48105,0.88041,-0.46569,0.07853,0.04287,
1787040802633338880,42.95014,56.49475,0.48216,0.88463,-0.45972,0.07218,0.02972,
1787040802833338880,42.91841,56.77886,0.52166,0.87746,-0.47372,0.06991,0.02768,
1787040803100007168,42.85258,57.16077,0.47907,0.88320,-0.46470,0.06315,0.00453,
1787040803166672896,42.84107,57.26296,0.48465,0.88627,-0.45747,0.07229,-0.00508,
1787040803233339136,42.82716,57.36301,0.49967,0.88145,-0.46567,0.07672,-0.01802,
1787040803300007936,42.82085,57.46299,0.51776,0.87685,-0.47341,0.07928,-0.02715,
1787040803433340160,42.82516,57.63717,0.52387,0.87651,-0.47066,0.09563,-0.03245,
1787040803700005888,42.83407,58.02680,0.48089,0.88223,-0.46033,0.09496,-0.02727,
1787040803833338880,42.82919,58.22706,0.50299,0.88020,-0.46710,0.08327,-0.01147,
1787040803900006912,42.82064,58.34215,0.51531,0.87179,-0.48309,0.08114,-0.00589,
1787040804033339904,42.79919,58.53216,0.51092,0.87337,-0.48315,0.06133,0.00533,
1787040804166671872,42.76721,58.75987,0.48222,0.87647,-0.47879,0.04739,0.01780,
1787040804366672128,42.73885,59.06126,0.50675,0.87399,-0.48339,0.04505,0.02124,
1787040804433340160,42.73675,59.17373,0.51973,0.86746,-0.49471,0.04955,0.01767,
1787040804633338880,42.73623,59.48994,0.49394,0.87110,-0.48624,0.05984,0.03436,
1787040804766673920,42.73108,59.71690,0.47887,0.87440,-0.47978,0.05335,0.04891,
1787040804833338880,42.72174,59.82906,0.49112,0.87156,-0.48515,0.03590,0.06111,
1787040804900006912,42.70983,59.93767,0.51072,0.87331,-0.48046,0.02913,0.07508,
1787040804966674176,42.69282,60.05261,0.52863,0.86553,-0.49201,0.02344,0.09069,
1787040805033339136,42.67605,60.14997,0.53424,0.86403,-0.49249,0.01513,0.10335,
1787040805100007168,42.65580,60.25031,0.52830,0.86537,-0.48748,-0.00043,0.11618,
1787040805166671872,42.63697,60.35711,0.51051,0.86314,-0.48681,-0.01017,0.13378,
1787040805233339136,42.61872,60.46103,0.49346,0.86082,-0.48495,-0.01444,0.15363,
1787040805300007936,42.60027,60.56728,0.48401,0.85726,-0.48608,-0.01237,0.16936,
1787040805433339136,42.56609,60.76931,0.50306,0.84825,-0.50008,-0.01501,0.17367,
1787040805500013056,42.55283,60.88236,0.51471,0.84012,-0.51422,-0.02010,0.17138,
1787040805700007936,42.54200,61.17410,0.49571,0.83704,-0.51697,0.00139,0.17917,
1787040805833338880,42.53414,61.39284,0.47238,0.84447,-0.50920,0.00894,0.16584,
1787040805900006144,42.52887,61.49949,0.47486,0.85059,-0.50152,0.01061,0.15765,
1787040805966674176,42.52008,61.61151,0.48631,0.85632,-0.49423,0.01884,0.14869,
1787040806033339904,42.50676,61.73235,0.49923,0.84740,-0.51124,0.03204,0.13971,
1787040806100017152,42.49080,61.84994,0.50353,0.83995,-0.52586,0.04319,0.12687,
1787040806166672896,42.47256,61.96906,0.49616,0.84226,-0.52518,0.04443,0.11315,
1787040806233339136,42.45126,62.08498,0.48227,0.84687,-0.52058,0.04217,0.10014,
1787040806300007936,42.43080,62.20476,0.46779,0.85309,-0.51151,0.04581,0.09220,
1787040806366672128,42.41338,62.31381,0.45969,0.85750,-0.50448,0.05334,0.08568,
1787040806433339136,42.39821,62.42186,0.46659,0.86102,-0.49906,0.05943,0.07781,
1787040806500005888,42.38876,62.52644,0.48173,0.85920,-0.50380,0.06055,0.06558,
1787040806566672128,42.38513,62.63540,0.50007,0.85429,-0.51323,0.06364,0.05221,
1787040806633338880,42.38691,62.74302,0.51027,0.85180,-0.51683,0.07535,0.04065,
1787040806700005888,42.39223,62.84401,0.50667,0.85150,-0.51604,0.08786,0.03036,
1787040806766671872,42.41399,62.91324,0.48781,0.85339,-0.51145,0.09839,0.02164,
1787040806833338112,42.40536,63.04639,0.47754,0.86205,-0.49649,0.10181,0.00224,
1787040806900005120,42.40730,63.16284,0.46867,0.86465,-0.49017,0.10731,-0.02425,
1787040806966672896,42.40895,63.26719,0.47429,0.86890,-0.48201,0.10141,-0.04889,
1787040807033339136,42.40794,63.37515,0.49172,0.86789,-0.48111,0.10446,-0.06620,
1787040807100007168,42.40038,63.48997,0.51196,0.85871,-0.49451,0.10962,-0.07785,
1787040807166672896,42.38801,63.60088,0.52254,0.85430,-0.50102,0.10419,-0.09107,
1787040807433339136,42.34539,64.02342,0.47843,0.85512,-0.49872,0.09330,-0.10647,
1787040807500008192,42.34389,64.14064,0.48721,0.86202,-0.48622,0.10177,-0.10078,
1787040807633337856,42.34645,64.34796,0.51663,0.85338,-0.49618,0.11803,-0.10779,
1787040807700005888,42.28971,64.69853,0.54056,0.85088,-0.49621,0.12793,-0.11580,
1787040807900006144,42.32724,64.88817,0.51632,0.85556,-0.48799,0.13685,-0.10565,
1787040808033339136,42.35101,65.07506,0.49918,0.86295,-0.48025,0.12468,-0.09554,
1787040808166671872,42.37531,65.26923,0.52214,0.86766,-0.47565,0.11784,-0.08389,
1787040808233339136,42.40008,65.35220,0.53190,0.85862,-0.49159,0.12106,-0.08036,
1787040808366672896,42.43897,65.48059,0.52929,0.85666,-0.49113,0.12423,-0.09737,
1787040808433339136,42.45470,65.58389,0.51050,0.86000,-0.48072,0.12802,-0.11368,
1787040808500005888,42.45716,65.73774,0.49520,0.86313,-0.47042,0.13051,-0.12914,
1787040808566673152,42.46361,65.85027,0.48915,0.86715,-0.45764,0.13680,-0.14107,
1787040808633338880,42.46817,65.96156,0.49743,0.86438,-0.45640,0.14176,-0.15639,
1787040808700005888,42.47583,66.06613,0.51090,0.86544,-0.44824,0.14333,-0.17191,
1787040808766673152,42.48888,66.16994,0.52783,0.85840,-0.45614,0.14753,-0.18252,
1787040808900006912,42.51039,66.38692,0.53004,0.85513,-0.45712,0.16084,-0.18419,
1787040809033339136,42.53320,66.60106,0.49663,0.86428,-0.44322,0.15608,-0.17948,
1787040809166672896,42.56174,66.82990,0.48495,0.86361,-0.45050,0.14762,-0.17156,
1787040809233339136,42.58521,66.93177,0.49262,0.86127,-0.46056,0.14697,-0.15650,
1787040809300005888,42.61029,67.03864,0.50670,0.85216,-0.48021,0.15467,-0.13893,
1787040809366672896,42.63215,67.14724,0.51605,0.84223,-0.49978,0.15877,-0.12518,
1787040809433339136,42.64657,67.26680,0.51199,0.84144,-0.50490,0.15480,-0.11448,
1787040809500005888,42.65997,67.37988,0.49670,0.84029,-0.51012,0.14910,-0.10704,
1787040809633337856,42.67987,67.61217,0.46281,0.83748,-0.51687,0.15083,-0.09343,
1787040809766673152,42.69956,67.84469,0.47574,0.83253,-0.52165,0.16129,-0.09360,
1787040809833339904,42.71813,67.97139,0.49168,0.82592,-0.53258,0.15879,-0.09489,
1787040809966672896,42.75958,68.17756,0.49839,0.81802,-0.53835,0.17848,-0.09574,
1787040810100007168,42.79825,68.40231,0.46549,0.82264,-0.52999,0.18217,-0.09582,
1787040810233339136,42.83931,68.63635,0.44956,0.83130,-0.52158,0.17019,-0.08910,
1787040810366672896,42.87943,68.84802,0.47351,0.82781,-0.53144,0.16012,-0.08169,
1787040810566672128,42.91342,69.18222,0.47539,0.82648,-0.53668,0.14627,-0.08662,
1787040810766673152,42.94846,69.53167,0.43549,0.83026,-0.52711,0.15450,-0.09464,
1787040810833338880,42.96574,69.66922,0.44251,0.81840,-0.54350,0.15876,-0.09808,
1787040810900006144,42.98659,69.77026,0.45854,0.81210,-0.55558,0.15008,-0.09645,
1787040811100007936,43.05909,70.11887,0.45578,0.80300,-0.56425,0.17011,-0.08875,
1787040811300005888,43.13508,70.45398,0.42371,0.81033,-0.55242,0.17134,-0.09402,
1787040811433337856,43.18234,70.65643,0.44964,0.80470,-0.55967,0.17766,-0.08754,
1787040811700005888,43.25008,71.05038,0.44802,0.80475,-0.55659,0.17914,-0.10246,
1787040811766673920,43.26816,71.20060,0.44021,0.80655,-0.55087,0.18350,-0.11110,
1787040811833338112,43.28728,71.28626,0.44243,0.81345,-0.53515,0.19139,-0.12363,
1787040811900006144,43.31280,71.43249,0.44170,0.81037,-0.53193,0.20413,-0.13667,
1787040811966671872,43.33845,71.51128,0.45559,0.81122,-0.52709,0.20411,-0.14981,
1787040812033338112,43.36947,71.63674,0.46631,0.79657,-0.54213,0.21868,-0.15413,
1787040812100006144,43.39785,71.78959,0.46638,0.79113,-0.54329,0.23024,-0.16105,
1787040812166671872,43.42867,71.87867,0.45779,0.78622,-0.54242,0.24421,-0.16731,
1787040812300007168,43.49394,72.11921,0.42777,0.78475,-0.53477,0.25673,-0.17965,
1787040812433340160,43.57094,72.30440,0.42761,0.77772,-0.53392,0.27119,-0.19118,
1787040812500006912,43.60786,72.40383,0.44663,0.76925,-0.53242,0.28997,-0.20173,
1787040812566673152,43.64034,72.47519,0.47234,0.76998,-0.51819,0.29635,-0.22535,
1787040812633338880,43.67344,72.54241,0.48807,0.77446,-0.48975,0.30713,-0.25696,
1787040812700007936,43.70825,72.59547,0.49521,0.77524,-0.46576,0.31787,-0.28466,
1787040812766673920,43.74658,72.67945,0.49150,0.77327,-0.44509,0.32537,-0.31317,
1787040812833338112,43.78636,72.74195,0.48280,0.77267,-0.41694,0.33488,-0.34205,
1787040812900007936,43.82566,72.79241,0.47714,0.76614,-0.39041,0.34763,-0.37385,
1787040812966674176,43.87226,72.86307,0.48291,0.75592,-0.36585,0.36203,-0.40456,
1787040813033338112,43.92270,72.93334,0.49786,0.74496,-0.34495,0.37212,-0.43310,
1787040813100006144,43.97959,73.00277,0.51430,0.72936,-0.33681,0.37958,-0.45882,
1787040813166671872,44.04091,73.07132,0.52071,0.71347,-0.33196,0.38599,-0.48143,
1787040813233339136,44.10458,73.13135,0.52198,0.70119,-0.31843,0.39035,-0.50454,
1787040813300007168,44.17299,73.18517,0.51585,0.69253,-0.29951,0.39290,-0.52567,
1787040813366672896,44.24793,73.23976,0.51052,0.68681,-0.28438,0.39020,-0.54329,
1787040813433337856,44.33042,73.29173,0.51141,0.67788,-0.27721,0.38755,-0.55985,
1787040813500006912,44.41562,73.33710,0.52054,0.66744,-0.27127,0.38794,-0.57485,
1787040813566673152,44.50164,73.34971,0.55086,0.65598,-0.26403,0.39306,-0.58777,
1787040813700006912,44.68301,73.41853,0.58205,0.64119,-0.26298,0.39732,-0.60154,
1787040813833338880,44.87258,73.47337,0.57616,0.62981,-0.25753,0.39368,-0.61809,
1787040813966671872,45.09028,73.52583,0.55756,0.62135,-0.24698,0.39945,-0.62719,
1787040814033339136,45.20986,73.55446,0.56337,0.61608,-0.23413,0.40718,-0.63232,
1787040814100007936,45.32774,73.57304,0.57528,0.60092,-0.23351,0.42232,-0.63719,
1787040814166672896,45.44820,73.58636,0.58809,0.58336,-0.24410,0.44303,-0.63547,
1787040814233338112,45.56833,73.59518,0.59537,0.56707,-0.25590,0.46131,-0.63256,
1787040814300007168,45.68509,73.60029,0.58932,0.55512,-0.25700,0.47461,-0.63288,
1787040814366672128,45.79406,73.59670,0.57237,0.54852,-0.25094,0.48288,-0.63481,
1787040814500008960,46.02946,73.58996,0.53611,0.54920,-0.24131,0.47615,-0.64298,
1787040814633338880,46.27982,73.58200,0.54555,0.55662,-0.26571,0.45984,-0.63884,
1787040814766673152,46.53087,73.58427,0.57760,0.55516,-0.27961,0.47005,-0.62664,
1787040814900007936,46.77921,73.58537,0.56719,0.55220,-0.29331,0.47217,-0.62137,
1787040815033339136,47.01544,73.57473,0.53698,0.55672,-0.27980,0.46215,-0.63102,
1787040815100006144,47.13461,73.56488,0.54454,0.55806,-0.26124,0.45778,-0.64091,
1787040815166672896,47.26297,73.55728,0.56024,0.55852,-0.24846,0.45169,-0.64985,
1787040815433339136,47.73732,73.52209,0.59929,0.56949,-0.23734,0.44670,-0.64793,
1787040815566672128,47.98374,73.50905,0.56320,0.58602,-0.22555,0.42078,-0.65472,
1787040815633338880,48.14227,73.53822,0.57762,0.59524,-0.23399,0.40800,-0.65152,
1787040815700006912,48.24610,73.52950,0.58834,0.60631,-0.24403,0.40034,-0.64231,
1787040815833338112,48.50850,73.53637,0.63133,0.61399,-0.25676,0.40152,-0.62919,
1787040816100006144,49.01985,73.58293,0.58897,0.62381,-0.26045,0.39223,-0.62385,
1787040816300005888,49.43574,73.62586,0.61788,0.61723,-0.25569,0.39939,-0.62780,
1787040816366672128,49.55739,73.63287,0.63397,0.60685,-0.26434,0.41255,-0.62583,
1787040816500008192,49.79161,73.63266,0.62766,0.60245,-0.25581,0.42518,-0.62518,
1787040816633338880,50.06468,73.64035,0.58649,0.61185,-0.24305,0.41553,-0.62761,
1787040816766671872,50.33315,73.64863,0.58815,0.62451,-0.26108,0.40919,-0.61188,
1787040816833338880,50.43255,73.65620,0.60808,0.63072,-0.27293,0.41355,-0.59723,
1787040816900006912,50.61358,73.69029,0.62929,0.63259,-0.29201,0.41755,-0.58327,
1787040816966672896,50.71814,73.71129,0.63579,0.63872,-0.30115,0.40582,-0.58021,
1787040817033339136,50.84458,73.73435,0.62700,0.64732,-0.31118,0.38350,-0.58058,
1787040817100007168,50.99178,73.76051,0.60693,0.65308,-0.32240,0.37172,-0.57564,
1787040817300007168,51.42611,73.81369,0.59836,0.65158,-0.32353,0.38587,-0.56734,
1787040817366672896,51.56758,73.83111,0.61574,0.64272,-0.33473,0.39580,-0.56410,
1787040817433340160,51.67106,73.83413,0.63577,0.63546,-0.33785,0.41252,-0.55846,
1787040817566673152,51.92876,73.84442,0.62849,0.63433,-0.32179,0.42681,-0.55849,
1787040817633338880,52.05792,73.85813,0.61297,0.63880,-0.30826,0.42464,-0.56267,
1787040817700005888,52.20485,73.87638,0.59727,0.64816,-0.29677,0.41306,-0.56674,
1787040817833338112,52.48086,73.90050,0.60410,0.66197,-0.30114,0.39844,-0.55889,
1787040817966671872,52.73009,73.93362,0.63792,0.66145,-0.31567,0.40340,-0.54782,
1787040818233339904,53.27485,74.02779,0.58402,0.64998,-0.31947,0.40295,-0.55954,
1787040818300005888,53.43075,74.06098,0.57911,0.64463,-0.31295,0.41388,-0.56143,
1787040818366672896,53.55511,74.08353,0.58909,0.63111,-0.31677,0.43041,-0.56223,
1787040818433339136,53.70728,74.11083,0.60482,0.62337,-0.31724,0.43881,-0.56411,
1787040818500006912,53.83826,74.12909,0.61832,0.61685,-0.31319,0.44424,-0.56927,
1787040818566673152,53.93869,74.13106,0.61697,0.61522,-0.29974,0.44451,-0.57799,
1787040818633339904,54.04239,74.14472,0.60671,0.61604,-0.28244,0.43935,-0.58966,
1787040818700005888,54.19270,74.16685,0.59536,0.61853,-0.27062,0.42922,-0.59996,
1787040818766673152,54.32157,74.18279,0.56980,0.62221,-0.25924,0.42006,-0.60762,
1787040818900006912,54.59164,74.22021,0.58248,0.62466,-0.26950,0.40523,-0.61071,
1787040819033339136,54.85856,74.27633,0.61964,0.62691,-0.28486,0.40785,-0.59958,
1787040819100006144,54.97902,74.31306,0.62385,0.63268,-0.28744,0.39360,-0.60181,
1787040819166673920,55.11318,74.35265,0.61331,0.63861,-0.29075,0.37916,-0.60323,
1787040819500005888,55.78827,74.50416,0.60135,0.64019,-0.30553,0.39368,-0.58466,
1787040819566673152,55.91195,74.53092,0.61269,0.63666,-0.32141,0.40739,-0.57043,
1787040819700009216,56.17786,74.58178,0.59565,0.65388,-0.30746,0.41001,-0.55659,
1787040819833338880,56.43775,74.63297,0.55589,0.67046,-0.30071,0.39550,-0.55103,
1787040819900006144,56.58529,74.67101,0.55183,0.67790,-0.30594,0.38619,-0.54562,
1787040819966671872,56.68733,74.68987,0.56033,0.68691,-0.30799,0.37577,-0.54046,
1787040820100007168,56.91845,74.74930,0.60303,0.69065,-0.32254,0.37859,-0.52501,
1787040820166673920,57.00489,74.77851,0.60944,0.69455,-0.32657,0.36557,-0.52660,
1787040820233339904,57.12360,74.82182,0.60212,0.69615,-0.32943,0.35023,-0.53309,
1787040820300007168,57.24734,74.86492,0.58557,0.69507,-0.32583,0.34071,-0.54280,
1787040820366672896,57.33232,74.88853,0.57023,0.69336,-0.31638,0.33781,-0.55231,
1787040820433339136,57.45252,74.92863,0.56839,0.69015,-0.30621,0.34288,-0.55890,
1787040820500005888,57.58374,74.97473,0.58155,0.68140,-0.30024,0.35400,-0.56589,
1787040820700006912,57.92447,75.07992,0.62005,0.67286,-0.29698,0.34808,-0.58129,
1787040820766671872,58.02445,75.11791,0.61144,0.67871,-0.28967,0.33851,-0.58383,
1787040820900006912,58.25798,75.19556,0.57476,0.69579,-0.28041,0.32588,-0.57537,
1787040820966672896,58.36004,75.22955,0.56210,0.70107,-0.28507,0.32462,-0.56733,
1787040821033339136,58.49091,75.28206,0.56223,0.70647,-0.29626,0.32091,-0.55692,
1787040821100006144,58.60307,75.33127,0.57039,0.71289,-0.30920,0.32093,-0.54147,
1787040821166671872,58.73559,75.39733,0.58283,0.71703,-0.34081,0.32711,-0.51256,
1787040821233338112,58.84470,75.45611,0.58379,0.72251,-0.37075,0.33176,-0.48006,
1787040821300007168,58.94965,75.51353,0.57421,0.73217,-0.38673,0.32689,-0.45554,
1787040821366672896,59.06299,75.57623,0.55298,0.73719,-0.39949,0.32539,-0.43712,
1787040821433339136,59.36416,75.79050,0.53795,0.73985,-0.40865,0.32421,-0.42487,
1787040821566672128,59.57499,75.91558,0.53998,0.74183,-0.41245,0.33119,-0.41217,
1787040821700006912,59.77116,76.02468,0.57562,0.74188,-0.42794,0.33087,-0.39624,
1787040821766673152,59.88572,76.08992,0.58240,0.74950,-0.42750,0.33240,-0.38080,
1787040821833338880,59.97498,76.12821,0.57855,0.76147,-0.42205,0.33105,-0.36393,
1787040821900006912,60.02466,76.12419,0.57026,0.77805,-0.41410,0.32108,-0.34651,
1787040821966675968,60.08904,76.13945,0.56146,0.80200,-0.39880,0.29798,-0.33009,
1787040822033339136,60.14444,76.15262,0.56639,0.82105,-0.39211,0.28045,-0.30573,
1787040822100006144,60.36196,76.35600,0.54715,0.83610,-0.39125,0.25662,-0.28637,
1787040822166672896,60.49968,76.47409,0.55855,0.84806,-0.39149,0.23373,-0.27001,
1787040822233340928,60.61125,76.56930,0.57662,0.85286,-0.39822,0.22769,-0.24941,
1787040822300004864,60.70885,76.65826,0.58561,0.85057,-0.41429,0.22843,-0.22958,
1787040822366672128,60.79998,76.75104,0.57978,0.85066,-0.42659,0.21320,-0.22123,
1787040822433339136,60.89552,76.85122,0.56350,0.85115,-0.43551,0.19773,-0.21626,
1787040822500006912,60.98713,76.94820,0.54407,0.85679,-0.43007,0.18925,-0.21244,
1787040822633337856,61.17114,77.14892,0.53753,0.86768,-0.41753,0.18772,-0.19383,
1787040822766671872,61.33244,77.34334,0.56813,0.87251,-0.42044,0.17528,-0.17674,
1787040822833338880,61.39116,77.42666,0.58075,0.87264,-0.42692,0.17384,-0.16131,
1787040822900006144,61.44693,77.50949,0.57823,0.87492,-0.42974,0.17366,-0.14028,
1787040822966672896,61.49725,77.59181,0.56362,0.87951,-0.42942,0.16577,-0.12076,
1787040823033339136,61.56549,77.70171,0.54324,0.87922,-0.43659,0.15808,-0.10661,
1787040823100007936,61.62558,77.80485,0.52847,0.87892,-0.44249,0.15039,-0.09535,
1787040823166672896,61.67327,77.89896,0.52326,0.87724,-0.45246,0.13903,-0.08004,
1787040823233339904,61.70561,77.98208,0.52840,0.87512,-0.46416,0.12252,-0.06093,
1787040823300007936,61.74632,78.10241,0.54145,0.86706,-0.48370,0.11248,-0.03991,
1787040823366672128,61.77451,78.21551,0.54987,0.85376,-0.51056,0.10042,-0.01817,
1787040823433339136,61.78466,78.30908,0.54136,0.84513,-0.52816,0.08231,-0.00397,
1787040823500005888,61.79844,78.43064,0.52131,0.83260,-0.55051,0.06066,0.00563,
1787040823566673152,61.81316,78.56086,0.49755,0.82275,-0.56634,0.04689,0.01167,
1787040823633339904,61.82467,78.69207,0.48304,0.81531,-0.57741,0.04006,0.01597,
1787040823766673152,61.83627,78.92078,0.49199,0.80542,-0.59132,0.03438,0.02129,
1787040823833342976,61.84062,79.03789,0.50576,0.79098,-0.61057,0.02168,0.03307,
1787040823900006144,61.84680,79.14880,0.51450,0.77581,-0.62883,0.01669,0.04910,
1787040823966672896,61.85340,79.29220,0.52490,0.76737,-0.63768,0.01348,0.06578,
1787040824033338112,61.86013,79.38496,0.51231,0.76307,-0.64094,0.00715,0.08293,
1787040824100006144,61.86439,79.50112,0.49399,0.76698,-0.63356,0.00074,0.10173,
1787040824166672896,61.85367,79.66060,0.47830,0.77199,-0.62241,-0.00773,0.12880,
1787040824233339904,61.86043,79.72847,0.48192,0.77485,-0.60996,-0.02041,0.16473,
1787040824300005888,61.85352,79.84180,0.49096,0.77618,-0.59775,-0.04191,0.19618,
1787040824366672896,61.84076,79.95576,0.50311,0.76551,-0.60429,-0.05124,0.21493,
1787040824433339136,61.81864,80.07762,0.51113,0.74449,-0.62608,-0.06222,0.22336,
1787040824500008192,61.79577,80.18478,0.50719,0.73089,-0.63936,-0.07622,0.22631,
1787040824566673152,61.75408,80.32751,0.48811,0.72373,-0.64443,-0.09570,0.22754,
1787040824633337856,61.72956,80.43188,0.47108,0.72375,-0.64120,-0.10586,0.23205,
1787040824766671872,61.66541,80.66621,0.45039,0.71934,-0.64219,-0.10570,0.24285,
1787040824900007936,61.60786,80.88082,0.47469,0.71817,-0.63967,-0.09925,0.25535,
1787040825033339136,61.55540,81.08759,0.49605,0.71086,-0.64090,-0.09645,0.27317,
1787040825100007168,61.52533,81.20149,0.49079,0.71229,-0.63565,-0.09599,0.28174,
1787040825166671872,61.49307,81.31265,0.47670,0.71493,-0.62914,-0.10107,0.28780,
1787040825300004864,61.41642,81.53091,0.45178,0.71294,-0.62359,-0.11274,0.30023,
1787040825366672896,61.37695,81.63175,0.45744,0.71329,-0.61570,-0.12795,0.30943,
1787040825433339136,61.32624,81.73750,0.47208,0.70858,-0.61338,-0.14424,0.31760,
1787040825500005888,61.26757,81.84335,0.48627,0.69256,-0.62225,-0.15613,0.32984,
1787040825566674944,61.21057,81.93885,0.49169,0.68139,-0.62243,-0.16541,0.34774,
1787040825633339904,61.15904,82.02231,0.48737,0.67926,-0.60988,-0.17040,0.37098,
1787040825700006912,61.09881,82.11101,0.47391,0.67405,-0.60363,-0.18043,0.38566,
1787040825766671872,61.03023,82.20564,0.45986,0.67586,-0.59469,-0.18247,0.39530,
1787040825833338880,60.95158,82.30298,0.45233,0.66739,-0.60000,-0.18929,0.39844,
1787040825900006144,60.87284,82.39549,0.46109,0.65688,-0.60355,-0.19962,0.40546,
1787040825966674944,60.80170,82.48499,0.47766,0.65148,-0.60184,-0.20554,0.41366,
1787040826100007168,60.67022,82.66593,0.49986,0.63789,-0.60667,-0.20248,0.42900,
1787040826233339136,60.53632,82.84664,0.47898,0.62603,-0.60512,-0.20263,0.44817,
1787040826300005888,60.47024,82.93632,0.46294,0.62775,-0.58942,-0.20570,0.46497,
1787040826366672896,60.39788,83.03071,0.45461,0.62358,-0.57831,-0.21355,0.48074,
1787040826433339136,60.32241,83.12090,0.45887,0.62063,-0.55805,-0.22578,0.50241,
1787040826500005888,60.24393,83.20643,0.47514,0.60991,-0.54584,-0.24111,0.52147,
1787040826566672128,60.17220,83.28675,0.49750,0.59285,-0.54386,-0.25121,0.53818,
1787040826633338880,60.07821,83.36580,0.50834,0.58393,-0.53538,-0.25951,0.55231,
1787040826700006912,60.02099,83.42657,0.50603,0.58150,-0.51876,-0.26878,0.56614,
1787040826766675968,59.94053,83.50465,0.49205,0.57336,-0.51260,-0.28092,0.57409,
1787040826833338880,59.86847,83.58812,0.48796,0.57565,-0.50276,-0.27950,0.58115,
1787040826966672896,59.69768,83.73704,0.48352,0.58908,-0.49337,-0.27160,0.57948,
1787040827100007168,59.51445,83.88860,0.50757,0.58605,-0.50948,-0.28455,0.56214,
1787040827166671872,59.43564,83.96168,0.51440,0.57935,-0.52555,-0.28501,0.55401,
1787040827233339136,59.34223,84.04071,0.50823,0.57984,-0.53360,-0.28320,0.54668,
1787040827500005888,58.95164,84.31625,0.45336,0.57762,-0.52405,-0.30741,0.54518,
1787040827566673920,58.84666,84.37402,0.45797,0.57014,-0.51662,-0.32365,0.55072,
1787040827633337856,58.73879,84.42458,0.47268,0.55386,-0.52177,-0.33957,0.55289,
1787040827700005120,58.62523,84.46779,0.48425,0.53702,-0.51832,-0.35847,0.56076,
1787040827766673152,58.51605,84.50380,0.48418,0.52884,-0.49776,-0.36786,0.58073,
1787040827833338112,58.40882,84.54068,0.47483,0.51467,-0.47925,-0.37745,0.60247,
1787040827900006144,58.28710,84.56902,0.45800,0.50178,-0.46601,-0.38024,0.62167,
1787040827966672896,58.18318,84.59679,0.44798,0.49021,-0.45173,-0.38098,0.64070,
1787040828033339136,58.07131,84.62429,0.45069,0.48432,-0.43826,-0.38195,0.65381,
1787040828100006144,57.96227,84.65159,0.46364,0.47107,-0.44259,-0.38896,0.65644,
1787040828166672896,57.84109,84.68226,0.48354,0.46656,-0.43626,-0.38998,0.66326,
1787040828300005888,57.63443,84.72942,0.50234,0.45069,-0.43219,-0.38536,0.67941,
1787040828366675968,57.51826,84.75041,0.49018,0.44121,-0.42781,-0.38744,0.68717,
1787040828500005888,57.29124,84.77772,0.45343,0.42600,-0.41805,-0.38773,0.70244,
1787040828566672128,57.18546,84.80190,0.43483,0.41610,-0.40922,-0.38876,0.71292,
1787040828633337856,57.03697,84.81041,0.44140,0.40659,-0.39733,-0.39619,0.72101,
1787040828766671872,56.81340,84.80483,0.47121,0.38702,-0.39610,-0.40472,0.72769,
1787040828833338880,56.70126,84.79405,0.47120,0.38783,-0.38654,-0.40540,0.73201,
1787040828900006912,56.58132,84.78138,0.45634,0.38661,-0.37493,-0.41161,0.73521,
1787040829033339136,56.33834,84.72911,0.41449,0.38894,-0.36079,-0.40776,0.74316,
1787040829233339136,56.02360,84.64650,0.43323,0.40453,-0.36236,-0.40976,0.73290,
1787040829300005888,55.92498,84.61607,0.44673,0.40734,-0.36957,-0.41797,0.72304,
1787040829366672896,55.83417,84.58574,0.45076,0.41478,-0.37627,-0.40948,0.72021,
1787040829633337856,55.41611,84.42849,0.39222,0.40834,-0.37384,-0.41288,0.72321,
1787040829700006912,55.31071,84.36560,0.39253,0.39770,-0.36220,-0.42550,0.72773,
1787040829766673152,55.24830,84.32190,0.40435,0.38573,-0.36040,-0.43471,0.72962,
1787040829833338880,55.17364,84.27002,0.42126,0.36636,-0.36627,-0.45524,0.72414,
1787040829900006144,55.09643,84.21505,0.43189,0.35513,-0.36169,-0.46672,0.72473,
1787040829966671872,55.01157,84.15563,0.42890,0.34724,-0.34947,-0.47360,0.73006,
1787040830033339904,54.93754,84.10718,0.41696,0.34213,-0.34028,-0.47237,0.73757,
1787040830100007936,54.84391,84.04537,0.40303,0.34264,-0.33308,-0.45836,0.74938,
1787040830166672896,54.75951,83.98267,0.39567,0.34328,-0.32923,-0.44736,0.75739,
1787040830300005888,54.58377,83.85026,0.41551,0.34851,-0.32088,-0.44920,0.75750,
1787040830433339136,54.39690,83.73435,0.43937,0.33646,-0.32668,-0.44683,0.76185,
1787040830566672128,54.20212,83.61056,0.41801,0.32108,-0.32768,-0.42694,0.77926,
1787040830633337856,54.10389,83.54333,0.39559,0.31511,-0.31837,-0.41480,0.79201,
1787040830700005888,54.00998,83.47683,0.37764,0.30358,-0.31217,-0.41522,0.79874,
1787040830766673152,53.91760,83.40680,0.37283,0.29110,-0.29763,-0.41992,0.80644,
1787040830833338880,53.82368,83.32690,0.38088,0.27946,-0.28221,-0.42619,0.81279,
1787040830900006912,53.73672,83.25048,0.39555,0.26534,-0.28056,-0.44330,0.80893,
1787040830966672896,53.64579,83.16329,0.40143,0.25872,-0.28000,-0.45700,0.80363,
1787040831100006144,53.48084,83.00722,0.37892,0.26200,-0.26723,-0.46685,0.80125,
1787040831233339136,53.26831,82.78748,0.35390,0.27133,-0.27444,-0.45814,0.80073,
1787040831366673920,53.10087,82.62764,0.36474,0.28492,-0.29245,-0.47442,0.77989,
1787040831433340928,53.00619,82.54639,0.37840,0.28744,-0.30252,-0.48777,0.76677,
1787040831500006912,52.90966,82.46683,0.38296,0.29204,-0.31657,-0.48839,0.75892,
1787040831633338880,52.72663,82.31535,0.35538,0.30133,-0.32976,-0.47852,0.75597,
1787040831766673152,52.53506,82.14642,0.31593,0.29797,-0.32242,-0.47784,0.76088,
1787040831833338880,52.44789,82.06334,0.31035,0.29327,-0.30800,-0.48113,0.76658,
1787040831900006144,52.35766,81.97702,0.31562,0.28568,-0.30190,-0.48794,0.76757,
1787040831966671872,52.30044,81.95025,0.33333,0.27205,-0.31354,-0.50071,0.75959,
1787040832033339136,52.20580,81.82702,0.34437,0.26774,-0.30688,-0.50427,0.76148,
1787040832100006144,52.14910,81.76166,0.34424,0.26947,-0.29228,-0.49765,0.77091,
1787040832166673920,52.05645,81.65564,0.31638,0.27032,-0.28218,-0.49386,0.77679,
1787040832233339136,51.97631,81.56557,0.29526,0.27379,-0.27790,-0.48221,0.78440,
1787040832433340160,51.73024,81.28352,0.28661,0.28489,-0.29498,-0.47866,0.77635,
1787040832500006912,51.65093,81.21165,0.29977,0.28792,-0.30235,-0.48795,0.76655,
1787040832633338880,51.48466,81.06440,0.30308,0.29357,-0.32424,-0.48728,0.75581,
1787040832766673152,51.31467,80.91291,0.26910,0.30308,-0.32207,-0.46894,0.76453,
1787040832900006144,51.15268,80.81911,0.26431,0.30079,-0.31303,-0.46724,0.77021,
1787040832966672896,51.05613,80.70781,0.26426,0.29657,-0.30362,-0.47513,0.77079,
1787040833033339136,50.98161,80.65308,0.28120,0.29374,-0.31365,-0.48682,0.76049,
1787040833166672896,50.84216,80.51921,0.29545,0.30088,-0.30702,-0.48667,0.76050,
1787040833233339136,50.76092,80.44576,0.28335,0.31308,-0.30496,-0.47762,0.76214,
1787040833300005888,50.68418,80.38186,0.26629,0.32861,-0.30646,-0.46099,0.76524,
1787040833366672128,50.60247,80.30925,0.25567,0.34037,-0.31280,-0.44891,0.76471,
1787040833433337856,50.51010,80.21931,0.25485,0.35661,-0.32137,-0.43415,0.76228,
1787040833500005120,50.41743,80.13283,0.26294,0.37321,-0.33638,-0.42432,0.75334,
1787040833633339904,50.25697,80.00018,0.29172,0.37336,-0.35635,-0.43189,0.73965,
1787040833766673152,50.08550,79.86013,0.27626,0.37516,-0.37038,-0.41497,0.74154,
1787040833900006144,49.91043,79.73508,0.23773,0.37399,-0.37349,-0.40400,0.74661,
1787040833966671872,49.81387,79.67466,0.23306,0.36661,-0.36796,-0.41049,0.74947,
1787040834033339136,49.71161,79.60097,0.24143,0.35635,-0.36153,-0.41858,0.75306,
1787040834100007936,49.62210,79.54110,0.25771,0.34632,-0.36930,-0.42860,0.74832,
1787040834166672896,49.53760,79.47869,0.27121,0.33750,-0.38004,-0.44641,0.73647,
1787040834300005888,49.36065,79.30877,0.26355,0.34005,-0.36673,-0.46054,0.73333,
1787040834433339136,49.19646,79.16580,0.22831,0.34431,-0.37056,-0.45200,0.73473,
1787040834500005888,49.11356,79.10064,0.22361,0.35023,-0.37851,-0.44006,0.73513,
1787040834633338880,48.91516,78.92619,0.24333,0.36132,-0.38041,-0.44970,0.72285,
1787040834700005888,48.84109,78.89027,0.25469,0.35762,-0.39689,-0.46034,0.70899,
1787040834833338880,48.65158,78.76124,0.24400,0.36236,-0.41373,-0.44494,0.70679,
1787040834900006912,48.57608,78.72386,0.23289,0.37340,-0.40644,-0.42590,0.71693,
1787040834966672896,48.50420,78.68848,0.22464,0.38868,-0.39131,-0.40488,0.72930,
1787040835033339136,48.40267,78.62072,0.21698,0.40268,-0.37725,-0.39170,0.73628,
1787040835100006144,48.31929,78.57825,0.21819,0.41079,-0.36818,-0.38221,0.74136,
1787040835233338112,48.14084,78.46378,0.24880,0.41740,-0.39077,-0.38761,0.72307,
1787040835366672896,47.96484,78.34388,0.24541,0.41638,-0.40823,-0.38264,0.71663,
1787040835500005120,47.79969,78.23491,0.21215,0.41168,-0.41335,-0.37484,0.72052,
1787040835566672128,47.70659,78.17638,0.20057,0.39898,-0.41240,-0.36862,0.73134,
1787040835633337856,47.60515,78.11389,0.20192,0.37423,-0.40720,-0.36058,0.75108,
1787040835700006912,47.50330,78.05537,0.20881,0.35744,-0.39194,-0.35468,0.76995,
1787040835766671872,47.40129,78.00671,0.21988,0.34384,-0.38974,-0.35549,0.77686,
1787040835900006912,47.21517,77.93077,0.22152,0.33133,-0.40128,-0.35287,0.77761,
1787040836033339136,47.03149,77.85761,0.18518,0.33191,-0.38110,-0.34248,0.79202,
1787040836100007168,46.91996,77.81398,0.16908,0.32236,-0.37188,-0.34548,0.79902,
1787040836166671872,46.83071,77.79418,0.16631,0.31242,-0.35554,-0.34407,0.81092,
1787040836300005888,46.62341,77.71504,0.18738,0.29199,-0.37324,-0.36610,0.80088,
1787040836366672896,46.55035,77.70585,0.20108,0.31922,-0.36781,-0.37646,0.78809,
1787040836433337856,46.44880,77.67712,0.20643,0.36640,-0.36857,-0.37789,0.76623,
1787040836500008960,46.34616,77.65387,0.19918,0.42434,-0.37652,-0.36728,0.73707,
1787040836566672128,46.23874,77.62993,0.18727,0.48129,-0.38338,-0.34888,0.70687,
1787040836633338880,46.13511,77.60762,0.17644,0.52593,-0.38801,-0.32882,0.68170,
1787040836700007936,46.03615,77.59255,0.17205,0.55763,-0.39809,-0.30210,0.66281,
1787040836766671872,45.93414,77.57955,0.17806,0.58755,-0.41306,-0.27385,0.63967,
1787040836833338112,45.83313,77.57097,0.19100,0.61629,-0.41460,-0.25430,0.61938,
1787040836900009984,45.75607,77.59466,0.16465,0.62814,-0.43758,-0.25845,0.58921,
1787040836966672896,45.60028,77.56952,0.15103,0.63713,-0.44885,-0.24818,0.57533,
1787040837033339136,45.50582,77.57404,0.13544,0.63839,-0.45045,-0.23123,0.57973,
1787040837166671872,45.27176,77.57050,0.08863,0.63238,-0.45560,-0.23022,0.58269,
1787040837233339136,45.16439,77.58522,0.08085,0.62033,-0.45908,-0.24868,0.58532,
1787040837300005888,45.04214,77.58944,0.07208,0.59634,-0.46053,-0.26971,0.59963,
1787040837366672896,44.90599,77.58686,0.07866,0.58689,-0.45751,-0.27479,0.60888,
1787040837433337856,44.78383,77.59899,0.09197,0.55849,-0.47586,-0.29013,0.61439,
1787040837500005888,44.65374,77.59299,0.10211,0.53137,-0.47192,-0.30268,0.63508,
1787040837566673152,44.53839,77.58668,0.10310,0.49194,-0.44335,-0.31561,0.67958,
1787040837633337856,44.46088,77.59448,0.09048,0.43037,-0.40574,-0.32918,0.73607,
1787040837700005888,44.34866,77.59944,0.07070,0.37704,-0.36941,-0.33302,0.78133,
1787040837766673152,44.23428,77.61605,0.06097,0.33586,-0.34929,-0.33627,0.80754,
1787040837833339904,44.13303,77.62331,0.06536,0.30157,-0.33333,-0.34750,0.82292,
1787040837900006144,44.02671,77.64489,0.07084,0.27685,-0.32872,-0.35401,0.83065,
1787040837966674944,43.91900,77.66547,0.08508,0.26817,-0.32776,-0.34915,0.83592,
1787040838100006144,43.71328,77.71162,0.06939,0.27187,-0.33901,-0.34428,0.83225,
1787040838166675200,43.62773,77.74223,0.04116,0.28918,-0.34810,-0.34830,0.82090,
1787040838233339136,43.53264,77.77344,0.00406,0.33580,-0.36569,-0.34615,0.79605,
1787040838300007936,43.43928,77.80900,-0.03136,0.40339,-0.37261,-0.33121,0.76730,
1787040838366672896,43.30460,77.83189,-0.05631,0.47066,-0.36648,-0.31303,0.73905,
1787040838433339136,43.19172,77.85170,-0.05205,0.52647,-0.36981,-0.31505,0.69772,
1787040838500005888,43.04764,77.86305,-0.04406,0.56373,-0.38807,-0.30919,0.66031,
1787040838566673152,42.95816,77.88944,-0.03335,0.59338,-0.41477,-0.30022,0.62108,
1787040838633337856,42.85658,77.90693,-0.04327,0.62564,-0.42395,-0.28247,0.59080,
1787040838700005888,42.74047,77.91743,-0.07099,0.65327,-0.43201,-0.26103,0.56434,
1787040838766673152,42.62591,77.93208,-0.09828,0.68106,-0.43101,-0.23072,0.54512,
1787040838833341952,42.51430,77.94284,-0.12479,0.70040,-0.43622,-0.20529,0.52632,
1787040838900006144,42.41888,77.95914,-0.13105,0.71199,-0.44788,-0.18330,0.50879,
1787040838966679040,42.28407,77.98045,-0.12048,0.72163,-0.45475,-0.17089,0.49320,
1787040839033339136,42.18049,77.99978,-0.09907,0.72840,-0.47007,-0.17152,0.46803,
1787040839100007168,42.07668,78.02964,-0.10612,0.74582,-0.47624,-0.15170,0.44038,
1787040839166673920,41.96751,78.05117,-0.11819,0.76380,-0.47859,-0.13931,0.41006,
1787040839233339136,41.85368,78.06951,-0.13568,0.78544,-0.46773,-0.11810,0.38778,
1787040839300007168,41.72815,78.08650,-0.14717,0.81025,-0.45295,-0.09847,0.35866,
1787040839366672896,41.61606,78.10456,-0.14096,0.82778,-0.44582,-0.08296,0.33038,
1787040839433339136,41.46880,78.12090,-0.11915,0.83436,-0.46160,-0.08510,0.28903,
1787040839500005888,41.39520,78.12741,-0.09010,0.83831,-0.46740,-0.09078,0.26559,
1787040839633338880,41.13023,78.12944,-0.09612,0.83002,-0.46367,-0.11391,0.28827,
1787040839700005120,41.00242,78.13046,-0.12009,0.80490,-0.47253,-0.14087,0.33016,
1787040839766673920,40.88331,78.13140,-0.13839,0.76874,-0.48242,-0.17054,0.38371,
1787040839833339904,40.78472,78.13628,-0.13842,0.73433,-0.48329,-0.18395,0.43971,
1787040839900006144,40.66603,78.14542,-0.12894,0.70043,-0.48599,-0.19795,0.48375,
1787040839966674176,40.61096,78.16921,-0.10149,0.66837,-0.49228,-0.20837,0.51723,
1787040840033339136,40.51239,78.18836,-0.08598,0.64353,-0.48934,-0.21125,0.54936,
1787040840100006144,40.46038,78.20913,-0.05472,0.62214,-0.47989,-0.21076,0.58158,
1787040840166672896,40.35800,78.23282,-0.09546,0.60356,-0.46901,-0.20886,0.61002,
1787040840233338112,40.27166,78.25388,-0.11043,0.59195,-0.45096,-0.20941,0.63434,
1787040840300005888,40.17527,78.27754,-0.11771,0.57525,-0.44145,-0.21478,0.65427,
1787040840366672128,40.07304,78.29940,-0.11462,0.56088,-0.42862,-0.22174,0.67270,
1787040840433339136,39.95058,78.31785,-0.11050,0.54748,-0.42111,-0.22242,0.68808,
1787040840500005120,39.84707,78.33027,-0.09547,0.52680,-0.42661,-0.23522,0.69654,
1787040840566672128,39.74021,78.33268,-0.08210,0.51335,-0.42995,-0.25238,0.69851,
1787040840633338880,39.64368,78.33102,-0.08327,0.51130,-0.42199,-0.26607,0.69979,
1787040840766673152,39.44109,78.32565,-0.11651,0.51850,-0.40066,-0.27167,0.70486,
1787040840833338880,39.33266,78.32673,-0.12603,0.52378,-0.39488,-0.25905,0.70895,
1787040840900006912,39.23209,78.33136,-0.11901,0.53222,-0.39478,-0.24349,0.70823,
1787040840966672896,39.14009,78.33980,-0.10180,0.54185,-0.39777,-0.23861,0.70089,
1787040841033338112,39.04593,78.35470,-0.08121,0.54847,-0.40890,-0.24235,0.68793,
1787040841100006144,38.93826,78.37042,-0.06916,0.55694,-0.42271,-0.23574,0.67495,
1787040841166671872,38.84866,78.38735,-0.06992,0.56736,-0.42402,-0.22580,0.66882,
1787040841300005888,38.64140,78.42261,-0.10336,0.57362,-0.41772,-0.21011,0.67255,
1787040841433340928,38.44441,78.46230,-0.11117,0.59514,-0.41212,-0.20451,0.65890,
1787040841500006912,38.34790,78.47857,-0.09623,0.61318,-0.40206,-0.20676,0.64778,
1787040841566673152,38.23811,78.49180,-0.07799,0.61888,-0.41215,-0.20538,0.63635,
1787040841633338880,38.13038,78.49780,-0.06364,0.61924,-0.42597,-0.21570,0.62335,
1787040841766671872,37.92696,78.49543,-0.07128,0.63141,-0.40592,-0.23455,0.61768,
1787040841900006144,37.72292,78.49713,-0.10356,0.62201,-0.40169,-0.25555,0.62165,
1787040841966672896,37.60825,78.50404,-0.10824,0.60592,-0.41956,-0.26314,0.62257,
1787040842033339136,37.50779,78.51423,-0.10043,0.59675,-0.42923,-0.26804,0.62274,
1787040842100006144,37.39887,78.52891,-0.08497,0.58476,-0.43370,-0.28224,0.62474,
1787040842166672896,37.27171,78.54885,-0.07150,0.56580,-0.45137,-0.29096,0.62568,
1787040842233339136,37.20453,78.58061,-0.06839,0.55325,-0.46099,-0.28197,0.63395,
1787040842366673920,37.02050,78.62493,-0.09183,0.53829,-0.45617,-0.26058,0.65898,
1787040842433337856,36.90107,78.64398,-0.10569,0.53225,-0.44294,-0.25543,0.67474,
1787040842500005888,36.82446,78.66929,-0.11012,0.52556,-0.42107,-0.25150,0.69515,
1787040842566673920,36.72431,78.68876,-0.10192,0.51712,-0.39334,-0.25441,0.71634,
1787040842633338880,36.64996,78.70557,-0.06570,0.50459,-0.37814,-0.25893,0.73168,
1787040842700006912,36.53276,78.71468,-0.04857,0.48536,-0.38284,-0.26754,0.73911,
1787040842766673152,36.43796,78.72065,-0.04063,0.47444,-0.38015,-0.28103,0.74258,
1787040842833338880,36.34166,78.72467,-0.04566,0.47356,-0.36642,-0.28909,0.74693,
1787040843033338112,36.03280,78.73165,-0.08755,0.48548,-0.37008,-0.29051,0.73686,
1787040843100007168,35.92187,78.73681,-0.08673,0.50626,-0.37306,-0.27267,0.72813,
1787040843166673920,35.82260,78.74475,-0.07547,0.52726,-0.37977,-0.26633,0.71193,
1787040843233339136,35.72875,78.75552,-0.05252,0.54348,-0.38651,-0.26882,0.69496,
1787040843300007168,35.63261,78.77548,-0.04689,0.55556,-0.39939,-0.26020,0.68128,
1787040843366672128,35.53896,78.79409,-0.04833,0.56782,-0.40338,-0.24690,0.67373,
1787040843433339136,35.43282,78.80914,-0.06066,0.57735,-0.40459,-0.23759,0.66822,
1787040843500008960,35.33427,78.82485,-0.08146,0.58292,-0.40994,-0.23584,0.66071,
1787040843566673152,35.22981,78.84195,-0.09688,0.57774,-0.42017,-0.24327,0.65612,
1787040843700005888,35.01412,78.85649,-0.08835,0.57228,-0.40914,-0.26593,0.65908,
1787040843766671872,34.91173,78.86110,-0.07137,0.56361,-0.41319,-0.27366,0.66085,
1787040843833339904,34.81405,78.85948,-0.05640,0.55122,-0.41638,-0.29336,0.66085,
1787040843900007936,34.72068,78.85514,-0.05305,0.54835,-0.40419,-0.30950,0.66344,
1787040843966671872,34.62553,78.85103,-0.06146,0.54342,-0.39010,-0.32186,0.67001,
1787040844033338112,34.53143,78.85053,-0.07744,0.53684,-0.37880,-0.32490,0.68026,
1787040844166671872,34.32793,78.84796,-0.09848,0.53412,-0.37222,-0.30873,0.69344,
1787040844300007168,34.12950,78.84860,-0.07289,0.54955,-0.36997,-0.30564,0.68389,
1787040844366672896,34.03682,78.86080,-0.05711,0.55591,-0.37467,-0.30447,0.67667,
1787040844433339136,33.93978,78.87671,-0.05261,0.56486,-0.38142,-0.28991,0.67186,
1787040844500005888,33.84389,78.89273,-0.05879,0.57595,-0.38503,-0.27556,0.66640,
1787040844566672128,33.74185,78.90823,-0.07209,0.58614,-0.39045,-0.26364,0.65916,
1787040844633338880,33.64137,78.92404,-0.08902,0.59865,-0.39267,-0.25644,0.64936,
1787040844700006912,33.53817,78.94052,-0.09987,0.61110,-0.39308,-0.25066,0.63970,
1787040844766671872,33.43883,78.95818,-0.10179,0.62146,-0.38548,-0.24382,0.63698,
1787040844900006912,33.21738,78.97023,-0.07968,0.61352,-0.38456,-0.24077,0.64633,
1787040844966672896,33.10993,78.96993,-0.06797,0.59117,-0.38729,-0.26071,0.65769,
1787040845033339136,32.99692,78.96527,-0.06357,0.56906,-0.37358,-0.27547,0.67877,
1787040845100007168,32.89219,78.96265,-0.06845,0.54603,-0.35816,-0.28914,0.69998,
1787040845166671872,32.78066,78.96181,-0.08175,0.52023,-0.34851,-0.29598,0.72132,
1787040845233339904,32.66940,78.95980,-0.09702,0.49631,-0.34012,-0.29364,0.74281,
1787040845300007168,32.55192,78.95199,-0.10497,0.47874,-0.33151,-0.29671,0.75689,
1787040845366673920,32.43444,78.94121,-0.10147,0.46156,-0.33258,-0.30777,0.76265,
1787040845433339136,32.31313,78.92662,-0.09612,0.44033,-0.34586,-0.34488,0.75336,
1787040845500008960,32.19730,78.91631,-0.08697,0.41873,-0.35372,-0.37838,0.74591,
1787040845566673152,32.09157,78.91395,-0.08402,0.39976,-0.35901,-0.38327,0.75127,
1787040845633338880,31.98556,78.91278,-0.09045,0.37629,-0.35792,-0.38138,0.76476,
1787040845700005888,31.87334,78.90878,-0.10197,0.35035,-0.34401,-0.37636,0.78566,
1787040845766673152,31.76001,78.90406,-0.11567,0.32717,-0.32845,-0.37116,0.80456,
1787040845833338880,31.64163,78.89784,-0.12154,0.30659,-0.31663,-0.37033,0.81768,
1787040845900007936,31.52115,78.88803,-0.11157,0.28621,-0.30842,-0.37904,0.82419,
1787040845966672896,31.40321,78.86944,-0.09946,0.27597,-0.28458,-0.38413,0.83385,
1787040846033339136,31.29043,78.84967,-0.07843,0.26102,-0.27914,-0.38392,0.84057,
1787040846100006144,31.17631,78.82362,-0.06327,0.23629,-0.29524,-0.39907,0.83531,
1787040846233338112,30.96331,78.76059,-0.06855,0.22354,-0.27678,-0.40465,0.84242,
1787040846433339136,30.63293,78.63680,-0.07228,0.21062,-0.28913,-0.40826,0.83986,
1787040846500006912,30.52040,78.58900,-0.04678,0.21382,-0.31035,-0.43124,0.81975,
1787040846566673152,30.41151,78.54901,-0.01731,0.21569,-0.33272,-0.45067,0.79980,
1787040846633338880,30.32630,78.52047,0.00780,0.23134,-0.34565,-0.45826,0.78550,
1787040846700005888,30.25915,78.49772,0.02222,0.24298,-0.35595,-0.45850,0.77720,
1787040846900007936,29.95057,78.35299,-0.00400,0.25851,-0.34976,-0.46201,0.77291,
1787040847033340928,29.83724,78.28904,0.01006,0.25284,-0.32677,-0.48190,0.77270,
1787040847100006144,29.75327,78.22023,0.02912,0.24925,-0.28933,-0.49098,0.78301,
1787040847166672896,29.66735,78.14318,0.04522,0.22902,-0.27632,-0.50749,0.78336,
1787040847233339904,29.60953,78.08238,0.05676,0.20904,-0.26705,-0.52316,0.78185,
1787040847300007168,29.58218,78.04739,0.06106,0.19409,-0.24885,-0.52399,0.79110,
1787040847366674944,29.49087,77.96418,0.05436,0.17597,-0.23208,-0.52308,0.80097,
1787040847433339136,29.43703,77.89881,0.03969,0.16039,-0.22292,-0.51475,0.81217,
1787040847500008960,29.39035,77.82105,0.02991,0.14713,-0.21754,-0.49920,0.82573,
1787040847566672128,29.33725,77.76473,0.03188,0.13797,-0.20124,-0.47858,0.84346,
1787040847633339904,29.28893,77.70094,0.04632,0.13240,-0.19465,-0.46690,0.85240,
1787040847766671872,29.17088,77.56572,0.07948,0.10743,-0.19733,-0.46887,0.85421,
1787040847900006144,29.06231,77.44762,0.08610,0.07898,-0.20560,-0.45134,0.86475,
1787040847966671872,29.00952,77.38492,0.07421,0.06561,-0.20199,-0.44519,0.86988,
1787040848100004864,28.89423,77.25285,0.04391,0.03575,-0.19861,-0.43447,0.87779,
1787040848166671872,28.83711,77.18229,0.03862,0.02567,-0.18921,-0.43101,0.88191,
1787040848300005888,28.73147,77.01170,0.06207,0.03199,-0.18811,-0.45138,0.87169,
1787040848366672128,28.69153,76.92180,0.07295,0.03674,-0.19375,-0.48125,0.85411,
1787040848433340160,28.65727,76.84129,0.07191,0.04287,-0.19174,-0.49977,0.84358,
1787040848500008960,28.61745,76.74879,0.05718,0.04779,-0.18756,-0.50982,0.83823,
1787040848700006912,28.51659,76.48046,0.01438,0.02673,-0.17035,-0.49422,0.85207,
1787040848766671872,28.48509,76.38260,0.02238,0.01449,-0.16424,-0.48968,0.85617,
1787040848833338880,28.45451,76.29420,0.03654,0.00519,-0.15810,-0.49492,0.85442,
1787040848900008960,28.42330,76.22079,0.05197,-0.00751,-0.14982,-0.49575,0.85541,
1787040848966671872,28.38635,76.14233,0.05712,-0.02263,-0.14931,-0.49023,0.85841,
1787040849100006144,28.31255,75.96792,0.04023,-0.03953,-0.15584,-0.47996,0.86243,
1787040849233339904,28.23904,75.79016,0.01088,-0.03648,-0.15845,-0.46582,0.86981,
1787040849366672128,28.16903,75.60302,0.01920,-0.03372,-0.14212,-0.45219,0.87988,
1787040849566673152,28.11470,75.30299,0.06153,-0.02937,-0.12783,-0.45861,0.87891,
1787040849633337856,28.10606,75.20459,0.05822,-0.02648,-0.10767,-0.45696,0.88255,
1787040849700006912,28.09491,75.10862,0.04433,-0.02916,-0.09401,-0.45712,0.88394,
1787040849900006912,28.06479,74.79611,0.02134,-0.02955,-0.10043,-0.46524,0.87897,
1787040849966674176,28.04415,74.67495,0.03111,-0.02313,-0.11165,-0.47588,0.87209,
1787040850033339904,28.02156,74.57077,0.04465,-0.01974,-0.12410,-0.48049,0.86795,
1787040850100004864,27.99913,74.46538,0.05524,-0.01651,-0.14177,-0.48856,0.86078,
1787040850166680064,27.97657,74.38975,0.05808,-0.00962,-0.15830,-0.48635,0.85925,
1787040850233339136,27.96071,74.28015,0.05443,-0.00328,-0.16993,-0.47704,0.86229,
1787040850300005888,27.94646,74.20028,0.03586,0.00124,-0.17224,-0.46523,0.86827,
1787040850366673920,27.92840,74.10104,0.02367,0.00137,-0.17191,-0.45339,0.87457,
1787040850500009984,27.89989,73.87633,0.02539,-0.00942,-0.16055,-0.44491,0.88102,
1787040850633338880,27.89171,73.65540,0.05942,-0.02676,-0.15885,-0.45948,0.87346,
1787040850700006912,27.87347,73.54663,0.07726,-0.02958,-0.14642,-0.46696,0.87157,
1787040850766673920,27.87939,73.40927,0.07570,-0.02935,-0.12730,-0.46822,0.87390,
1787040850833339904,27.88314,73.26179,0.06393,-0.03162,-0.11699,-0.47900,0.86941,
1787040850900007936,27.88103,73.11495,0.03657,-0.03375,-0.11519,-0.49344,0.86146,
1787040850966674176,27.88244,73.00419,0.03283,-0.03344,-0.12138,-0.50593,0.85333,
1787040851033339136,27.87876,72.87614,0.03130,-0.02775,-0.13270,-0.51102,0.84881,
1787040851100007168,27.87169,72.74539,0.04018,-0.01850,-0.14339,-0.53057,0.83522,
1787040851166672896,27.84481,72.65890,0.05755,-0.01096,-0.15020,-0.54722,0.82333,
1787040851233339136,27.82566,72.56607,0.05267,-0.00427,-0.16088,-0.56587,0.80864,
1787040851300007168,27.81525,72.39422,0.04785,0.00185,-0.16898,-0.57683,0.79919,
1787040851366672896,27.79920,72.27371,0.03693,0.00534,-0.17384,-0.58557,0.79175,
1787040851566672128,27.74555,71.90217,0.00383,0.01229,-0.14887,-0.59546,0.78937,
1787040851633339904,27.72996,71.78317,0.00718,0.00927,-0.13393,-0.60534,0.78457,
1787040851700006912,27.71910,71.66607,0.01942,0.00198,-0.11945,-0.60518,0.78707,
1787040851766673152,27.71200,71.54749,0.03411,-0.00998,-0.11349,-0.61725,0.77847,
1787040851833338880,27.70204,71.46353,0.04226,-0.01764,-0.10316,-0.62136,0.77651,
1787040851966672896,27.70499,71.18964,0.08340,-0.02009,-0.08313,-0.61122,0.78683,
1787040852033339904,27.69857,71.09169,0.07296,-0.01753,-0.08187,-0.59407,0.80004,
1787040852100007168,27.69727,70.98093,0.06821,-0.01414,-0.08716,-0.57793,0.81130,
1787040852166672896,27.69406,70.87739,0.07282,-0.00795,-0.09488,-0.55891,0.82374,
1787040852233341952,27.69241,70.72382,0.09115,-0.00180,-0.10813,-0.55353,0.82578,
1787040852300005888,27.68659,70.60648,0.11266,0.00094,-0.11388,-0.54121,0.83314,
1787040852433339136,27.66694,70.34376,0.14048,0.00197,-0.13413,-0.53016,0.83722,
1787040852500005120,27.65116,70.23897,0.13850,0.00080,-0.14579,-0.52124,0.84087,
1787040852566672128,27.63806,70.10924,0.12944,-0.00139,-0.15202,-0.50971,0.84681,
1787040852633338880,27.62487,69.98064,0.11682,-0.00310,-0.15173,-0.49664,0.85458,
1787040852766671872,27.56620,69.77716,0.09670,-0.01178,-0.13796,-0.47623,0.86835,
1787040852833338880,27.54778,69.68152,0.11037,-0.01828,-0.12988,-0.46910,0.87335,
1787040853100006144,27.53844,69.09734,0.15259,-0.02183,-0.10852,-0.46218,0.87985,
1787040853300008960,27.52093,68.70598,0.11485,-0.02527,-0.10802,-0.46980,0.87578,
1787040853433339136,27.49955,68.45654,0.13385,-0.01883,-0.12052,-0.48025,0.86861,
1787040853633338880,27.46265,68.02238,0.15821,-0.02531,-0.13770,-0.48310,0.86430,
1787040853833338880,27.41467,67.63460,0.11812,-0.02889,-0.14052,-0.46435,0.87395,
1787040854033339904,27.36439,67.24480,0.12224,-0.02536,-0.13451,-0.47706,0.86815,
1787040854100007168,27.35801,67.07443,0.13068,-0.02324,-0.13830,-0.50624,0.85091,
1787040854166671872,27.35408,66.95674,0.13179,-0.01723,-0.13090,-0.51826,0.84497,
1787040854300009984,27.36867,66.62678,0.11357,-0.00981,-0.10594,-0.51572,0.85012,
1787040854366672896,27.37692,66.49872,0.10307,-0.00691,-0.10287,-0.50371,0.85770,
1787040854433337856,27.38923,66.31786,0.09803,-0.00038,-0.10652,-0.48686,0.86696,
1787040854500006912,27.39007,66.22336,0.10472,0.00462,-0.11107,-0.47208,0.87452,
1787040854833338880,27.36848,65.49528,0.14416,0.00427,-0.12906,-0.46876,0.87384,
1787040854966672896,27.34604,65.24512,0.11800,0.01350,-0.13536,-0.45196,0.88161,
1787040855100007936,27.34113,64.89594,0.10567,0.01632,-0.13171,-0.43899,0.88864,
1787040855233339136,27.33765,64.62171,0.12806,0.00371,-0.12635,-0.44194,0.88810,
1787040855300005888,27.33910,64.50290,0.12730,-0.00808,-0.12316,-0.45500,0.88190,
1787040855366672896,27.34619,64.36343,0.11356,-0.01470,-0.10918,-0.45503,0.88364,
1787040855433339136,27.36178,64.17400,0.08858,-0.02312,-0.10006,-0.46455,0.87957,
1787040855700005888,27.40815,63.52899,0.05600,-0.03055,-0.11276,-0.47693,0.87114,
1787040855833338880,27.52750,63.13721,0.03939,-0.02628,-0.11379,-0.48681,0.86566,
1787040855966672896,27.51470,62.95722,0.03145,-0.03239,-0.12405,-0.49512,0.85931,
1787040856100007168,27.57714,62.52318,-0.02236,-0.03957,-0.12110,-0.48250,0.86658,
1787040856233339136,27.55651,62.36476,-0.02541,-0.04760,-0.10684,-0.47809,0.87049,
1787040856366676992,27.60339,62.00157,-0.00632,-0.05574,-0.10716,-0.48681,0.86512,
1787040856433339136,27.61640,61.90061,0.00152,-0.05455,-0.09916,-0.49423,0.86193,
1787040856566673152,27.65857,61.61232,-0.02251,-0.04930,-0.08086,-0.49230,0.86526,
1787040856700007936,27.69856,61.30662,-0.06293,-0.04641,-0.09328,-0.48305,0.86937,
1787040856766673152,27.72352,61.14195,-0.07108,-0.03984,-0.10551,-0.47448,0.87301,
1787040856833340928,27.75117,60.96371,-0.06802,-0.03170,-0.11192,-0.47879,0.87019,
1787040856966676992,27.75742,60.70107,-0.04418,-0.01977,-0.12193,-0.49332,0.86103,
1787040857033339904,27.76654,60.53767,-0.05145,-0.01528,-0.13384,-0.49314,0.85946,
1787040857166672896,27.76546,60.25824,-0.09002,-0.01113,-0.14920,-0.49038,0.85857,
1787040857500005888,27.75573,59.52136,-0.09421,-0.02062,-0.14473,-0.49541,0.85627,
1787040857633338880,27.75838,59.28930,-0.08937,-0.01204,-0.12536,-0.48890,0.86320,
1787040857833340928,27.76479,58.86067,-0.13385,-0.00380,-0.12309,-0.47217,0.87286,
1787040858033338112,27.74923,58.42950,-0.09905,0.00750,-0.13538,-0.47543,0.86924,
1787040858100006144,27.73232,58.28157,-0.08394,0.01655,-0.15214,-0.47873,0.86452,
1787040858166672896,27.69354,58.21817,-0.09398,0.02818,-0.17229,-0.47773,0.86099,
1787040858233339904,27.67825,58.04204,-0.10483,0.04066,-0.18821,-0.47646,0.85785,
1787040858300007168,27.65456,57.90687,-0.11936,0.05347,-0.19621,-0.47336,0.85707,
1787040858366672128,27.62386,57.80651,-0.13304,0.06291,-0.20160,-0.46837,0.85792,
1787040858566673152,27.56612,57.37819,-0.11523,0.06301,-0.18621,-0.45990,0.86594,
1787040858633338880,27.55522,57.24037,-0.09201,0.05386,-0.17989,-0.47342,0.86059,
1787040858700005888,27.55303,57.08380,-0.07955,0.05114,-0.16625,-0.47916,0.86032,
1787040858766671872,27.54513,56.96234,-0.07787,0.04873,-0.14695,-0.48048,0.86323,
1787040858833338880,27.53915,56.81953,-0.08659,0.04130,-0.13167,-0.47904,0.86688,
1787040858900006144,27.52582,56.70452,-0.09551,0.03328,-0.12484,-0.46845,0.87399,
1787040858966675968,27.51001,56.60925,-0.09844,0.02925,-0.12068,-0.45709,0.88071,
1787040859033339136,27.50153,56.46941,-0.08984,0.02935,-0.12327,-0.44124,0.88840,
1787040859166672896,27.48566,56.20295,-0.05306,0.04327,-0.12740,-0.43297,0.89131,
1787040859300004864,27.46632,55.92217,-0.06041,0.04977,-0.13568,-0.44009,0.88625,
1787040859500006912,27.42067,55.54662,-0.10269,0.04677,-0.14677,-0.42447,0.89224,
1787040859633338880,27.39879,55.27453,-0.11023,0.03678,-0.12887,-0.41642,0.89924,
1787040859700007936,27.39111,55.14446,-0.09889,0.02408,-0.11631,-0.41768,0.90080,
1787040859766673152,27.38829,54.98984,-0.09369,0.00432,-0.10580,-0.42287,0.89998,
1787040859833341952,27.38680,54.82934,-0.08601,-0.01682,-0.11153,-0.43209,0.89475,
1787040859900005120,27.37920,54.68406,-0.09046,-0.03874,-0.11904,-0.43053,0.89385,
1787040859966672896,27.38716,54.50623,-0.10717,-0.06456,-0.11959,-0.42547,0.89471,
1787040860033338112,27.38360,54.39486,-0.12806,-0.08450,-0.11993,-0.41779,0.89662,
1787040860233339904,27.39468,53.89568,-0.13723,-0.10829,-0.13407,-0.42474,0.88876,
1787040860366673920,27.38803,53.61615,-0.11129,-0.10035,-0.14497,-0.44213,0.87945,
1787040860433339136,27.38565,53.50821,-0.13318,-0.08690,-0.15362,-0.45687,0.87185,
1787040860500006912,27.37258,53.41201,-0.17848,-0.06970,-0.15799,-0.45725,0.87241,
1787040860566673152,27.37321,53.24989,-0.20445,-0.05566,-0.16181,-0.45853,0.87205,
1787040860633338880,27.38233,53.04420,-0.23236,-0.04818,-0.16806,-0.45988,0.87060,
1787040860700006912,27.37938,52.91378,-0.24583,-0.04990,-0.16557,-0.46837,0.86644,
1787040860766673920,27.38728,52.75659,-0.24874,-0.05273,-0.14732,-0.48054,0.86290,
1787040860833338880,27.39608,52.61376,-0.23862,-0.05258,-0.13296,-0.49301,0.85819,
1787040860900007936,27.40561,52.47657,-0.22463,-0.05558,-0.13219,-0.51336,0.84611,
1787040860966672896,27.41897,52.34478,-0.21720,-0.05573,-0.12608,-0.52615,0.83915,
1787040861100006144,27.44961,52.06343,-0.24394,-0.05335,-0.11045,-0.52975,0.83924,
1787040861300007936,27.49296,51.66424,-0.27017,-0.04201,-0.11968,-0.51920,0.84519,
1787040861433339136,27.50767,51.42777,-0.23626,-0.02659,-0.11538,-0.51409,0.84953,
1787040861566672128,27.50517,51.21242,-0.22022,-0.01637,-0.11697,-0.50015,0.85784,
1787040861633339904,27.50107,51.12355,-0.21912,-0.01265,-0.12303,-0.48633,0.86498,
1787040861700005888,27.49668,51.01309,-0.23837,-0.00926,-0.12555,-0.47439,0.87127,
1787040861900007936,27.50009,50.57564,-0.25138,-0.01031,-0.11548,-0.46120,0.87969,
1787040861966675968,27.50455,50.45461,-0.23616,-0.01827,-0.11334,-0.47936,0.87008,
1787040862033339904,27.51573,50.32602,-0.22389,-0.02117,-0.11237,-0.50292,0.85673,
1787040862100006144,27.52277,50.21206,-0.22190,-0.01835,-0.10100,-0.51163,0.85305,
1787040862300007168,27.53673,49.86363,-0.26347,-0.00896,-0.09911,-0.49127,0.86530,
1787040862366672128,27.53916,49.74635,-0.26436,-0.00244,-0.10931,-0.47222,0.87467,
1787040862433339136,27.55323,49.57722,-0.25423,0.00976,-0.12188,-0.46077,0.87906,
1787040862500006912,27.55079,49.46982,-0.23626,0.02327,-0.12264,-0.45487,0.88177,
1787040862566673152,27.55042,49.33327,-0.22006,0.03196,-0.12986,-0.45692,0.87940,
1787040862633341184,27.54207,49.23586,-0.21459,0.04013,-0.14018,-0.45283,0.87959,
1787040862700005888,27.54051,49.11379,-0.21853,0.04702,-0.15285,-0.44317,0.88206,
1787040862766671872,27.53362,49.01554,-0.23676,0.05306,-0.16089,-0.43288,0.88539,
1787040862833338880,27.53045,48.88608,-0.25431,0.05889,-0.16613,-0.41774,0.89131,
1787040862966671872,27.51309,48.62781,-0.25173,0.05397,-0.16491,-0.42273,0.88949,
1787040863033338112,27.51133,48.48003,-0.23600,0.04769,-0.17634,-0.44958,0.87436,
1787040863100007168,27.52770,48.31173,-0.21612,0.04605,-0.17872,-0.48335,0.85575,
1787040863166672896,27.53058,48.21939,-0.21250,0.04633,-0.16734,-0.49666,0.85040,
1787040863233339136,27.54078,48.08196,-0.22271,0.04522,-0.15349,-0.49895,0.85173,
1787040863366673920,27.54636,47.82951,-0.25862,0.03765,-0.14804,-0.49090,0.85772,
1787040863500005888,27.53838,47.57953,-0.25379,0.04020,-0.17429,-0.49133,0.85241,
1787040863566673152,27.52395,47.46589,-0.23924,0.04931,-0.17604,-0.50708,0.84228,
1787040863633338880,27.49981,47.35789,-0.23171,0.05466,-0.19232,-0.52626,0.82648,
1787040863700006912,27.47005,47.27483,-0.23498,0.05800,-0.20842,-0.53005,0.81990,
1787040863766674944,27.42955,47.21741,-0.24056,0.06237,-0.22193,-0.53177,0.81491,
1787040863900006912,27.37907,47.02442,-0.27427,0.07274,-0.22583,-0.49919,0.83338,
1787040863966672896,27.35145,46.90776,-0.28308,0.08677,-0.21188,-0.47550,0.84940,
1787040864033338112,27.32413,46.84791,-0.26021,0.09729,-0.18649,-0.45916,0.86309,
1787040864100007168,27.29633,46.74418,-0.24030,0.10214,-0.16981,-0.43931,0.87621,
1787040864233339904,27.24048,46.54275,-0.20424,0.09031,-0.18046,-0.43595,0.87706,
1787040864366672128,27.19482,46.33258,-0.21604,0.10020,-0.16267,-0.41847,0.88791,
1787040864433339136,27.17042,46.21702,-0.23055,0.10213,-0.15853,-0.40597,0.89422,
1787040864566673152,27.10966,45.98252,-0.22485,0.10452,-0.16552,-0.38806,0.90061,
1787040864700009216,27.03581,45.77901,-0.18033,0.11288,-0.17130,-0.39794,0.89418,
1787040864766673152,26.99203,45.66587,-0.16820,0.11807,-0.18062,-0.39089,0.89478,
1787040864833338112,26.94678,45.56968,-0.17021,0.12173,-0.19001,-0.38056,0.89680,
1787040864900012032,26.90243,45.49045,-0.18056,0.12322,-0.19431,-0.36867,0.90063,
1787040865033339136,26.80348,45.31078,-0.20130,0.12963,-0.19523,-0.35222,0.90610,
1787040865233340928,26.64158,45.01503,-0.16220,0.13070,-0.19710,-0.36457,0.90064,
1787040865300007168,26.59447,44.92361,-0.14565,0.13257,-0.20157,-0.37949,0.89319,
1787040865366672896,26.55134,44.82512,-0.14393,0.14159,-0.19979,-0.39119,0.88713,
1787040865433339136,26.50874,44.74286,-0.15405,0.15262,-0.18965,-0.39776,0.88461,
1787040865566673920,26.40665,44.52704,-0.18747,0.16121,-0.18843,-0.40456,0.88025,
1787040865700005888,26.29785,44.33195,-0.18143,0.17511,-0.21108,-0.40808,0.87078,
1787040865766673920,26.24016,44.29537,-0.19319,0.18529,-0.22297,-0.42510,0.85746,
1787040865833339904,26.16421,44.19459,-0.18092,0.19228,-0.24696,-0.44643,0.83830,
1787040865900006144,26.10127,44.14764,-0.18054,0.20154,-0.26515,-0.44846,0.82943,
1787040865966671872,26.03699,44.04797,-0.18825,0.20992,-0.27772,-0.44485,0.82517,
1787040866033339136,25.96788,43.95986,-0.20348,0.21580,-0.28870,-0.43917,0.82293,
1787040866166675200,25.82670,43.79540,-0.22716,0.22250,-0.29240,-0.43110,0.82411,
1787040866300005888,25.69064,43.62585,-0.19848,0.21853,-0.27551,-0.42612,0.83353,
1787040866433339136,25.57814,43.45708,-0.15934,0.20682,-0.26401,-0.43504,0.83562,
1787040866500005120,25.51441,43.35598,-0.17046,0.20801,-0.24662,-0.43463,0.84084,
1787040866566673152,25.44961,43.24228,-0.18548,0.21170,-0.22897,-0.43184,0.84633,
1787040866633339904,25.38952,43.14742,-0.20464,0.21387,-0.21964,-0.42281,0.85279,
1787040866700006912,25.33962,43.07565,-0.21603,0.21652,-0.21874,-0.41072,0.85824,
1787040866766671872,25.27853,42.98365,-0.21263,0.22464,-0.22458,-0.39140,0.86366,
1787040866833338880,25.21591,42.89446,-0.19627,0.23292,-0.23003,-0.39863,0.85670,
1787040866966674176,25.08154,42.73915,-0.16479,0.24277,-0.25127,-0.40104,0.84681,
1787040867033339136,25.01849,42.67082,-0.16651,0.24331,-0.26613,-0.39551,0.84472,
1787040867166671872,24.88529,42.52428,-0.19415,0.24168,-0.27682,-0.38377,0.84716,
1787040867300007168,24.74377,42.36931,-0.20985,0.23943,-0.26881,-0.37043,0.85627,
1787040867500006912,24.54502,42.12905,-0.16081,0.23259,-0.27286,-0.38942,0.84841,
1787040867633338880,24.43408,41.97787,-0.15595,0.24365,-0.25765,-0.39216,0.84880,
1787040867833338880,24.24931,41.71489,-0.18377,0.24621,-0.25557,-0.37605,0.85595,
1787040867966672896,24.11530,41.51722,-0.14221,0.24779,-0.25017,-0.38904,0.85127,
1787040868033339136,24.04729,41.41821,-0.11720,0.24801,-0.24939,-0.40380,0.84454,
1787040868166671872,23.91093,41.27434,-0.10693,0.23524,-0.26288,-0.41481,0.83875,
1787040868300007168,23.76671,41.11276,-0.13820,0.22028,-0.26105,-0.41772,0.84193,
1787040868433339136,23.62241,40.97293,-0.15946,0.21059,-0.24377,-0.41211,0.85229,
1787040868500006912,23.54782,40.89704,-0.15166,0.19979,-0.23941,-0.41756,0.85347,
1787040868633338880,23.40778,40.72513,-0.11488,0.18068,-0.23470,-0.43375,0.85096,
1787040868700005888,23.35158,40.64774,-0.10929,0.17352,-0.22181,-0.43740,0.85403,
1787040868766671872,23.29648,40.57350,-0.11652,0.16828,-0.20641,-0.43793,0.85866,
1787040868900006144,23.17116,40.40428,-0.14096,0.17052,-0.19152,-0.42389,0.86866,
1787040868966672896,23.10909,40.31970,-0.14245,0.17619,-0.19181,-0.41363,0.87240,
1787040869033339136,23.04892,40.23906,-0.13032,0.18311,-0.19967,-0.42099,0.86566,
1787040869166673920,22.91519,40.08065,-0.09295,0.18808,-0.22082,-0.43503,0.85241,
1787040869300007936,22.78625,39.93148,-0.09945,0.18930,-0.23982,-0.42933,0.84990,
1787040869566673152,22.52270,39.58861,-0.12647,0.18329,-0.23067,-0.43625,0.85022,
1787040869633341184,22.47581,39.51144,-0.10814,0.17513,-0.22946,-0.44724,0.84656,
1787040869700006912,22.42840,39.42498,-0.09044,0.16700,-0.22648,-0.46176,0.84118,
1787040869833338880,22.33615,39.24301,-0.08919,0.16698,-0.20192,-0.46586,0.84517,
1787040869966678016,22.23630,39.05379,-0.11995,0.16925,-0.19170,-0.45083,0.85519,
1787040870033339136,22.18384,38.95785,-0.12140,0.17037,-0.19426,-0.43448,0.86282,
1787040870166673920,22.07195,38.75911,-0.08909,0.17662,-0.20562,-0.42996,0.86119,
1787040870233339136,22.01237,38.67042,-0.07004,0.17813,-0.21410,-0.43892,0.85427,
1787040870300005888,21.94738,38.56896,-0.06481,0.17632,-0.22858,-0.45071,0.84470,
1787040870366672128,21.88728,38.47445,-0.07581,0.17643,-0.24301,-0.45843,0.83646,
1787040870566673920,21.69819,38.19469,-0.11392,0.17067,-0.24716,-0.45884,0.83622,
1787040870700006912,21.57170,37.99784,-0.09519,0.15715,-0.23620,-0.45743,0.84278,
1787040870766671872,21.51692,37.90651,-0.07678,0.14492,-0.24075,-0.46456,0.83978,
1787040870900006144,21.42252,37.70669,-0.06187,0.14442,-0.22921,-0.46513,0.84277,
1787040870966671872,21.38278,37.62750,-0.07098,0.14909,-0.21985,-0.45181,0.85165,
1787040871033339136,21.33340,37.52265,-0.08481,0.15213,-0.21701,-0.43336,0.86137,
1787040871100007168,21.29214,37.43362,-0.09107,0.15105,-0.21182,-0.41593,0.87139,
1787040871166672896,21.24184,37.31451,-0.08428,0.15309,-0.20679,-0.40637,0.87673,
1787040871366673920,21.08368,37.01117,-0.03645,0.16097,-0.21664,-0.41523,0.86876,
1787040871433340160,21.02576,36.91231,-0.04107,0.16685,-0.22664,-0.41996,0.86280,
1787040871566672128,20.91199,36.72014,-0.07497,0.17604,-0.23440,-0.41895,0.85939,
1787040871766673152,20.72939,36.40927,-0.08132,0.16622,-0.21703,-0.42075,0.86501,
1787040871900006912,20.62469,36.22269,-0.04281,0.15273,-0.21354,-0.42762,0.86500,
1787040872033339136,20.53560,36.02744,-0.04307,0.15666,-0.19067,-0.42096,0.87286,
1787040872100004864,20.48837,35.93193,-0.06218,0.15326,-0.18032,-0.41410,0.87893,
1787040872166672896,20.44044,35.83551,-0.07934,0.14655,-0.17398,-0.40129,0.88726,
1787040872233338112,20.39068,35.73193,-0.08260,0.14132,-0.17184,-0.38948,0.89376,
1787040872433339136,20.23298,35.40652,-0.03484,0.13160,-0.16617,-0.40946,0.88736,
1787040872566673152,20.10762,35.29435,-0.04309,0.11820,-0.17769,-0.40459,0.88925,
1787040872766671872,19.95536,34.92924,-0.08829,0.10790,-0.18161,-0.39801,0.89273,
1787040872900006144,19.85497,34.70453,-0.06671,0.09658,-0.17381,-0.40801,0.89106,
1787040872966672896,19.81737,34.58159,-0.03878,0.09032,-0.17162,-0.43199,0.88078,
1787040873033339136,19.78831,34.47745,-0.02752,0.08847,-0.16465,-0.45458,0.87088,
1787040873100013056,19.75760,34.36790,-0.03448,0.08621,-0.15167,-0.46531,0.86779,
1787040873233339136,19.70264,34.14159,-0.06731,0.08085,-0.13562,-0.45944,0.87406,
1787040873366672128,19.64258,33.91792,-0.06805,0.06988,-0.15596,-0.43445,0.88433,
1787040873500005888,19.57301,33.71426,-0.03257,0.05632,-0.16077,-0.43546,0.88394,
1787040873633338880,19.49989,33.52361,-0.02820,0.03949,-0.17167,-0.42690,0.88698,
1787040873766673920,19.42797,33.30183,-0.06309,0.03041,-0.17362,-0.41027,0.89477,
1787040873900005120,19.36237,33.07034,-0.07262,0.00927,-0.15967,-0.40136,0.90185,
1787040873966671872,19.32267,32.95566,-0.07860,-0.00574,-0.15457,-0.40638,0.90052,
1787040874033339136,19.29490,32.82163,-0.05829,-0.01590,-0.15464,-0.41528,0.89631,
1787040874100004864,19.27710,32.69751,-0.04319,-0.01899,-0.14929,-0.42802,0.89115,
1787040874233338112,19.25219,32.44034,-0.05958,-0.01142,-0.12407,-0.42230,0.89786,
1787040874300005888,19.23952,32.31731,-0.08140,0.00413,-0.12353,-0.41463,0.90156,
1787040874366672896,19.22313,32.20040,-0.09750,0.03915,-0.14227,-0.40711,0.90138,
1787040874433339136,19.20598,32.08308,-0.10215,0.07824,-0.17477,-0.39730,0.89749,
1787040874500006912,19.19717,31.89774,-0.09634,0.10438,-0.19829,-0.39465,0.89109,
1787040874566672128,19.18850,31.74911,-0.07238,0.11339,-0.20760,-0.39429,0.88802,
1787040874633338880,19.16480,31.67685,-0.05018,0.11918,-0.22453,-0.39910,0.88097,
1787040874766670848,19.14211,31.35818,-0.05171,0.12858,-0.24160,-0.39706,0.87603,
1787040874900006912,19.09218,31.21131,-0.09079,0.12967,-0.23898,-0.37087,0.88799,
1787040875033339136,19.05009,30.94319,-0.09734,0.11295,-0.22636,-0.39558,0.88290,
1787040875100006144,19.03065,30.79848,-0.08869,0.09591,-0.22855,-0.43738,0.86444,
1787040875166671872,19.01837,30.65517,-0.07344,0.09155,-0.22392,-0.48555,0.84007,
1787040875233340928,19.01124,30.51507,-0.06711,0.09015,-0.21662,-0.53059,0.81451,
1787040875300005888,19.00197,30.39763,-0.07488,0.08636,-0.21178,-0.55317,0.80106,
1787040875366672896,18.99357,30.27460,-0.09218,0.08463,-0.20761,-0.56982,0.79059,
1787040875500006912,18.98052,30.01060,-0.12876,0.08695,-0.20043,-0.58720,0.77940,
1787040875566672128,18.96822,29.87995,-0.13177,0.09358,-0.20709,-0.59238,0.77294,
1787040875633337856,18.95174,29.73492,-0.12643,0.10254,-0.21891,-0.60597,0.75787,
1787040875700005888,18.92611,29.63594,-0.10835,0.10841,-0.22458,-0.61108,0.75126,
1787040875766673152,18.89958,29.51303,-0.09765,0.10885,-0.23836,-0.61881,0.74055,
1787040875900007936,18.85302,29.26142,-0.10993,0.10409,-0.25643,-0.62188,0.73258,
1787040876033339904,18.79991,29.04496,-0.13696,0.10142,-0.26380,-0.60456,0.74474,
1787040876166672896,18.74566,28.80990,-0.13535,0.08449,-0.24503,-0.60610,0.75197,
1787040876233339136,18.71599,28.70554,-0.12263,0.07145,-0.24299,-0.60712,0.75316,
1787040876300005888,18.68859,28.60645,-0.10480,0.06202,-0.24696,-0.61614,0.74534,
1787040876433339136,18.65157,28.38641,-0.09194,0.06582,-0.23216,-0.61425,0.75131,
1787040876633338880,18.59136,28.04692,-0.12014,0.07224,-0.22421,-0.60483,0.76072,
1787040876700005888,18.56076,27.93751,-0.10982,0.08091,-0.23013,-0.59107,0.76885,
1787040876766671872,18.52073,27.85176,-0.09298,0.08908,-0.23980,-0.59323,0.76331,
1787040876900006144,18.43909,27.68358,-0.06094,0.10318,-0.25715,-0.58346,0.76341,
1787040876966672896,18.39281,27.58876,-0.06156,0.10846,-0.26867,-0.56740,0.77078,
1787040877033339136,18.34307,27.51490,-0.06980,0.11218,-0.27503,-0.55591,0.77636,
1787040877100007168,18.29558,27.42728,-0.07930,0.11774,-0.27213,-0.54281,0.78578,
1787040877166671872,18.25008,27.32732,-0.08635,0.11539,-0.26483,-0.52260,0.80215,
1787040877233338112,18.20253,27.24881,-0.07919,0.10940,-0.23952,-0.49748,0.82654,
1787040877300005888,18.16295,27.12971,-0.06407,0.09987,-0.22496,-0.48085,0.84155,
1787040877366672128,18.12797,27.02151,-0.03896,0.09358,-0.21495,-0.47137,0.85021,
1787040877433339136,18.09785,26.91519,-0.01519,0.08503,-0.20563,-0.46967,0.85434,
1787040877500005888,18.07342,26.82247,-0.00426,0.07538,-0.18824,-0.46055,0.86416,
1787040877566673152,18.04679,26.72030,-0.00620,0.06409,-0.16827,-0.44908,0.87516,
1787040877633338880,18.01709,26.61759,-0.01776,0.05251,-0.15238,-0.43587,0.88546,
1787040877700006912,17.98509,26.51166,-0.03006,0.04517,-0.14221,-0.42034,0.89502,
1787040877833338112,17.92561,26.24026,-0.01031,0.05513,-0.15046,-0.40726,0.89914,
1787040877900006144,17.89290,26.19065,0.00672,0.07337,-0.15458,-0.40141,0.89977,
1787040877966671872,17.85258,26.09124,0.02539,0.08848,-0.15786,-0.40580,0.89587,
1787040878033339136,17.80854,26.00092,0.03073,0.09869,-0.16899,-0.41159,0.89011,
1787040878100007168,17.76041,25.97665,0.01740,0.10590,-0.17981,-0.40731,0.88913,
1787040878233338112,17.65661,25.67657,-0.01156,0.10179,-0.18356,-0.39436,0.89467,
1787040878366672128,17.55765,25.45190,-0.01877,0.10083,-0.16950,-0.38176,0.90297,
1787040878500005888,17.46996,25.21908,0.01393,0.10905,-0.17353,-0.39254,0.89661,
1787040878566673152,17.43466,25.10014,0.02202,0.11249,-0.17371,-0.40696,0.88969,
1787040878700005888,17.37044,24.85042,0.00611,0.12620,-0.15241,-0.40272,0.89368,
1787040878966672896,17.23407,24.35536,-0.01029,0.13554,-0.16570,-0.40195,0.89029,
1787040879033339904,17.19131,24.24987,0.00568,0.14026,-0.16773,-0.42037,0.88061,
1787040879100006144,17.14387,24.12994,0.01730,0.13859,-0.17889,-0.43000,0.87401,
1787040879233339136,17.05660,23.91046,-0.00068,0.12460,-0.19275,-0.41715,0.87938,
1787040879366672128,16.97073,23.67436,-0.04030,0.11005,-0.18700,-0.40782,0.88690,
1787040879433339136,16.92782,23.54985,-0.04767,0.10229,-0.17954,-0.41160,0.88763,
1787040879500005888,16.88885,23.42128,-0.03704,0.09030,-0.16714,-0.42439,0.88533,
1787040879566673152,16.85076,23.29116,-0.02121,0.07972,-0.16255,-0.43427,0.88240,
1787040879633338880,16.81210,23.16322,-0.00668,0.07250,-0.16228,-0.45240,0.87393,
1787040879766671872,16.75804,22.90133,-0.01516,0.06549,-0.13649,-0.46369,0.87297,
1787040879833338880,16.73189,22.77039,-0.02997,0.05552,-0.11873,-0.45752,0.87949,
1787040879900006144,16.70546,22.63578,-0.04326,0.04881,-0.10653,-0.44439,0.88814,
1787040879966671872,16.67716,22.49417,-0.04586,0.04966,-0.10599,-0.43028,0.89508,
1787040880233338112,16.53714,21.97696,-0.00016,0.04935,-0.13109,-0.42873,0.89251,
1787040880366673920,16.45843,21.71425,-0.02793,0.04080,-0.15164,-0.41853,0.89453,
1787040880566673920,16.35858,21.29979,-0.05727,0.04974,-0.13092,-0.40898,0.90173,
1787040880700006912,16.28979,21.01658,-0.02458,0.03463,-0.12709,-0.42310,0.89646,
1787040880766675968,16.25552,20.86916,-0.01246,0.02321,-0.12265,-0.43288,0.89276,
1787040880833338880,16.22465,20.72765,-0.01782,0.01320,-0.11294,-0.43124,0.89504,
1787040880966671872,16.15864,20.44294,-0.05311,0.01685,-0.11066,-0.42023,0.90049,
1787040881033339904,16.12277,20.29483,-0.06957,0.02587,-0.12165,-0.41002,0.90356,
1787040881100007168,16.09370,20.14222,-0.07078,0.03865,-0.13038,-0.40309,0.90500,
1787040881166671872,16.05911,20.00475,-0.05610,0.05343,-0.13806,-0.40774,0.90102,
1787040881233339136,16.02194,19.86499,-0.04200,0.06446,-0.15574,-0.41157,0.89565,
1787040881300005888,15.98121,19.72393,-0.03735,0.06774,-0.17937,-0.40916,0.89209,
1787040881366672896,15.94379,19.57788,-0.04321,0.06880,-0.19481,-0.39977,0.89303,
1787040881500005888,15.86570,19.29704,-0.08440,0.04587,-0.20722,-0.37931,0.90060,
1787040881566673152,15.82899,19.14911,-0.09983,0.03023,-0.20824,-0.37181,0.90415,
1787040881633339904,15.79407,19.00437,-0.10306,0.01542,-0.19850,-0.37024,0.90735,
1787040881700007936,15.76617,18.85919,-0.09628,-0.01127,-0.18276,-0.37098,0.91041,
1787040881766671872,15.74264,18.71517,-0.07840,-0.04082,-0.16588,-0.37559,0.91091,
1787040881833338880,15.72020,18.55815,-0.06338,-0.06734,-0.14910,-0.39504,0.90398,
1787040881900006144,15.69869,18.40516,-0.06047,-0.08554,-0.13299,-0.41395,0.89646,
1787040881966672896,15.67600,18.25147,-0.07382,-0.09163,-0.11578,-0.42304,0.89400,
1787040882233338112,15.57161,17.60789,-0.11686,-0.08764,-0.11756,-0.43627,0.88779,
1787040882300005888,15.55203,17.33692,-0.10584,-0.06801,-0.12464,-0.45379,0.87973,
1787040882366672896,15.50945,17.26083,-0.09049,-0.04141,-0.13955,-0.46902,0.87111,
1787040882433339136,15.46784,17.10654,-0.09150,-0.01327,-0.15985,-0.47085,0.86751,
1787040882500006912,15.42705,16.94373,-0.10593,0.01439,-0.17170,-0.46414,0.86884,
1787040882566673152,15.38580,16.79940,-0.12233,0.04103,-0.17780,-0.45500,0.87159,
1787040882633338880,15.34244,16.63838,-0.13806,0.05627,-0.18046,-0.45104,0.87226,
1787040882833339904,15.21418,16.13934,-0.12902,0.07323,-0.15941,-0.45170,0.87475,
1787040882900006912,15.17239,15.98828,-0.11151,0.07101,-0.16462,-0.47085,0.86381,
1787040882966674944,15.12863,15.90431,-0.10048,0.07359,-0.16644,-0.48661,0.85445,
1787040883100007168,15.04340,15.61361,-0.12437,0.08240,-0.16177,-0.49670,0.84872,
1787040883233338112,14.94550,15.32184,-0.15046,0.08847,-0.17487,-0.48049,0.85482,
1787040883300004864,14.88641,15.19342,-0.14265,0.09898,-0.19098,-0.47117,0.85541,
1787040883366672896,14.82469,15.04839,-0.12889,0.11461,-0.20623,-0.46413,0.85377,
1787040883433339136,14.75712,14.91341,-0.11037,0.13012,-0.21730,-0.46742,0.84698,
1787040883500005888,14.68910,14.79301,-0.09679,0.14867,-0.23442,-0.46504,0.84065,
1787040883566673152,14.62415,14.67897,-0.09881,0.17344,-0.24627,-0.44734,0.84212,
1787040883633338880,14.55755,14.55439,-0.10966,0.19266,-0.25559,-0.43033,0.84402,
1787040883700005888,14.49151,14.44389,-0.12040,0.20790,-0.25644,-0.40970,0.85039,
1787040883766673920,14.42177,14.34114,-0.12316,0.21806,-0.25319,-0.39679,0.85493,
1787040883833338880,14.35004,14.33500,-0.10594,0.22521,-0.24766,-0.38354,0.86072,
1787040883900006144,14.27923,14.22798,-0.08725,0.23300,-0.24466,-0.37401,0.86370,
1787040884033338112,14.12940,13.92918,-0.04732,0.24103,-0.25053,-0.38612,0.85443,
1787040884166672896,13.98623,13.64628,-0.05820,0.25320,-0.23272,-0.37905,0.85910,
1787040884300007936,13.84255,13.38605,-0.08011,0.25865,-0.22101,-0.36946,0.86473,
1787040884366672128,13.76200,13.25800,-0.07263,0.26729,-0.22831,-0.37363,0.85839,
1787040884433337856,13.67515,13.13808,-0.05888,0.27261,-0.24811,-0.38266,0.84717,
1787040884500005888,13.58425,13.01804,-0.04051,0.27423,-0.25974,-0.39223,0.83874,
1787040884566673152,13.49054,12.89788,-0.03161,0.27121,-0.27115,-0.40311,0.83092,
1787040884766673920,13.22265,12.55973,-0.06987,0.27133,-0.27617,-0.38467,0.83794,
1787040884900007936,13.03129,12.32559,-0.07292,0.25556,-0.26226,-0.38565,0.84687,
1787040884966672896,12.94119,12.22004,-0.06317,0.24427,-0.25980,-0.39298,0.84759,
1787040885033338112,12.85513,12.10890,-0.04833,0.23295,-0.25801,-0.41622,0.84019,
1787040885100007936,12.76962,11.98363,-0.04141,0.22757,-0.24712,-0.43888,0.83339,
1787040885166672896,12.68632,11.86102,-0.04571,0.22360,-0.23334,-0.44982,0.83260,
1787040885233339136,12.60187,11.73186,-0.06325,0.22059,-0.22163,-0.45638,0.83303,
1787040885433339136,12.34541,11.32842,-0.08620,0.23840,-0.22563,-0.45300,0.82888,
1787040885500005888,12.25881,11.20540,-0.06996,0.24962,-0.23008,-0.45375,0.82393,
1787040885633339904,12.07177,10.94260,-0.03805,0.25313,-0.24629,-0.44262,0.82423,
1787040885700006912,11.99823,10.85795,-0.03856,0.25111,-0.25466,-0.42859,0.82970,
1787040885833338880,11.83335,10.64127,-0.07575,0.23928,-0.26120,-0.40406,0.84336,
1787040885900006144,11.75276,10.53175,-0.08626,0.22615,-0.26104,-0.40336,0.84736,
1787040885966674176,11.67173,10.41547,-0.08682,0.21324,-0.24878,-0.40862,0.85186,
1787040886033338112,11.58999,10.29624,-0.07544,0.19908,-0.24273,-0.41982,0.85159,
1787040886100006144,11.50777,10.17084,-0.05765,0.19097,-0.24727,-0.43430,0.84485,
1787040886166672896,11.43163,10.04685,-0.04285,0.19088,-0.24447,-0.45022,0.83732,
1787040886233338112,11.36241,9.92695,-0.04347,0.19441,-0.22931,-0.45636,0.83747,
1787040886366672128,11.20933,9.66974,-0.07295,0.19909,-0.20967,-0.45936,0.83988,
1787040886500005888,11.05507,9.41653,-0.08156,0.20118,-0.21965,-0.43316,0.85068,
1787040886633338880,10.88857,9.16826,-0.04189,0.19827,-0.23040,-0.44097,0.84448,
1787040886700005888,10.81984,9.08781,-0.02211,0.19441,-0.24569,-0.43466,0.84434,
1787040886766673920,10.75238,9.00255,-0.01729,0.19361,-0.25141,-0.41874,0.85086,
1787040886833338880,10.67731,8.89295,-0.02643,0.19225,-0.25310,-0.40489,0.85735,
1787040886900006912,10.60781,8.79163,-0.04191,0.18689,-0.24960,-0.38980,0.86651,
1787040886966674944,10.52967,8.68016,-0.05259,0.17592,-0.24626,-0.37907,0.87448,
1787040887033339136,10.45074,8.56479,-0.05193,0.16591,-0.23718,-0.37518,0.88060,
1787040887166671872,10.29147,8.30892,-0.02365,0.16110,-0.23429,-0.39172,0.87505,
1787040887233338112,10.21994,8.17392,-0.00930,0.16584,-0.23622,-0.41054,0.86496,
1787040887300007168,10.15503,8.05598,-0.00524,0.16300,-0.23474,-0.42412,0.85933,
1787040887433339136,10.01661,7.79183,-0.02991,0.16806,-0.21395,-0.42808,0.86182,
1787040887566673920,9.87566,7.52933,-0.04852,0.18935,-0.21701,-0.41701,0.86206,
1787040887633338880,9.80946,7.40593,-0.03679,0.19967,-0.22503,-0.41912,0.85664,
1787040887700005888,9.73882,7.27366,-0.01822,0.20777,-0.22283,-0.42878,0.85049,
1787040887766671872,9.67604,7.18402,0.00254,0.21237,-0.23096,-0.43681,0.84306,
1787040887833338112,9.60215,7.06996,0.00624,0.21759,-0.24687,-0.43146,0.83997,
1787040887900006144,9.53200,6.97124,-0.00195,0.21729,-0.26610,-0.42471,0.83761,
1787040888033339136,9.37724,6.74205,-0.03315,0.21799,-0.28129,-0.41642,0.83663,
1787040888166672896,9.23145,6.51091,-0.03339,0.21740,-0.26667,-0.41689,0.84132,
1787040888233338112,9.15703,6.37530,-0.01738,0.21101,-0.25734,-0.41376,0.84738,
1787040888500005888,8.89488,5.88132,0.00461,0.22498,-0.24341,-0.40508,0.85208,
1787040888633337856,8.77448,5.64672,-0.01177,0.24144,-0.23958,-0.39058,0.85543,
1787040888700006912,8.71385,5.52051,-0.00652,0.25026,-0.24725,-0.38034,0.85532,
1787040888766671872,8.64954,5.40657,0.00497,0.26053,-0.25084,-0.39176,0.84601,
1787040888833338112,8.58211,5.28673,0.01660,0.26672,-0.25994,-0.41202,0.83158,
1787040888900006912,8.50605,5.17668,0.02527,0.26770,-0.27695,-0.42831,0.81743,
1787040888966672896,8.42509,5.05185,0.02051,0.26504,-0.29226,-0.43809,0.80772,
1787040889166672896,8.18837,4.72148,-0.01458,0.25711,-0.29758,-0.42643,0.81455,
1787040889233338112,8.11142,4.64388,-0.00585,0.25842,-0.28145,-0.42059,0.82287,
1787040889300007168,8.02322,4.51178,0.00518,0.25821,-0.26920,-0.41245,0.83111,
1787040889633337856,7.63682,3.91823,0.01845,0.27364,-0.25425,-0.41522,0.82950,
1787040889833339904,7.38759,3.58099,0.00611,0.27811,-0.27400,-0.42483,0.81676,
1787040889900006144,7.29852,3.47886,0.01371,0.28543,-0.28257,-0.43272,0.80712,
1787040889966674176,7.20184,3.37905,0.02495,0.28759,-0.29495,-0.44956,0.79259,
1787040890033339136,7.09695,3.25905,0.02520,0.28492,-0.30824,-0.46696,0.77830,
1787040890166672896,6.89232,3.00939,-0.00394,0.27235,-0.32006,-0.48310,0.76811,
1787040890300007168,6.69521,2.79919,-0.03106,0.25779,-0.31769,-0.49857,0.76423,
1787040890366673920,6.59469,2.69530,-0.02612,0.24779,-0.30127,-0.50674,0.76880,
1787040890433337856,6.50250,2.61674,-0.01564,0.23512,-0.29332,-0.51702,0.76901,
1787040890500005888,6.43103,2.56819,0.00075,0.22676,-0.29990,-0.52958,0.76039,
1787040890566672128,6.35827,2.50181,0.01512,0.22473,-0.29956,-0.54372,0.75108,
1787040890700005888,6.18115,2.28661,0.00779,0.23127,-0.28096,-0.54672,0.75410,
1787040890833338880,6.00937,2.09868,-0.00886,0.24121,-0.28698,-0.53050,0.76028,
1787040890900005120,5.91285,1.99098,-0.00276,0.25121,-0.29868,-0.50971,0.76673,
1787040890966674176,5.82327,1.89515,0.01791,0.26219,-0.31400,-0.49374,0.76739,
1787040891033339136,5.72600,1.78203,0.04187,0.27361,-0.31127,-0.47613,0.77560,
1787040891100004864,5.66511,1.74291,0.06357,0.27879,-0.32082,-0.46693,0.77545,
1787040891166671872,5.56957,1.64384,0.07155,0.28734,-0.32777,-0.45220,0.77815,
1787040891233339136,5.49589,1.58179,0.06885,0.29626,-0.33758,-0.43917,0.77807,
1787040891300004864,5.39772,1.47462,0.05605,0.30454,-0.34264,-0.43060,0.77746,
1787040891433339136,5.22561,1.30584,0.04169,0.31585,-0.33730,-0.41793,0.78218,
1787040891500006912,5.15423,1.24315,0.04797,0.31947,-0.32451,-0.41449,0.78793,
1787040891566672128,5.06827,1.15159,0.06080,0.32326,-0.31415,-0.40494,0.79551,
1787040891766673152,4.82421,0.85413,0.09918,0.33071,-0.29318,-0.40781,0.79898,
1787040891900006144,4.68702,0.68704,0.07962,0.34573,-0.27051,-0.39847,0.80531,
1787040892033339136,4.51552,0.47495,0.07263,0.35863,-0.27999,-0.37711,0.80671,
1787040892100004864,4.43494,0.38013,0.08023,0.36598,-0.29024,-0.37202,0.80214,
1787040892166673920,4.35556,0.29177,0.09364,0.37364,-0.29858,-0.37661,0.79335,
1787040892233338112,4.28163,0.23299,0.10427,0.37668,-0.31774,-0.38479,0.78044,
1787040892300005888,4.19249,0.15514,0.10785,0.37612,-0.34019,-0.39203,0.76754,
1787040892366672896,4.10348,0.07910,0.10220,0.37572,-0.36109,-0.38960,0.75938,
1787040892500005888,3.92111,-0.08073,0.07486,0.38443,-0.37254,-0.38332,0.75266,
1787040892766673152,3.53931,-0.43313,0.10663,0.37562,-0.38588,-0.39408,0.74479,
1787040892833338880,3.46636,-0.50814,0.11998,0.35979,-0.37235,-0.41082,0.75042,
1787040892900006144,3.39147,-0.59235,0.12314,0.32062,-0.34593,-0.42900,0.77039,
1787040892966674176,3.30744,-0.68959,0.11871,0.27817,-0.31442,-0.43970,0.79399,
1787040893033338112,3.22639,-0.77541,0.10754,0.24562,-0.29185,-0.43613,0.81503,
1787040893100007168,3.12618,-0.88160,0.09536,0.22062,-0.28898,-0.42461,0.82917,
1787040893166673920,3.04031,-0.96006,0.09037,0.20727,-0.28818,-0.42043,0.83500,
1787040893233339136,2.93663,-1.05915,0.09400,0.20687,-0.30010,-0.43100,0.82546,
1787040893300007168,2.85303,-1.11944,0.10460,0.23311,-0.30815,-0.42680,0.81765,
1787040893366672896,2.76945,-1.17368,0.11444,0.27623,-0.33645,-0.42425,0.79405,
1787040893433340160,2.69135,-1.21595,0.11560,0.32193,-0.36745,-0.41298,0.76863,
1787040893500005120,2.60446,-1.27294,0.10813,0.35542,-0.39606,-0.39465,0.74904,
1787040893566673152,2.51148,-1.34072,0.09562,0.38393,-0.41364,-0.37504,0.73542,
1787040893633338880,2.41782,-1.40489,0.08071,0.40676,-0.42596,-0.36272,0.72218,
1787040893700005888,2.33571,-1.45087,0.07056,0.42411,-0.43534,-0.34834,0.71363,
1787040893766673152,2.23589,-1.51972,0.06719,0.43550,-0.43527,-0.33672,0.71239,
1787040893900006912,2.04427,-1.66086,0.08199,0.43761,-0.44931,-0.33274,0.70420,
1787040894033339904,1.84496,-1.83036,0.08621,0.45110,-0.45748,-0.34228,0.68562,
1787040894166672896,1.63383,-2.01044,0.06135,0.46666,-0.46817,-0.33960,0.66912,
1787040894233339136,1.54381,-2.08114,0.04734,0.47191,-0.47831,-0.33435,0.66086,
1787040894300005888,1.44740,-2.16330,0.03962,0.47983,-0.48538,-0.32396,0.65515,
1787040894366672896,1.36438,-2.22570,0.04228,0.49186,-0.49464,-0.30452,0.64859,
1787040894433337856,1.27607,-2.28971,0.05092,0.50606,-0.50440,-0.28714,0.63799,
1787040894500006912,1.17769,-2.35885,0.05794,0.52025,-0.51703,-0.27246,0.62272,
1787040894566672128,1.10172,-2.39467,0.06196,0.52830,-0.53688,-0.26802,0.60069,
1787040894633338880,1.01882,-2.44003,0.05912,0.53843,-0.55091,-0.25823,0.58302,
1787040894700005120,0.94812,-2.46747,0.04992,0.54638,-0.56792,-0.24040,0.56670,
1787040894766671872,0.89302,-2.47613,0.03895,0.55633,-0.57900,-0.22179,0.55324,
1787040894833338880,0.81919,-2.50384,0.02637,0.56420,-0.58627,-0.20878,0.54256,
1787040894900006912,0.72899,-2.54430,0.01655,0.56940,-0.59115,-0.19272,0.53776,
1787040895033339136,0.56797,-2.60006,0.01289,0.56444,-0.59367,-0.18133,0.54414,
1787040895166672896,0.38677,-2.67569,0.01868,0.55879,-0.61176,-0.17886,0.53057,
1787040895233338112,0.31655,-2.68991,0.01954,0.56339,-0.61742,-0.17907,0.51896,
1787040895300005888,0.24715,-2.70146,0.01521,0.57505,-0.62707,-0.17309,0.49613,
1787040895366672128,0.16396,-2.72045,0.00321,0.59146,-0.63876,-0.16303,0.46430,
1787040895433337856,0.09050,-2.73089,-0.01196,0.60511,-0.65243,-0.14654,0.43210,
1787040895500006912,0.01879,-2.74179,-0.02527,0.61838,-0.66438,-0.12605,0.40041,
1787040895566672128,-0.05132,-2.75456,-0.03230,0.63419,-0.67128,-0.09874,0.37072,
1787040895633339904,-0.11606,-2.76358,-0.03045,0.64860,-0.67618,-0.06924,0.34250,
1787040895700005120,-0.17074,-2.76647,-0.02519,0.66502,-0.67719,-0.04568,0.31155,
1787040895766671872,-0.21862,-2.76327,-0.02130,0.68059,-0.67911,-0.01858,0.27433,
1787040895833339904,-0.27232,-2.75933,-0.02038,0.69193,-0.68219,0.00656,0.23623,
1787040895900006912,-0.33355,-2.75548,-0.02336,0.69706,-0.68721,0.02628,0.20287,
1787040895966674176,-0.37693,-2.74199,-0.02713,0.70078,-0.68976,0.04651,0.17600,
1787040896033339136,-0.41980,-2.72677,-0.03402,0.70400,-0.69027,0.06473,0.15404,
1787040896100007168,-0.45212,-2.70588,-0.03957,0.70840,-0.68784,0.08146,0.13569,
1787040896166673920,-0.48176,-2.67895,-0.04045,0.71401,-0.68276,0.09663,0.12121,
1787040896233339136,-0.49440,-2.63999,-0.03880,0.71444,-0.68332,0.10443,0.10842,
1787040896300005888,-0.52424,-2.60885,-0.04062,0.70958,-0.68895,0.11529,0.09248,
1787040896366672128,-0.54090,-2.57003,-0.03784,0.70570,-0.69403,0.12219,0.07342,
1787040896433340160,-0.55497,-2.53225,-0.03492,0.70358,-0.69752,0.12414,0.05501,
1787040896500005888,-0.55465,-2.49221,-0.03304,0.70233,-0.69908,0.12888,0.03760,
1787040896566672128,-0.56639,-2.45431,-0.03457,0.70309,-0.69764,0.13706,0.01283,
1787040896633338880,-0.58097,-2.41784,-0.03850,0.70135,-0.69875,0.14039,-0.01216,
1787040896700005120,-0.60745,-2.38242,-0.04353,0.69777,-0.69972,0.14958,-0.03350,
1787040896766671872,-0.62289,-2.35455,-0.04484,0.69453,-0.69824,0.16453,-0.05499,
1787040896833338880,-0.66084,-2.31674,-0.04240,0.69436,-0.69435,0.17291,-0.07639,
1787040896900006144,-0.68819,-2.28559,-0.03982,0.69286,-0.69303,0.17535,-0.09432,
1787040896966672896,-0.70923,-2.25522,-0.04049,0.68503,-0.69828,0.17871,-0.10582,
1787040897100004864,-0.73289,-2.21076,-0.04186,0.67519,-0.70178,0.19453,-0.11741,
1787040897233339136,-0.74307,-2.17278,-0.04753,0.66897,-0.70296,0.20264,-0.13141,
1787040897633338880,-0.66935,-2.10145,-0.06047,0.66530,-0.70777,0.20712,-0.11637,
1787040897700005120,-0.63440,-2.08660,-0.06286,0.66110,-0.71413,0.20624,-0.10217,
1787040897766671872,-0.60076,-2.06906,-0.06292,0.65921,-0.71873,0.20294,-0.08760,
1787040897833338880,-0.57312,-2.04617,-0.06441,0.65930,-0.72206,0.19638,-0.07340,
1787040897900006912,-0.54684,-2.02378,-0.06699,0.65555,-0.72770,0.19270,-0.05971,
1787040898033339136,-0.50863,-1.98810,-0.06965,0.64798,-0.73724,0.18721,-0.03950,
1787040898166672896,-0.48403,-1.95871,-0.07155,0.63851,-0.74624,0.18606,-0.02868,
1787040898433339136,-0.46516,-1.93692,-0.07279,0.63986,-0.74081,0.20176,-0.03276,
1787040898500005120,-0.48286,-1.96736,-0.04344,0.64898,-0.73110,0.20623,-0.04234,
1787040898566672128,-0.49714,-1.96283,-0.03062,0.66210,-0.71738,0.20992,-0.05410,
1787040898633338880,-0.51296,-1.96099,-0.02276,0.67766,-0.70182,0.21081,-0.06154,
1787040898700006912,-0.52335,-1.96123,-0.01141,0.69547,-0.68510,0.20724,-0.06330,
1787040898766673152,-0.53087,-1.96230,0.00245,0.71773,-0.66382,0.20101,-0.06169,
1787040898833338112,-0.53606,-1.96827,0.01588,0.74010,-0.64074,0.19542,-0.05923,
1787040898900006144,-0.53813,-1.97610,0.02795,0.76661,-0.61211,0.18596,-0.05511,
1787040898966672896,-0.53815,-1.98258,0.03830,0.78858,-0.58827,0.17211,-0.04962,
1787040899033339136,-0.53452,-1.98921,0.04723,0.80622,-0.56835,0.15840,-0.04364,
1787040899100004864,-0.52762,-1.99645,0.05307,0.82250,-0.54696,0.15146,-0.03730,
1787040899166671872,-0.52133,-2.00237,0.05698,0.83469,-0.52979,0.14658,-0.03366,
1787040899233339136,-0.51678,-2.00826,0.06040,0.84344,-0.51647,0.14444,-0.03176,
1787040899300005888,-0.51357,-2.01371,0.06326,0.85224,-0.50077,0.14866,-0.02871,
1787040899366672896,-0.51183,-2.01575,0.06581,0.86033,-0.48388,0.15795,-0.02709,
1787040899433339136,-0.51554,-2.02099,0.06644,0.86750,-0.47099,0.15801,-0.02524,
1787040899500005888,-0.51977,-2.03411,0.05343,0.87663,-0.45456,0.15582,-0.02481,
1787040899566672128,-0.52270,-2.03347,0.05459,0.88170,-0.44329,0.15879,-0.02965,
1787040899633338880,-0.53954,-2.04038,0.06168,0.88692,-0.43076,0.16154,-0.04154,
1787040899700005888,-0.53558,-2.03862,0.06619,0.89005,-0.42218,0.16461,-0.04987,
1787040899833338880,-0.54118,-2.03432,0.06556,0.89252,-0.41144,0.17313,-0.06446,
1787040899900006912,-0.54644,-2.03007,0.06683,0.89594,-0.40191,0.17549,-0.07038,
1787040899966671872,-0.55044,-2.03310,0.06984,0.90082,-0.39084,0.17467,-0.07254,
1787040900100007168,-0.55512,-2.03312,0.07196,0.90915,-0.37173,0.17286,-0.07337,
1787040900833339904,-0.55119,-2.03383,0.06429,0.90353,-0.38662,0.17235,-0.06678,
1787040900966671872,-0.55062,-2.03194,0.06583,0.89747,-0.39935,0.17368,-0.07003,
1787040901100007168,-0.55226,-2.02939,0.06774,0.89198,-0.41395,0.16765,-0.07013,
1787040901233339136,-0.56012,-2.02756,0.06846,0.88989,-0.42525,0.15194,-0.06456,
1787040901366673920,-0.56520,-2.02038,0.06851,0.88323,-0.44240,0.14201,-0.06346,
1787040901500006912,-0.56244,-2.01586,0.06721,0.87768,-0.45463,0.13942,-0.05955,
1787040901833338112,-0.55779,-2.01124,0.06595,0.87394,-0.46246,0.14077,-0.05053,
